ISO-10303-21;
HEADER;
FILE_DESCRIPTION(('ViewDefinition [CoordinationView_V2.0]','Option [Elements to export: Visible elements (on all stories)]','Option [Partial Structure Display: Entire Model]','Option [IFC Domain: All]','Option [Structural Function: All Elements]','Option [Convert Grid elements: On]','Option [Convert IFC Annotations and Archicad 2D elements: Off]','Option [Convert 2D symbols of Doors and Windows: Off]','Option [Export geometries that Participates in Collision Detection only: Off]','Option [Split complex elements: Off]','Option [Material Preservation: Explode where necessary]','Option [Elements in Solid Element Operations: Extruded/revolved]','Option [Elements with junctions: Extruded/revolved without junctions]','Option [IFC Model position: Survey Point and Project Origin]','Option [Curtain Wall export mode: Container Element]','Option [Railing export mode: Single Element]','Option [Stair export mode: Container Element]','Option [Properties To Export: All properties]','Option [Space containment: Off]','Option [Geometry to type objects: Off]','Option [Element Properties: All]','Option [Building Material Properties: Off]','Option [Element Parameters: Off]','Option [Component Parameters: Off]','Option [IFC Base Quantities: Off]','Option [Door Window Parameters: On]','Option [IFC Space boundaries: Off]','Option [Archicad Zone Categories as IFC Space classification data: Off]','Option [Element Classifications: On]'),'2;1');
FILE_NAME('C:\\Users\\DGer\\Documents\\\X2\04220430044804300410043D044F\X0\\\\X2\043F043E04340434043E043D\X0\ \X2\0434043B044F\X0\ \X2\0446043204350442043E0432\X0\.ifc','2025-12-02T07:05:01',('Architect'),('Building Designer Office'),'DDS_IFC v3.0','Graphisoft - Archicad - 27.0.0','The authorising person');
FILE_SCHEMA(('IFC2X3'));
ENDSEC;
DATA;
#15=IFCCONVERSIONBASEDUNIT(#102,.PLANEANGLEUNIT.,'DEGREE',#103);
#14=IFCSIUNIT(*,.VOLUMEUNIT.,$,.CUBIC_METRE.);
#13=IFCSIUNIT(*,.AREAUNIT.,$,.SQUARE_METRE.);
#12=IFCSIUNIT(*,.LENGTHUNIT.,.MILLI.,.METRE.);
#11=IFCGEOMETRICREPRESENTATIONSUBCONTEXT('Axis','Model',*,*,*,*,#3,$,.MODEL_VIEW.,$);
#10=IFCGEOMETRICREPRESENTATIONSUBCONTEXT('Body','Model',*,*,*,*,#3,$,.MODEL_VIEW.,$);
#9=IFCDIRECTION((0.,1.));
#8=IFCAXIS2PLACEMENT3D(#30,#31,#32);
#7=IFCAPPLICATION(#29,'27.0.0','Archicad 27.0.0 (6080) RUS FULL','Archicad');
#6=IFCPERSONANDORGANIZATION(#27,#28,$);
#5=IFCRELAGGREGATES('0Du7$nzQXCktKlPUTLFSAT',#2,$,$,#1,(#26));
#4=IFCUNITASSIGNMENT((#12,#13,#14,#15,#16,#17,#18,#19,#20,#21,#22,#23,#24,#25));
#3=IFCGEOMETRICREPRESENTATIONCONTEXT($,'Model',3,0.01,#8,#9);
#2=IFCOWNERHISTORY(#6,#7,$,.NOCHANGE.,$,$,$,1764648300);
#1=IFCPROJECT('344O7vICcwH8qAEnwJDjSU',#2,'\X2\041F0440043E0435043A0442\X0\',$,$,$,$,(#3),#4);
#30=IFCCARTESIANPOINT((0.,0.,0.));
#31=IFCDIRECTION((0.,0.,1.));
#29=IFCORGANIZATION('GS','Graphisoft',$,$,$);
#28=IFCORGANIZATION($,'\X2\041D0435\X0\ \X2\043E043F0440043504340435043B0435043D\X0\',$,$,$);
#27=IFCPERSON($,'\X2\041D0435\X0\ \X2\043E043F0440043504340435043B0435043D\X0\',$,$,$,$,$,$);
#26=IFCSITE('20FpTZCqJy2vhVJYtjuIce',#2,'\X2\041C043504410442043D043E04410442044C\X0\',$,$,#116,$,$,.ELEMENT.,(55,45,0,0),(37,35,0,0),0.,$,$);
#25=IFCDERIVEDUNIT((#114,#115),.MASSDENSITYUNIT.,$);
#24=IFCDERIVEDUNIT((#111,#112,#113),.SPECIFICHEATCAPACITYUNIT.,$);
#23=IFCDERIVEDUNIT((#108,#109,#110),.THERMALCONDUCTANCEUNIT.,$);
#22=IFCSIUNIT(*,.ENERGYUNIT.,.MEGA.,.JOULE.);
#21=IFCSIUNIT(*,.LUMINOUSINTENSITYUNIT.,$,.LUMEN.);
#20=IFCSIUNIT(*,.THERMODYNAMICTEMPERATUREUNIT.,$,.DEGREE_CELSIUS.);
#19=IFCSIUNIT(*,.MASSUNIT.,.KILO.,.GRAM.);
#18=IFCCONVERSIONBASEDUNIT(#106,.TIMEUNIT.,'Year',#107);
#17=IFCMONETARYUNIT(.RUR.);
#16=IFCCONVERSIONBASEDUNIT(#104,.SOLIDANGLEUNIT.,'SQUAREDEGREE',#105);
#32=IFCDIRECTION((1.,0.,0.));
#33=IFCSHAPEREPRESENTATION(#10,'Body','Brep',(#118,#119,#120,#121,#122,#123,#124,#125,#126,#127,#128,#129,#130));
#34=IFCSHAPEREPRESENTATION(#10,'Body','Brep',(#118,#119,#120,#121,#122,#123,#124,#125,#126,#127,#128,#129,#130));
#35=IFCSHAPEREPRESENTATION(#10,'Body','SweptSolid',(#134));
#36=IFCSTYLEDREPRESENTATION(#10,$,$,(#137));
#37=IFCSHAPEREPRESENTATION(#10,'Body','SweptSolid',(#139));
#38=IFCSHAPEREPRESENTATION(#10,'Body','SweptSolid',(#141));
#39=IFCSHAPEREPRESENTATION(#10,'Body','SweptSolid',(#143));
#40=IFCSHAPEREPRESENTATION(#10,'Body','SweptSolid',(#145));
#41=IFCSTYLEDREPRESENTATION(#10,$,$,(#148));
#42=IFCSHAPEREPRESENTATION(#10,'Body','Brep',(#150));
#43=IFCSHAPEREPRESENTATION(#10,'Body','Brep',(#150));
#44=IFCSTYLEDREPRESENTATION(#10,$,$,(#154));
#45=IFCSHAPEREPRESENTATION(#10,'Body','Brep',(#156));
#46=IFCSHAPEREPRESENTATION(#10,'Body','Brep',(#156));
#47=IFCSHAPEREPRESENTATION(#10,'Body','Brep',(#159));
#48=IFCSHAPEREPRESENTATION(#10,'Body','Brep',(#159));
#49=IFCSHAPEREPRESENTATION(#10,'Body','Brep',(#162));
#50=IFCSHAPEREPRESENTATION(#10,'Body','Brep',(#162));
#51=IFCSHAPEREPRESENTATION(#10,'Body','Brep',(#165));
#52=IFCSHAPEREPRESENTATION(#10,'Body','Brep',(#165));
#53=IFCSHAPEREPRESENTATION(#10,'Body','Brep',(#168));
#54=IFCSHAPEREPRESENTATION(#10,'Body','Brep',(#168));
#55=IFCSHAPEREPRESENTATION(#10,'Body','Brep',(#171));
#56=IFCSHAPEREPRESENTATION(#10,'Body','Brep',(#171));
#57=IFCSHAPEREPRESENTATION(#10,'Body','Brep',(#174));
#59=IFCSHAPEREPRESENTATION(#10,'Body','Brep',(#176));
#60=IFCSHAPEREPRESENTATION(#10,'Body','Brep',(#176));
#58=IFCSHAPEREPRESENTATION(#10,'Body','Brep',(#174));
#61=IFCSHAPEREPRESENTATION(#10,'Body','Brep',(#180));
#62=IFCSHAPEREPRESENTATION(#10,'Body','Brep',(#180));
#63=IFCSHAPEREPRESENTATION(#10,'Body','Brep',(#183));
#64=IFCSHAPEREPRESENTATION(#10,'Body','Brep',(#183));
#65=IFCSHAPEREPRESENTATION(#10,'Body','Brep',(#186));
#67=IFCSHAPEREPRESENTATION(#10,'Body','Brep',(#188));
#66=IFCSHAPEREPRESENTATION(#10,'Body','Brep',(#186));
#68=IFCSHAPEREPRESENTATION(#10,'Body','Brep',(#188));
#69=IFCSHAPEREPRESENTATION(#10,'Body','Brep',(#192));
#71=IFCSHAPEREPRESENTATION(#10,'Body','Brep',(#194));
#70=IFCSHAPEREPRESENTATION(#10,'Body','Brep',(#192));
#72=IFCSHAPEREPRESENTATION(#10,'Body','Brep',(#194));
#73=IFCSHAPEREPRESENTATION(#10,'Body','Brep',(#198));
#75=IFCSHAPEREPRESENTATION(#10,'Body','Brep',(#200));
#74=IFCSHAPEREPRESENTATION(#10,'Body','Brep',(#198));
#77=IFCSHAPEREPRESENTATION(#10,'Body','Brep',(#203));
#76=IFCSHAPEREPRESENTATION(#10,'Body','Brep',(#200));
#78=IFCSHAPEREPRESENTATION(#10,'Body','Brep',(#203));
#79=IFCSHAPEREPRESENTATION(#10,'Body','Brep',(#207));
#80=IFCSHAPEREPRESENTATION(#10,'Body','Brep',(#207));
#81=IFCSHAPEREPRESENTATION(#10,'Body','Brep',(#210));
#82=IFCSHAPEREPRESENTATION(#10,'Body','Brep',(#210));
#84=IFCSHAPEREPRESENTATION(#10,'Body','Brep',(#213));
#83=IFCSHAPEREPRESENTATION(#10,'Body','Brep',(#213));
#85=IFCSHAPEREPRESENTATION(#10,'Body','SweptSolid',(#216));
#86=IFCSHAPEREPRESENTATION(#10,'Body','SweptSolid',(#218,#219));
#87=IFCSHAPEREPRESENTATION(#10,'Body','SweptSolid',(#221));
#88=IFCSHAPEREPRESENTATION(#10,'Body','SweptSolid',(#223));
#89=IFCSHAPEREPRESENTATION(#10,'Body','SweptSolid',(#227));
#90=IFCSTYLEDREPRESENTATION(#10,$,$,(#226));
#91=IFCSHAPEREPRESENTATION(#10,'Body','SweptSolid',(#230,#232));
#93=IFCSHAPEREPRESENTATION(#10,'Body','Brep',(#234));
#92=IFCSHAPEREPRESENTATION(#10,'Body','Brep',(#234));
#94=IFCSHAPEREPRESENTATION(#10,'Body','SweptSolid',(#237));
#96=IFCSHAPEREPRESENTATION(#11,'Axis','Curve2D',(#241));
#95=IFCSTYLEDREPRESENTATION(#10,$,$,(#240));
#97=IFCSHAPEREPRESENTATION(#11,'Axis','Curve2D',(#243));
#98=IFCSHAPEREPRESENTATION(#11,'Axis','Curve2D',(#244));
#100=IFCSHAPEREPRESENTATION(#11,'Axis','Curve2D',(#245));
#99=IFCSHAPEREPRESENTATION(#11,'Axis','Curve2D',(#246));
#101=IFCSHAPEREPRESENTATION(#11,'Axis','Curve2D',(#247));
#102=IFCDIMENSIONALEXPONENTS(0,0,0,0,0,0,0);
#104=IFCDIMENSIONALEXPONENTS(0,0,0,0,0,0,0);
#103=IFCMEASUREWITHUNIT(IFCPLANEANGLEMEASURE(0.0174532925199433),#248);
#105=IFCMEASUREWITHUNIT(IFCPOSITIVELENGTHMEASURE(0.0003046174197867086),#249);
#106=IFCDIMENSIONALEXPONENTS(0,0,1,0,0,0,0);
#107=IFCMEASUREWITHUNIT(IFCTIMEMEASURE(31557600.),#250);
#108=IFCDERIVEDUNITELEMENT(#251,1);
#109=IFCDERIVEDUNITELEMENT(#252,-1);
#111=IFCDERIVEDUNITELEMENT(#253,1);
#110=IFCDERIVEDUNITELEMENT(#254,-1);
#112=IFCDERIVEDUNITELEMENT(#255,-1);
#113=IFCDERIVEDUNITELEMENT(#256,-1);
#114=IFCDERIVEDUNITELEMENT(#257,1);
#115=IFCDERIVEDUNITELEMENT(#258,-1);
#116=IFCLOCALPLACEMENT($,#259);
#118=IFCFACETEDBREP(#261);
#117=IFCRELAGGREGATES('2b_h_mYcGArd6glJG2Fmbt',#2,$,$,#26,(#263));
#119=IFCFACETEDBREP(#264);
#121=IFCFACETEDBREP(#266);
#120=IFCFACETEDBREP(#267);
#122=IFCFACETEDBREP(#270);
#124=IFCFACETEDBREP(#272);
#123=IFCFACETEDBREP(#275);
#125=IFCFACETEDBREP(#274);
#126=IFCFACETEDBREP(#277);
#127=IFCFACETEDBREP(#280);
#129=IFCFACETEDBREP(#282);
#128=IFCFACETEDBREP(#285);
#130=IFCFACETEDBREP(#284);
#132=IFCPRODUCTDEFINITIONSHAPE($,$,(#33));
#131=IFCPRESENTATIONLAYERASSIGNMENT('\X2\0418043D044204350440044C04350440\X0\ - \X2\041C043504310435043B044C\X0\',$,(#33),$);
#133=IFCSHAPEASPECT((#34),'Component','',.U.,#132);
#134=IFCEXTRUDEDAREASOLID(#289,#290,#291,565.);
#136=IFCPRODUCTDEFINITIONSHAPE($,$,(#35,#96));
#137=IFCSTYLEDITEM($,(#293),$);
#135=IFCPRESENTATIONLAYERASSIGNMENT('\X2\042104420435043D044B\X0\ \X2\043F043E04340434043E043D0430\X0\',$,(#35,#96,#37,#97,#38,#98,#39,#99,#85,#100,#87),$);
#138=IFCMATERIALDEFINITIONREPRESENTATION($,$,(#36),#297);
#139=IFCEXTRUDEDAREASOLID(#294,#295,#296,565.);
#140=IFCPRODUCTDEFINITIONSHAPE($,$,(#37,#97));
#141=IFCEXTRUDEDAREASOLID(#299,#300,#301,565.);
#142=IFCPRODUCTDEFINITIONSHAPE($,$,(#38,#98));
#143=IFCEXTRUDEDAREASOLID(#303,#304,#305,565.);
#144=IFCPRODUCTDEFINITIONSHAPE($,$,(#39,#99));
#145=IFCEXTRUDEDAREASOLID(#307,#308,#309,385.);
#146=IFCPRESENTATIONLAYERASSIGNMENT('\X2\042704350440043D043E0432043E0439\X0\ \X2\043F043E043B\X0\',$,(#40),$);
#147=IFCPRODUCTDEFINITIONSHAPE($,$,(#40));
#148=IFCSTYLEDITEM($,(#311),$);
#149=IFCMATERIALDEFINITIONREPRESENTATION($,$,(#41),#312);
#150=IFCFACETEDBREP(#313);
#152=IFCPRODUCTDEFINITIONSHAPE($,$,(#42));
#153=IFCSHAPEASPECT((#43),'\X2\04140435044004350432043E\X0\ - \X2\041F043E043B043E04320430044F\X0\ \X2\0414043E0441043A0430\X0\','',.U.,#152);
#151=IFCPRESENTATIONLAYERASSIGNMENT('\X2\041A043E043D0441044204400443043A044204380432\X0\ - \X2\041B043504410442043D04380446044B\X0\',$,(#42,#45,#47,#49,#51,#53,#55,#57,#59,#61,#63,#65,#67,#69,#71,#73,#75,#77,#79,#81,#83),$);
#154=IFCSTYLEDITEM($,(#316),$);
#156=IFCFACETEDBREP(#317);
#155=IFCMATERIALDEFINITIONREPRESENTATION($,$,(#44),#319);
#157=IFCPRODUCTDEFINITIONSHAPE($,$,(#45));
#159=IFCFACETEDBREP(#321);
#158=IFCSHAPEASPECT((#46),'\X2\04140435044004350432043E\X0\ - \X2\041F043E043B043E04320430044F\X0\ \X2\0414043E0441043A0430\X0\','',.U.,#157);
#160=IFCPRODUCTDEFINITIONSHAPE($,$,(#47));
#162=IFCFACETEDBREP(#324);
#163=IFCPRODUCTDEFINITIONSHAPE($,$,(#49));
#161=IFCSHAPEASPECT((#48),'\X2\04140435044004350432043E\X0\ - \X2\041F043E043B043E04320430044F\X0\ \X2\0414043E0441043A0430\X0\','',.U.,#160);
#165=IFCFACETEDBREP(#327);
#166=IFCPRODUCTDEFINITIONSHAPE($,$,(#51));
#164=IFCSHAPEASPECT((#50),'\X2\04140435044004350432043E\X0\ - \X2\041F043E043B043E04320430044F\X0\ \X2\0414043E0441043A0430\X0\','',.U.,#163);
#168=IFCFACETEDBREP(#330);
#167=IFCSHAPEASPECT((#52),'\X2\04140435044004350432043E\X0\ - \X2\041F043E043B043E04320430044F\X0\ \X2\0414043E0441043A0430\X0\','',.U.,#166);
#169=IFCPRODUCTDEFINITIONSHAPE($,$,(#53));
#171=IFCFACETEDBREP(#333);
#172=IFCPRODUCTDEFINITIONSHAPE($,$,(#55));
#170=IFCSHAPEASPECT((#54),'\X2\04140435044004350432043E\X0\ - \X2\041F043E043B043E04320430044F\X0\ \X2\0414043E0441043A0430\X0\','',.U.,#169);
#174=IFCFACETEDBREP(#336);
#173=IFCSHAPEASPECT((#56),'\X2\04140435044004350432043E\X0\ - \X2\041F043E043B043E04320430044F\X0\ \X2\0414043E0441043A0430\X0\','',.U.,#172);
#175=IFCPRODUCTDEFINITIONSHAPE($,$,(#57));
#176=IFCFACETEDBREP(#339);
#177=IFCPRODUCTDEFINITIONSHAPE($,$,(#59));
#178=IFCSHAPEASPECT((#60),'\X2\04140435044004350432043E\X0\ - \X2\041F043E043B043E04320430044F\X0\ \X2\0414043E0441043A0430\X0\','',.U.,#177);
#179=IFCSHAPEASPECT((#58),'\X2\04140435044004350432043E\X0\ - \X2\041F043E043B043E04320430044F\X0\ \X2\0414043E0441043A0430\X0\','',.U.,#175);
#180=IFCFACETEDBREP(#342);
#181=IFCPRODUCTDEFINITIONSHAPE($,$,(#61));
#183=IFCFACETEDBREP(#345);
#182=IFCSHAPEASPECT((#62),'\X2\04140435044004350432043E\X0\ - \X2\041F043E043B043E04320430044F\X0\ \X2\0414043E0441043A0430\X0\','',.U.,#181);
#184=IFCPRODUCTDEFINITIONSHAPE($,$,(#63));
#186=IFCFACETEDBREP(#348);
#185=IFCSHAPEASPECT((#64),'\X2\04140435044004350432043E\X0\ - \X2\041F043E043B043E04320430044F\X0\ \X2\0414043E0441043A0430\X0\','',.U.,#184);
#188=IFCFACETEDBREP(#350);
#189=IFCPRODUCTDEFINITIONSHAPE($,$,(#67));
#187=IFCPRODUCTDEFINITIONSHAPE($,$,(#65));
#190=IFCSHAPEASPECT((#66),'\X2\04140435044004350432043E\X0\ - \X2\041F043E043B043E04320430044F\X0\ \X2\0414043E0441043A0430\X0\','',.U.,#187);
#192=IFCFACETEDBREP(#354);
#191=IFCSHAPEASPECT((#68),'\X2\04140435044004350432043E\X0\ - \X2\041F043E043B043E04320430044F\X0\ \X2\0414043E0441043A0430\X0\','',.U.,#189);
#193=IFCPRODUCTDEFINITIONSHAPE($,$,(#69));
#194=IFCFACETEDBREP(#357);
#196=IFCSHAPEASPECT((#70),'\X2\04140435044004350432043E\X0\ - \X2\041F043E043B043E04320430044F\X0\ \X2\0414043E0441043A0430\X0\','',.U.,#193);
#195=IFCPRODUCTDEFINITIONSHAPE($,$,(#71));
#198=IFCFACETEDBREP(#360);
#197=IFCSHAPEASPECT((#72),'\X2\04140435044004350432043E\X0\ - \X2\041F043E043B043E04320430044F\X0\ \X2\0414043E0441043A0430\X0\','',.U.,#195);
#199=IFCPRODUCTDEFINITIONSHAPE($,$,(#73));
#200=IFCFACETEDBREP(#362);
#201=IFCPRODUCTDEFINITIONSHAPE($,$,(#75));
#203=IFCFACETEDBREP(#366);
#202=IFCSHAPEASPECT((#74),'\X2\04140435044004350432043E\X0\ - \X2\041F043E043B043E04320430044F\X0\ \X2\0414043E0441043A0430\X0\','',.U.,#199);
#204=IFCPRODUCTDEFINITIONSHAPE($,$,(#77));
#206=IFCSHAPEASPECT((#78),'\X2\04140435044004350432043E\X0\ - \X2\041F043E043B043E04320430044F\X0\ \X2\0414043E0441043A0430\X0\','',.U.,#204);
#205=IFCSHAPEASPECT((#76),'\X2\04140435044004350432043E\X0\ - \X2\041F043E043B043E04320430044F\X0\ \X2\0414043E0441043A0430\X0\','',.U.,#201);
#207=IFCFACETEDBREP(#369);
#208=IFCPRODUCTDEFINITIONSHAPE($,$,(#79));
#210=IFCFACETEDBREP(#372);
#211=IFCPRODUCTDEFINITIONSHAPE($,$,(#81));
#209=IFCSHAPEASPECT((#80),'\X2\04140435044004350432043E\X0\ - \X2\041F043E043B043E04320430044F\X0\ \X2\0414043E0441043A0430\X0\','',.U.,#208);
#213=IFCFACETEDBREP(#375);
#212=IFCSHAPEASPECT((#82),'\X2\04140435044004350432043E\X0\ - \X2\041F043E043B043E04320430044F\X0\ \X2\0414043E0441043A0430\X0\','',.U.,#211);
#215=IFCPRODUCTDEFINITIONSHAPE($,$,(#83));
#214=IFCSHAPEASPECT((#84),'\X2\04140435044004350432043E\X0\ - \X2\041F043E043B043E04320430044F\X0\ \X2\0414043E0441043A0430\X0\','',.U.,#215);
#217=IFCPRODUCTDEFINITIONSHAPE($,$,(#85,#100));
#216=IFCEXTRUDEDAREASOLID(#378,#379,#380,565.);
#218=IFCEXTRUDEDAREASOLID(#382,#383,#384,80.);
#219=IFCEXTRUDEDAREASOLID(#385,#386,#387,80.);
#220=IFCPRODUCTDEFINITIONSHAPE($,$,(#86));
#222=IFCPRODUCTDEFINITIONSHAPE($,$,(#87));
#221=IFCEXTRUDEDAREASOLID(#388,#389,#391,240.0000000000002);
#223=IFCEXTRUDEDAREASOLID(#393,#394,#395,80.);
#224=IFCPRESENTATIONLAYERASSIGNMENT('\X2\041A043E043D0441044204400443043A044204380432\X0\ - \X2\041F043504400435043A0440044B04420438044F\X0\',$,(#88,#92),$);
#225=IFCPRODUCTDEFINITIONSHAPE($,$,(#88));
#226=IFCSTYLEDITEM($,(#311),$);
#227=IFCEXTRUDEDAREASOLID(#397,#398,#399,4414.);
#229=IFCPRODUCTDEFINITIONSHAPE($,$,(#89,#101));
#228=IFCPRESENTATIONLAYERASSIGNMENT('\X2\041A043E043D0441044204400443043A044204380432\X0\ - \X2\042104420435043D044B\X0\ \X2\041D0435043D043504410443044904380435\X0\',$,(#89,#101),$);
#231=IFCMATERIALDEFINITIONREPRESENTATION($,$,(#90),#405);
#230=IFCEXTRUDEDAREASOLID(#402,#403,#404,500.);
#232=IFCEXTRUDEDAREASOLID(#406,#407,#408,500.);
#234=IFCFACETEDBREP(#409);
#233=IFCPRODUCTDEFINITIONSHAPE($,$,(#91));
#236=IFCPRODUCTDEFINITIONSHAPE($,$,(#92));
#235=IFCSHAPEASPECT((#93),'\X2\04160435043B04350437043E043104350442043E043D\X0\ - \X2\041A043E043D0441044204400443043A04460438043E043D043D044B0439\X0\','',.U.,#236);
#237=IFCEXTRUDEDAREASOLID(#413,#414,#415,130.3157909069282);
#238=IFCPRESENTATIONLAYERASSIGNMENT('\X2\041A043E043D0441044204400443043A044204380432\X0\ - \X2\04110430043B043A0438\X0\',$,(#94),$);
#240=IFCSTYLEDITEM($,(#417),$);
#241=IFCPOLYLINE((#418,#419));
#242=IFCMATERIALDEFINITIONREPRESENTATION($,$,(#95),#420);
#239=IFCPRODUCTDEFINITIONSHAPE($,$,(#94));
#244=IFCPOLYLINE((#423,#424));
#243=IFCPOLYLINE((#422,#425));
#245=IFCPOLYLINE((#427,#428));
#246=IFCPOLYLINE((#426,#429));
#247=IFCPOLYLINE((#430,#431));
#249=IFCSIUNIT(*,.SOLIDANGLEUNIT.,$,.STERADIAN.);
#248=IFCSIUNIT(*,.PLANEANGLEUNIT.,$,.RADIAN.);
#250=IFCSIUNIT(*,.TIMEUNIT.,$,.SECOND.);
#251=IFCSIUNIT(*,.POWERUNIT.,$,.WATT.);
#253=IFCSIUNIT(*,.ENERGYUNIT.,$,.JOULE.);
#252=IFCSIUNIT(*,.LENGTHUNIT.,$,.METRE.);
#255=IFCSIUNIT(*,.MASSUNIT.,.KILO.,.GRAM.);
#254=IFCSIUNIT(*,.THERMODYNAMICTEMPERATUREUNIT.,$,.KELVIN.);
#257=IFCSIUNIT(*,.MASSUNIT.,.KILO.,.GRAM.);
#256=IFCSIUNIT(*,.THERMODYNAMICTEMPERATUREUNIT.,$,.KELVIN.);
#258=IFCSIUNIT(*,.VOLUMEUNIT.,$,.CUBIC_METRE.);
#259=IFCAXIS2PLACEMENT3D(#432,#433,#434);
#261=IFCCLOSEDSHELL((#435,#436,#437,#438,#439,#440));
#262=IFCSTYLEDITEM(#118,(#441),$);
#260=IFCLOCALPLACEMENT(#116,#442);
#264=IFCCLOSEDSHELL((#444,#445,#446,#447,#448,#449));
#265=IFCSTYLEDITEM(#119,(#441),$);
#263=IFCBUILDING('00tMo7QcxqWdIGvc4sMN2A',#2,'\X2\041704340430043D04380435\X0\',$,$,#260,$,$,.ELEMENT.,$,$,$);
#266=IFCCLOSEDSHELL((#453,#454,#455,#458,#459,#460));
#267=IFCCLOSEDSHELL((#451,#452,#456,#457,#461,#462));
#268=IFCSTYLEDITEM(#121,(#441),$);
#269=IFCSTYLEDITEM(#120,(#441),$);
#270=IFCCLOSEDSHELL((#463,#464,#465,#466,#467,#468));
#273=IFCSTYLEDITEM(#124,(#472),$);
#271=IFCSTYLEDITEM(#122,(#441),$);
#274=IFCCLOSEDSHELL((#473,#474,#475,#476,#477,#478,#479,#483,#484,#486,#489,#491,#492,#493,#497,#498,#499,#500,#501,#502,#503,#507,#509,#510,#511,#512,#517,#519,#520,#521,#522,#523,#524,#525,#528,#529,#530,#531,#532,#533,#534,#535,#536,#537,#542,#543,#544,#545,#546,#547,#548,#551,#552,#553,#554,#555,#556,#557,#558,#559,#560,#561,#562,#563,#564,#565,#566,#567,#568,#569,#570,#571,#572,#573,#574,#575,#576,#577,#578,#579,#580,#581,#582,#583,#584,#585,#586,#587,#588,#589,#590,#591,#592,#593,#594,#595,#596,#597,#598,#599,#600,#601));
#279=IFCSTYLEDITEM(#126,(#472),$);
#278=IFCSTYLEDITEM(#125,(#472),$);
#277=IFCCLOSEDSHELL((#611,#612,#613,#614,#630,#631,#632,#633,#634,#635,#636,#637,#638,#639,#640,#641,#642,#643,#644,#645,#646,#647,#648,#649,#650,#651,#652,#654,#663,#664,#665,#666,#667,#668,#669,#672,#673,#688,#689,#693,#694,#695,#696,#697,#716,#717,#718,#719,#720,#721,#722,#723,#724,#725,#726,#727,#728,#729,#730,#731,#732,#733,#734,#735,#736,#737,#738,#739,#740,#741,#742,#743,#744,#745,#746,#747,#748,#749,#750,#751,#752,#753,#754,#755,#756,#757,#758,#759,#760,#761,#762,#763,#764,#765,#766,#767,#768,#769,#770,#771,#772,#773));
#276=IFCSTYLEDITEM(#123,(#472),$);
#280=IFCCLOSEDSHELL((#774,#775,#776,#777,#778,#779,#780,#781,#782,#783,#784,#785,#786,#787,#788,#789,#790,#791,#792,#793,#794,#795,#796,#797,#798,#799,#800,#801,#802,#803,#804,#812,#813,#814,#815,#816,#817,#818,#826,#827,#830,#831,#832,#840,#843,#844,#845,#847,#848,#849,#850,#851,#852,#853,#854,#855,#856,#857,#858,#859,#860,#861,#862,#863,#868,#869,#870,#871,#872,#902,#903,#904,#908,#909,#910,#911,#912,#913,#914,#915,#916,#917,#918,#919,#920,#921,#922,#923,#924,#925,#926,#927,#928,#929,#930,#931,#932,#933,#934,#935,#936,#937,#938,#939,#940,#941,#942,#943,#944,#945,#946,#947,#948,#949));
#281=IFCSTYLEDITEM(#127,(#472),$);
#282=IFCCLOSEDSHELL((#950,#951,#952,#953,#954,#955,#956,#957,#958,#959,#960,#961,#962,#963,#964,#965,#966,#967,#968,#969,#970,#971,#972,#973,#974,#975,#976,#977,#978,#979,#980,#981,#982,#983,#984,#985,#986,#987,#988,#989,#990,#991,#992,#993,#994,#995,#996,#997,#998,#999,#1000,#1001,#1002,#1003,#1004,#1005,#1006,#1007,#1008,#1009,#1010,#1011,#1012,#1013,#1014,#1015,#1016,#1017,#1018,#1019,#1020,#1021,#1022,#1023,#1024,#1025,#1027,#1028,#1029,#1030,#1031,#1032,#1033,#1034,#1035,#1045,#1046,#1047,#1048,#1049,#1050,#1051,#1052,#1053,#1054,#1055,#1056,#1057,#1058,#1059,#1060,#1061,#1062,#1063,#1064,#1065,#1066,#1067,#1068,#1069,#1070,#1071,#1072,#1073,#1074,#1075,#1076,#1077,#1078,#1079,#1080,#1081,#1082,#1083,#1084,#1085,#1086,#1087,#1088,#1089,#1090,#1091,#1092,#1093,#1094,#1095,#1096,#1097,#1098,#1099,#1100,#1101));
#283=IFCSTYLEDITEM(#129,(#472),$);
#284=IFCCLOSEDSHELL((#1102,#1103,#1104,#1105,#1106,#1107,#1108,#1109,#1110,#1111,#1112,#1113,#1114,#1115,#1116,#1117,#1118,#1119,#1120,#1121,#1122,#1123,#1124,#1125,#1126,#1127,#1128,#1129,#1130,#1131,#1132,#1133,#1134,#1135,#1136,#1137,#1139,#1140,#1141,#1145,#1146,#1155,#1156,#1157,#1160,#1161,#1162,#1165,#1166,#1167,#1168,#1169,#1170,#1171,#1172,#1173,#1174,#1175,#1176,#1177,#1178,#1179,#1180,#1181,#1182,#1183,#1184,#1185,#1186,#1187,#1188,#1189,#1190,#1191,#1192,#1193,#1194,#1195,#1196,#1197,#1198,#1199,#1200,#1201,#1202,#1203,#1204,#1205,#1206,#1207,#1208,#1209,#1210,#1211,#1212,#1213,#1214,#1215,#1216,#1217,#1218,#1219,#1220,#1221,#1222,#1223,#1224,#1225,#1226,#1227,#1228,#1229,#1230,#1231,#1232,#1233,#1234,#1235,#1236,#1237,#1238,#1239,#1240,#1241,#1242,#1243,#1244,#1245,#1246,#1247,#1248,#1249,#1250,#1251,#1252,#1253,#1254,#1255,#1256,#1257,#1258,#1259));
#275=IFCCLOSEDSHELL((#490,#494,#495,#496,#653,#655,#656,#657,#658,#659,#660,#661,#662,#670,#671,#674,#675,#676,#677,#678,#679,#680,#681,#682,#683,#684,#685,#686,#687,#690,#691,#692,#698,#699,#700,#701,#702,#703,#704,#705,#706,#707,#708,#709,#710,#711,#712,#713,#714,#715,#805,#806,#807,#808,#809,#810,#811,#819,#820,#821,#822,#823,#824,#825,#828,#829,#833,#834,#835,#836,#837,#838,#839,#841,#842,#846,#1138,#1142,#1143,#1144,#1147,#1148,#1149,#1150,#1151,#1152,#1153,#1154,#1158,#1159,#1163,#1164,#1260,#1261,#1262,#1270,#1271,#1272,#1273,#1274,#1275,#1276));
#286=IFCSTYLEDITEM(#128,(#472),$);
#287=IFCSTYLEDITEM(#130,(#472),$);
#285=IFCCLOSEDSHELL((#1263,#1264,#1265,#1266,#1267,#1268,#1269,#1278,#1279,#1280,#1281,#1282,#1287,#1288,#1289,#1290,#1291,#1292,#1293,#1294,#1295,#1296,#1297,#1298,#1299,#1300,#1301,#1302,#1303,#1304,#1305,#1306,#1307,#1308,#1309,#1310,#1311,#1312,#1313,#1314,#1315,#1316,#1317,#1318,#1319,#1320,#1321,#1322,#1323,#1324,#1325,#1326,#1327,#1328,#1329,#1330,#1331,#1332,#1333,#1334,#1335,#1336,#1337,#1338,#1339,#1340,#1341,#1342,#1343,#1344,#1345,#1346,#1347,#1348,#1349,#1350,#1351,#1352,#1353,#1354,#1355,#1356,#1357,#1358,#1359,#1360,#1361,#1362,#1363,#1364,#1365,#1366,#1367,#1368,#1369,#1370,#1371,#1372,#1373,#1374,#1375,#1376,#1377,#1378,#1379,#1380,#1381,#1382,#1383,#1384,#1385,#1386,#1387,#1388));
#289=IFCARBITRARYCLOSEDPROFILEDEF(.AREA.,'',#1389);
#290=IFCAXIS2PLACEMENT3D(#1390,#1391,#1392);
#291=IFCDIRECTION((0.,0.,1.));
#292=IFCWALLSTANDARDCASE('0X1DW6qPHFv9BhP9knX3q$',#2,'\X2\04210422041D\X0\-003',$,$,#1393,#136,'2104D806-D194-4FE4-92EB-649BB1843D3F');
#293=IFCPRESENTATIONSTYLEASSIGNMENT((#1407));
#294=IFCARBITRARYCLOSEDPROFILEDEF(.AREA.,'',#1408);
#295=IFCAXIS2PLACEMENT3D(#1409,#1410,#1411);
#296=IFCDIRECTION((0.,0.,1.));
#288=IFCFURNISHINGELEMENT('0sGy762yH4zeiBMykCpg_X',#2,'\X2\041E0411\X0\-0001',$,$,#1277,#132,'3643C1C6-0BC4-44F6-8B0B-5BCB8CCEAFA1');
#297=IFCMATERIAL('\X2\04160435043B04350437043E043104350442043E043D\X0\ - \X2\041A043E043D0441044204400443043A04460438043E043D043D044B0439\X0\');
#299=IFCARBITRARYCLOSEDPROFILEDEF(.AREA.,'',#1417);
#300=IFCAXIS2PLACEMENT3D(#1419,#1420,#1421);
#298=IFCWALLSTANDARDCASE('3LIJ8y5avDCfwU5K7SCJhQ',#2,'\X2\04210422041D\X0\-004',$,$,#1418,#140,'D549323C-164E-4D32-9E9E-1541DC313ADA');
#301=IFCDIRECTION((0.,0.,1.));
#302=IFCWALLSTANDARDCASE('0jlhyCt5jECAnh6QyVKlvV',#2,'\X2\04210422041D\X0\-005',$,$,#1430,#142,'2DBEBF0C-DC5B-4E30-AC6B-19AF1F52FE5F');
#304=IFCAXIS2PLACEMENT3D(#1440,#1441,#1442);
#272=IFCCLOSEDSHELL((#469,#470,#471,#480,#481,#482,#485,#487,#488,#504,#505,#506,#508,#513,#514,#515,#516,#518,#526,#527,#538,#539,#540,#541,#549,#550,#602,#603,#604,#605,#606,#607,#608,#609,#610,#615,#616,#617,#618,#619,#620,#621,#622,#623,#624,#625,#626,#627,#628,#629,#864,#865,#866,#867,#873,#874,#875,#876,#877,#878,#879,#880,#881,#882,#883,#884,#885,#886,#887,#888,#889,#890,#891,#892,#893,#894,#895,#896,#897,#898,#899,#900,#901,#905,#906,#907,#1026,#1036,#1037,#1038,#1039,#1040,#1041,#1042,#1043,#1044,#1283,#1284,#1285,#1286,#1443,#1444));
#305=IFCDIRECTION((0.,0.,1.));
#303=IFCARBITRARYCLOSEDPROFILEDEF(.AREA.,'',#1445);
#307=IFCARBITRARYCLOSEDPROFILEDEF(.AREA.,'',#1449);
#308=IFCAXIS2PLACEMENT3D(#1447,#1448,#1450);
#309=IFCDIRECTION((0.,0.,1.));
#306=IFCWALLSTANDARDCASE('27zj1OIrj1bvdeWyDT6oFN',#2,'\X2\04210422041D\X0\-006',$,$,#1446,#144,'87F6D058-4B5B-4197-99E8-83C35D1B23D7');
#311=IFCPRESENTATIONSTYLEASSIGNMENT((#1459));
#312=IFCMATERIAL('\X2\041104350442043E043D\X0\ - \X2\041A043E043D0441044204400443043A04460438043E043D043D044B0439\X0\');
#314=IFCSTYLEDITEM(#150,(#316),$);
#313=IFCCLOSEDSHELL((#1460,#1461,#1462,#1463,#1464,#1466));
#316=IFCPRESENTATIONSTYLEASSIGNMENT((#1468));
#317=IFCCLOSEDSHELL((#1469,#1470,#1471,#1472,#1474,#1475));
#318=IFCSTYLEDITEM(#156,(#316),$);
#319=IFCMATERIAL('\X2\04140435044004350432043E\X0\ - \X2\041F043E043B043E04320430044F\X0\ \X2\0414043E0441043A0430\X0\');
#315=IFCBUILDINGELEMENTPROXY('0QdwAvDJ1FNeH90PwLCSMw',#2,'\X2\041F042004210422\X0\-001',$,$,#1467,#152,'1A9FA2B9-3530-4F5E-8449-019E9531C5BA',$);
#321=IFCCLOSEDSHELL((#1479,#1480,#1481,#1482,#1483,#1487));
#310=IFCSLAB('1tL56ML0X7$vnhwEzj0mMX',#2,'\X2\041F04150420\X0\-001',$,$,#1465,#147,'77545196-5408-47FF-9C6B-E8EF6D0305A1',.NOTDEFINED.);
#322=IFCSTYLEDITEM(#159,(#316),$);
#320=IFCBUILDINGELEMENTPROXY('0nEcaYHlf7YfPFrffMO9_P',#2,'\X2\041F042004210422\X0\-002',$,$,#1488,#157,'313A6922-46FA-478A-964F-D69A56609F99',$);
#323=IFCBUILDINGELEMENTPROXY('0ivm9TJRT5d9SEGczKjZwY',#2,'\X2\041F042004210422\X0\-003',$,$,#1496,#160,'2CE7025D-4DB7-459C-970E-426F54B63EA2',$);
#324=IFCCLOSEDSHELL((#1495,#1497,#1499,#1501,#1502,#1503));
#326=IFCBUILDINGELEMENTPROXY('3UKVBd3aH6KgwTE_EjqM27',#2,'\X2\041F042004210422\X0\-004',$,$,#1504,#163,'DE51F2E7-0E44-4652-AE9D-3BE3ADD16087',$);
#328=IFCSTYLEDITEM(#165,(#316),$);
#325=IFCSTYLEDITEM(#162,(#316),$);
#327=IFCCLOSEDSHELL((#1505,#1506,#1508,#1509,#1510,#1516));
#330=IFCCLOSEDSHELL((#1511,#1512,#1513,#1515,#1517,#1518));
#331=IFCSTYLEDITEM(#168,(#316),$);
#329=IFCBUILDINGELEMENTPROXY('0krMl0Bt53_Q3LRwTOMo08',#2,'\X2\041F042004210422\X0\-005',$,$,#1514,#166,'2ED56BC0-2F71-43F9-A0D5-6FA7585B2008',$);
#333=IFCCLOSEDSHELL((#1520,#1522,#1523,#1524,#1525,#1526));
#332=IFCBUILDINGELEMENTPROXY('2nLyczZfTBC8EpeX9zY1yR',#2,'\X2\041F042004210422\X0\-006',$,$,#1521,#169,'B157C9BD-8E97-4B30-83B3-A2127D881F1B',$);
#336=IFCCLOSEDSHELL((#1528,#1529,#1530,#1531,#1532,#1533));
#337=IFCSTYLEDITEM(#174,(#316),$);
#334=IFCSTYLEDITEM(#171,(#316),$);
#339=IFCCLOSEDSHELL((#1536,#1537,#1538,#1539,#1540,#1541));
#340=IFCSTYLEDITEM(#176,(#316),$);
#338=IFCBUILDINGELEMENTPROXY('3xzcRM6Q9Cb8kdKeEXcfad',#2,'\X2\041F042004210422\X0\-008',$,$,#1535,#175,'FBF666D6-19A2-4C94-8BA7-5283A19A9927',$);
#335=IFCBUILDINGELEMENTPROXY('3m7F6x8G55DeygF3gmxDT9',#2,'\X2\041F042004210422\X0\-007',$,$,#1534,#172,'F01CF1BB-2101-4536-8F2A-3C3AB0ECD749',$);
#341=IFCBUILDINGELEMENTPROXY('0cQ5zJLxz4iBGY1svFsR3C',#2,'\X2\041F042004210422\X0\-009',$,$,#1546,#177,'26685F53-57BF-44B0-B422-076E4FD9B0CC',$);
#342=IFCCLOSEDSHELL((#1544,#1545,#1547,#1548,#1549,#1551));
#345=IFCCLOSEDSHELL((#1552,#1553,#1554,#1555,#1556,#1557));
#346=IFCSTYLEDITEM(#183,(#316),$);
#344=IFCBUILDINGELEMENTPROXY('21c7gaTYP7rgpOXtQu7N8F',#2,'\X2\041F042004210422\X0\-010',$,$,#1558,#181,'81987AA4-7626-47D6-ACD8-8776B81D720F',$);
#348=IFCCLOSEDSHELL((#1560,#1561,#1562,#1563,#1565,#1566));
#347=IFCBUILDINGELEMENTPROXY('1aJArZ8Pf33u1BGfcdYljT',#2,'\X2\041F042004210422\X0\-011',$,$,#1564,#184,'644CAD63-219A-430F-804B-4299A78AFB5D',$);
#350=IFCCLOSEDSHELL((#1568,#1569,#1570,#1571,#1572,#1573));
#351=IFCSTYLEDITEM(#188,(#316),$);
#349=IFCSTYLEDITEM(#186,(#316),$);
#352=IFCBUILDINGELEMENTPROXY('0LPX1bpyz1aOIJOHVsH_HK',#2,'\X2\041F042004210422\X0\-013',$,$,#1574,#189,'15661065-CFCF-4191-8493-6117F647E454',$);
#354=IFCCLOSEDSHELL((#1576,#1577,#1578,#1579,#1580,#1581));
#355=IFCSTYLEDITEM(#192,(#316),$);
#353=IFCBUILDINGELEMENTPROXY('28YhoQ94jDCgfnvvonCPjm',#2,'\X2\041F042004210422\X0\-012',$,$,#1582,#187,'888ABC9A-244B-4D32-AA71-E79CB1319B70',$);
#357=IFCCLOSEDSHELL((#1585,#1586,#1587,#1588,#1589,#1590));
#358=IFCSTYLEDITEM(#194,(#316),$);
#359=IFCBUILDINGELEMENTPROXY('120KFgGrbB5wGE6taWip44',#2,'\X2\041F042004210422\X0\-015',$,$,#1591,#195,'420143EA-4359-4B17-A40E-1B7920B33104',$);
#360=IFCCLOSEDSHELL((#1593,#1594,#1595,#1596,#1597,#1598));
#356=IFCBUILDINGELEMENTPROXY('0ivlWx14HA8hbIknCtHj0Z',#2,'\X2\041F042004210422\X0\-014',$,$,#1584,#193,'2CE6F83B-0444-4A22-B952-BB133746D023',$);
#343=IFCSTYLEDITEM(#180,(#316),$);
#362=IFCCLOSEDSHELL((#1600,#1601,#1602,#1603,#1604,#1605));
#364=IFCSTYLEDITEM(#200,(#316),$);
#361=IFCSTYLEDITEM(#198,(#316),$);
#363=IFCBUILDINGELEMENTPROXY('1Jihi_5T5DZRViOjfr8Frq',#2,'\X2\041F042004210422\X0\-016',$,$,#1606,#199,'53B2BB3E-15D1-4D8D-B7EC-62DA7520FD74',$);
#367=IFCSTYLEDITEM(#203,(#316),$);
#365=IFCBUILDINGELEMENTPROXY('0qMIB5NjvDB8xvEDZZawgb',#2,'\X2\041F042004210422\X0\-017',$,$,#1611,#201,'345922C5-5EDE-4D2C-8EF9-38D8E393AAA5',$);
#369=IFCCLOSEDSHELL((#1613,#1614,#1615,#1616,#1617,#1618));
#370=IFCSTYLEDITEM(#207,(#316),$);
#368=IFCBUILDINGELEMENTPROXY('0zuy$T_N153g7TooDnD44E',#2,'\X2\041F042004210422\X0\-018',$,$,#1619,#204,'3DE3CFDD-F970-450E-A1DD-CB237134410E',$);
#371=IFCBUILDINGELEMENTPROXY('0xBRkGtpDF1OdRKieUBclJ',#2,'\X2\041F042004210422\X0\-019',$,$,#1620,#208,'3B2DBB90-DF33-4F05-89DB-52CA1E2E6BD3',$);
#373=IFCSTYLEDITEM(#210,(#316),$);
#372=IFCCLOSEDSHELL((#1622,#1623,#1624,#1626,#1628,#1629));
#374=IFCBUILDINGELEMENTPROXY('2U8s1WJjjFj8llokzDLKSG',#2,'\X2\041F042004210422\X0\-020',$,$,#1627,#211,'9E236060-4EDB-4FB4-8BEF-CAEF4D554710',$);
#376=IFCSTYLEDITEM(#213,(#316),$);
#375=IFCCLOSEDSHELL((#1630,#1631,#1632,#1633,#1634,#1636));
#378=IFCARBITRARYCLOSEDPROFILEDEF(.AREA.,'',#1637);
#379=IFCAXIS2PLACEMENT3D(#1639,#1640,#1641);
#377=IFCBUILDINGELEMENTPROXY('2_imTyw_H27PhJfttrNTMv',#2,'\X2\041F042004210422\X0\-021',$,$,#1638,#215,'BEB3077C-EBE4-421D-9AD3-A77DF55DD5B9',$);
#380=IFCDIRECTION((0.,0.,1.));
#382=IFCRECTANGLEPROFILEDEF(.AREA.,'',#1645,899.9999999999999,80.00000000000007);
#381=IFCWALLSTANDARDCASE('3$jVJiJ156DhBa01fyUBrE',#2,'\X2\04210422041D\X0\-003',$,$,#1643,#217,'FFB5F4EC-4C11-4636-B2E4-001A7C78BD4E');
#383=IFCAXIS2PLACEMENT3D(#1655,#1656,#1657);
#384=IFCDIRECTION((0.,0.,-1.));
#385=IFCRECTANGLEPROFILEDEF(.AREA.,'',#1658,899.9999999999999,80.00000000000007);
#386=IFCAXIS2PLACEMENT3D(#1659,#1660,#1661);
#387=IFCDIRECTION((0.,0.,-1.));
#389=IFCAXIS2PLACEMENT3D(#1663,#1664,#1665);
#388=IFCRECTANGLEPROFILEDEF(.AREA.,'',#1662,858.9999999999999,40.);
#366=IFCCLOSEDSHELL((#1607,#1609,#1610,#1666,#1667,#1668));
#391=IFCDIRECTION((0.,0.,-1.));
#393=IFCARBITRARYCLOSEDPROFILEDEF(.AREA.,'',#1669);
#394=IFCAXIS2PLACEMENT3D(#1671,#1672,#1673);
#390=IFCOPENINGELEMENT('0fApRNnT$avzYqm$esH2z2',#2,'\X2\041E041A\X0\-001',$,$,#1670,#220,'292B36D7-C5DF-E4E7-D8B4-C3FA36442F42');
#395=IFCDIRECTION((0.,0.,1.));
#397=IFCARBITRARYCLOSEDPROFILEDEF(.AREA.,'',#1676);
#392=IFCOPENINGELEMENT('0FjrgYfNPB9eEvfVU9zjsE',#2,'\X2\041E04220412\X0\-003',$,$,#1674,#222,'0FB75AA2-A576-4B26-83B9-A5F789F6DD8E');
#396=IFCSLAB('3E9tfkw_X9thlabWvehUKS',#2,'\X2\041F04150420\X0\-002',$,$,#1675,#225,'CE277A6E-EBE8-49DE-BBE4-960E68ADE51C',.NOTDEFINED.);
#399=IFCDIRECTION((0.,0.,1.));
#398=IFCAXIS2PLACEMENT3D(#1689,#1690,#1691);
#400=IFCSTYLEDITEM(#227,(#1692),$);
#403=IFCAXIS2PLACEMENT3D(#1693,#1694,#1695);
#404=IFCDIRECTION((0.,0.,-1.));
#402=IFCRECTANGLEPROFILEDEF(.AREA.,'',#1697,699.9999999999994,3000.);
#405=IFCMATERIAL('\X2\041104350442043E043D\X0\ \X2\041B04350433043A04380439\X0\');
#406=IFCRECTANGLEPROFILEDEF(.AREA.,'',#1706,699.9999999999994,3000.);
#401=IFCWALLSTANDARDCASE('0ZTn3t6gL2kvHn9Estru6R',#2,'\X2\04210422041D\X0\-004',$,$,#1696,#229,'237710F7-1AA5-42BB-9471-24EDB7D7819B');
#408=IFCDIRECTION((0.,0.,-1.));
#407=IFCAXIS2PLACEMENT3D(#1708,#1709,#1710);
#409=IFCCLOSEDSHELL((#1711,#1712,#1713,#1714,#1715,#1716,#1717));
#411=IFCOPENINGELEMENT('2CH0Bv$$3W5E9yEkeZ6yJ6',#2,'\X2\041E041A\X0\-003',$,$,#1718,#233,'8C4402F9-FFF0-E014-E27C-3AEA231BC4C6');
#410=IFCSTYLEDITEM(#234,(#293),$);
#413=IFCARBITRARYCLOSEDPROFILEDEF(.AREA.,'',#1719);
#414=IFCAXIS2PLACEMENT3D(#1720,#1721,#1722);
#415=IFCDIRECTION((0.,0.,1.));
#416=IFCSTYLEDITEM(#237,(#1726),$);
#417=IFCPRESENTATIONSTYLEASSIGNMENT((#1728));
#418=IFCCARTESIANPOINT((0.,0.));
#412=IFCSLAB('0YP4i_YgbFU9ZK7a$MiXLe',#2,'\X2\041F04150420\X0\-002',$,$,#1723,#236,'22644B3E-8AA9-4F78-98D4-1E4FD6B21568',.NOTDEFINED.);
#419=IFCCARTESIANPOINT((5244.,0.));
#422=IFCCARTESIANPOINT((0.,0.));
#420=IFCMATERIAL('\X2\041E0411042904180419\X0\ - \X2\041A041E041D0421042204200423041A042204180412041D042B0419\X0\');
#423=IFCCARTESIANPOINT((0.,0.));
#424=IFCCARTESIANPOINT((5244.,0.));
#425=IFCCARTESIANPOINT((1099.,0.));
#426=IFCCARTESIANPOINT((0.,0.));
#427=IFCCARTESIANPOINT((0.,0.));
#428=IFCCARTESIANPOINT((1099.,0.));
#430=IFCCARTESIANPOINT((0.,0.));
#429=IFCCARTESIANPOINT((1098.999999999998,0.));
#421=IFCBEAM('1$vq3DbcXCMB72JSVNTo5e',#2,'\X2\04120432043E0434\X0\ \X2\0432043E0434044B\X0\ (\X2\04420440044304310430\X0\ \X2\041F04120425\X0\ 25 \X2\043C043C\X0\) ',$,'BEAM',#1733,#239,'7FE740CD-9668-4C58-B1C2-4DC7D7772168');
#432=IFCCARTESIANPOINT((0.,0.,0.));
#431=IFCCARTESIANPOINT((15962.78563520551,0.));
#433=IFCDIRECTION((0.,0.,1.));
#434=IFCDIRECTION((1.,0.,0.));
#435=IFCFACE((#1742));
#436=IFCFACE((#1743));
#437=IFCFACE((#1744));
#438=IFCFACE((#1745));
#439=IFCFACE((#1746));
#441=IFCPRESENTATIONSTYLEASSIGNMENT((#1747));
#440=IFCFACE((#1748));
#442=IFCAXIS2PLACEMENT3D(#1749,#1750,#1751);
#443=IFCLOCALPLACEMENT(#260,#1752);
#444=IFCFACE((#1756));
#445=IFCFACE((#1755));
#446=IFCFACE((#1757));
#449=IFCFACE((#1758));
#447=IFCFACE((#1759));
#451=IFCFACE((#1760));
#448=IFCFACE((#1761));
#452=IFCFACE((#1762));
#453=IFCFACE((#1763));
#454=IFCFACE((#1764));
#455=IFCFACE((#1765));
#456=IFCFACE((#1766));
#457=IFCFACE((#1767));
#459=IFCFACE((#1768));
#460=IFCFACE((#1769));
#461=IFCFACE((#1770));
#462=IFCFACE((#1771));
#458=IFCFACE((#1772));
#464=IFCFACE((#1774));
#463=IFCFACE((#1773));
#465=IFCFACE((#1775));
#467=IFCFACE((#1776));
#468=IFCFACE((#1777));
#469=IFCFACE((#1778));
#470=IFCFACE((#1779));
#471=IFCFACE((#1781));
#466=IFCFACE((#1780));
#472=IFCPRESENTATIONSTYLEASSIGNMENT((#1782));
#473=IFCFACE((#1783));
#475=IFCFACE((#1784));
#476=IFCFACE((#1785));
#477=IFCFACE((#1786));
#492=IFCFACE((#1801));
#491=IFCFACE((#1800));
#490=IFCFACE((#1799));
#493=IFCFACE((#1802));
#488=IFCFACE((#1803));
#489=IFCFACE((#1798));
#487=IFCFACE((#1797));
#474=IFCFACE((#1796));
#486=IFCFACE((#1795));
#485=IFCFACE((#1794));
#484=IFCFACE((#1793));
#483=IFCFACE((#1792));
#482=IFCFACE((#1791));
#481=IFCFACE((#1790));
#480=IFCFACE((#1789));
#479=IFCFACE((#1788));
#478=IFCFACE((#1787));
#494=IFCFACE((#1804));
#495=IFCFACE((#1805));
#497=IFCFACE((#1806));
#496=IFCFACE((#1807));
#499=IFCFACE((#1808));
#500=IFCFACE((#1809));
#498=IFCFACE((#1810));
#501=IFCFACE((#1811));
#502=IFCFACE((#1812));
#503=IFCFACE((#1813));
#504=IFCFACE((#1814));
#506=IFCFACE((#1815));
#505=IFCFACE((#1816));
#507=IFCFACE((#1817));
#508=IFCFACE((#1818));
#509=IFCFACE((#1819));
#511=IFCFACE((#1820));
#510=IFCFACE((#1821));
#513=IFCFACE((#1822));
#514=IFCFACE((#1823));
#515=IFCFACE((#1824));
#516=IFCFACE((#1825));
#517=IFCFACE((#1826));
#512=IFCFACE((#1827));
#518=IFCFACE((#1828));
#519=IFCFACE((#1829));
#520=IFCFACE((#1830));
#521=IFCFACE((#1831));
#522=IFCFACE((#1832));
#523=IFCFACE((#1833));
#524=IFCFACE((#1834));
#525=IFCFACE((#1835));
#526=IFCFACE((#1836));
#527=IFCFACE((#1837));
#528=IFCFACE((#1838));
#529=IFCFACE((#1839));
#530=IFCFACE((#1840));
#531=IFCFACE((#1841));
#532=IFCFACE((#1842));
#533=IFCFACE((#1843));
#534=IFCFACE((#1844));
#535=IFCFACE((#1845));
#536=IFCFACE((#1846));
#538=IFCFACE((#1847));
#539=IFCFACE((#1848));
#537=IFCFACE((#1849));
#540=IFCFACE((#1850));
#541=IFCFACE((#1851));
#542=IFCFACE((#1852));
#543=IFCFACE((#1853));
#544=IFCFACE((#1854));
#545=IFCFACE((#1855));
#546=IFCFACE((#1856));
#548=IFCFACE((#1857));
#549=IFCFACE((#1858));
#550=IFCFACE((#1859));
#551=IFCFACE((#1860));
#552=IFCFACE((#1861));
#553=IFCFACE((#1862));
#554=IFCFACE((#1863));
#555=IFCFACE((#1864));
#547=IFCFACE((#1865));
#557=IFCFACE((#1866));
#556=IFCFACE((#1867));
#558=IFCFACE((#1868));
#559=IFCFACE((#1869));
#560=IFCFACE((#1870));
#562=IFCFACE((#1871));
#561=IFCFACE((#1872));
#563=IFCFACE((#1873));
#564=IFCFACE((#1874));
#565=IFCFACE((#1875));
#567=IFCFACE((#1876));
#568=IFCFACE((#1877));
#569=IFCFACE((#1878));
#566=IFCFACE((#1879));
#570=IFCFACE((#1880));
#572=IFCFACE((#1881));
#573=IFCFACE((#1882));
#571=IFCFACE((#1883));
#574=IFCFACE((#1884));
#575=IFCFACE((#1885));
#576=IFCFACE((#1886));
#578=IFCFACE((#1888));
#579=IFCFACE((#1889));
#577=IFCFACE((#1887));
#580=IFCFACE((#1890));
#581=IFCFACE((#1891));
#582=IFCFACE((#1892));
#583=IFCFACE((#1893));
#584=IFCFACE((#1894));
#585=IFCFACE((#1895));
#586=IFCFACE((#1896));
#587=IFCFACE((#1897));
#588=IFCFACE((#1898));
#589=IFCFACE((#1899));
#590=IFCFACE((#1900));
#591=IFCFACE((#1901));
#593=IFCFACE((#1902));
#594=IFCFACE((#1903));
#595=IFCFACE((#1904));
#596=IFCFACE((#1905));
#592=IFCFACE((#1906));
#598=IFCFACE((#1907));
#597=IFCFACE((#1908));
#599=IFCFACE((#1909));
#601=IFCFACE((#1910));
#602=IFCFACE((#1911));
#600=IFCFACE((#1912));
#604=IFCFACE((#1913));
#603=IFCFACE((#1914));
#605=IFCFACE((#1915));
#606=IFCFACE((#1916));
#607=IFCFACE((#1917));
#608=IFCFACE((#1918));
#609=IFCFACE((#1919));
#610=IFCFACE((#1920));
#612=IFCFACE((#1921));
#611=IFCFACE((#1922));
#614=IFCFACE((#1923));
#613=IFCFACE((#1924));
#616=IFCFACE((#1925));
#615=IFCFACE((#1926));
#617=IFCFACE((#1927));
#618=IFCFACE((#1928));
#619=IFCFACE((#1929));
#621=IFCFACE((#1930));
#620=IFCFACE((#1932));
#622=IFCFACE((#1931));
#623=IFCFACE((#1933));
#625=IFCFACE((#1934));
#624=IFCFACE((#1935));
#626=IFCFACE((#1936));
#627=IFCFACE((#1937));
#628=IFCFACE((#1938));
#629=IFCFACE((#1939));
#630=IFCFACE((#1940));
#631=IFCFACE((#1941));
#632=IFCFACE((#1942));
#634=IFCFACE((#1943));
#633=IFCFACE((#1945));
#636=IFCFACE((#1946));
#635=IFCFACE((#1944));
#637=IFCFACE((#1947));
#638=IFCFACE((#1948));
#639=IFCFACE((#1949));
#641=IFCFACE((#1951));
#640=IFCFACE((#1950));
#642=IFCFACE((#1952));
#643=IFCFACE((#1953));
#644=IFCFACE((#1954));
#646=IFCFACE((#1955));
#645=IFCFACE((#1956));
#647=IFCFACE((#1957));
#648=IFCFACE((#1958));
#649=IFCFACE((#1959));
#651=IFCFACE((#1960));
#652=IFCFACE((#1961));
#650=IFCFACE((#1962));
#653=IFCFACE((#1963));
#654=IFCFACE((#1964));
#655=IFCFACE((#1965));
#657=IFCFACE((#1966));
#658=IFCFACE((#1967));
#656=IFCFACE((#1968));
#659=IFCFACE((#1969));
#660=IFCFACE((#1970));
#661=IFCFACE((#1971));
#662=IFCFACE((#1972));
#663=IFCFACE((#1973));
#665=IFCFACE((#1974));
#666=IFCFACE((#1975));
#664=IFCFACE((#1976));
#667=IFCFACE((#1977));
#668=IFCFACE((#1978));
#669=IFCFACE((#1979));
#670=IFCFACE((#1980));
#671=IFCFACE((#1981));
#672=IFCFACE((#1982));
#673=IFCFACE((#1983));
#675=IFCFACE((#1984));
#676=IFCFACE((#1985));
#674=IFCFACE((#1986));
#678=IFCFACE((#1987));
#679=IFCFACE((#1988));
#677=IFCFACE((#1989));
#680=IFCFACE((#1990));
#681=IFCFACE((#1991));
#682=IFCFACE((#1992));
#683=IFCFACE((#1993));
#684=IFCFACE((#1994));
#686=IFCFACE((#1995));
#687=IFCFACE((#1996));
#688=IFCFACE((#1997));
#689=IFCFACE((#1998));
#690=IFCFACE((#1999));
#691=IFCFACE((#2000));
#692=IFCFACE((#2001));
#685=IFCFACE((#2002));
#693=IFCFACE((#2003));
#695=IFCFACE((#2004));
#694=IFCFACE((#2005));
#697=IFCFACE((#2006));
#696=IFCFACE((#2007));
#699=IFCFACE((#2008));
#698=IFCFACE((#2009));
#701=IFCFACE((#2011));
#700=IFCFACE((#2010));
#702=IFCFACE((#2012));
#703=IFCFACE((#2013));
#704=IFCFACE((#2014));
#706=IFCFACE((#2015));
#707=IFCFACE((#2016));
#705=IFCFACE((#2017));
#709=IFCFACE((#2018));
#710=IFCFACE((#2019));
#711=IFCFACE((#2020));
#712=IFCFACE((#2021));
#708=IFCFACE((#2022));
#713=IFCFACE((#2023));
#715=IFCFACE((#2024));
#716=IFCFACE((#2025));
#717=IFCFACE((#2026));
#718=IFCFACE((#2027));
#719=IFCFACE((#2028));
#720=IFCFACE((#2029));
#721=IFCFACE((#2030));
#722=IFCFACE((#2031));
#723=IFCFACE((#2032));
#724=IFCFACE((#2033));
#725=IFCFACE((#2034));
#714=IFCFACE((#2035));
#726=IFCFACE((#2036));
#728=IFCFACE((#2037));
#727=IFCFACE((#2038));
#729=IFCFACE((#2039));
#730=IFCFACE((#2040));
#731=IFCFACE((#2041));
#732=IFCFACE((#2042));
#733=IFCFACE((#2043));
#734=IFCFACE((#2044));
#735=IFCFACE((#2045));
#736=IFCFACE((#2046));
#737=IFCFACE((#2047));
#738=IFCFACE((#2048));
#450=IFCRELAGGREGATES('118jwqMnuwK1xuf97w7fU5',#2,$,$,#263,(#1753));
#739=IFCFACE((#2049));
#740=IFCFACE((#2050));
#741=IFCFACE((#2051));
#742=IFCFACE((#2052));
#744=IFCFACE((#2054));
#743=IFCFACE((#2053));
#745=IFCFACE((#2055));
#746=IFCFACE((#2056));
#747=IFCFACE((#2057));
#748=IFCFACE((#2058));
#749=IFCFACE((#2059));
#750=IFCFACE((#2060));
#751=IFCFACE((#2061));
#752=IFCFACE((#2062));
#753=IFCFACE((#2063));
#754=IFCFACE((#2064));
#755=IFCFACE((#2065));
#756=IFCFACE((#2066));
#757=IFCFACE((#2067));
#759=IFCFACE((#2069));
#760=IFCFACE((#2070));
#758=IFCFACE((#2068));
#761=IFCFACE((#2071));
#762=IFCFACE((#2072));
#764=IFCFACE((#2073));
#763=IFCFACE((#2074));
#765=IFCFACE((#2075));
#767=IFCFACE((#2076));
#766=IFCFACE((#2077));
#768=IFCFACE((#2078));
#769=IFCFACE((#2079));
#772=IFCFACE((#2080));
#771=IFCFACE((#2081));
#770=IFCFACE((#2082));
#773=IFCFACE((#2083));
#774=IFCFACE((#2084));
#776=IFCFACE((#2085));
#777=IFCFACE((#2086));
#775=IFCFACE((#2088));
#779=IFCFACE((#2087));
#780=IFCFACE((#2089));
#782=IFCFACE((#2091));
#778=IFCFACE((#2092));
#781=IFCFACE((#2090));
#783=IFCFACE((#2093));
#784=IFCFACE((#2094));
#785=IFCFACE((#2095));
#787=IFCFACE((#2096));
#788=IFCFACE((#2097));
#790=IFCFACE((#2098));
#791=IFCFACE((#2099));
#792=IFCFACE((#2101));
#789=IFCFACE((#2100));
#793=IFCFACE((#2102));
#794=IFCFACE((#2103));
#796=IFCFACE((#2104));
#797=IFCFACE((#2105));
#786=IFCFACE((#2106));
#798=IFCFACE((#2107));
#800=IFCFACE((#2108));
#801=IFCFACE((#2109));
#795=IFCFACE((#2110));
#802=IFCFACE((#2111));
#803=IFCFACE((#2112));
#804=IFCFACE((#2113));
#799=IFCFACE((#2114));
#805=IFCFACE((#2115));
#808=IFCFACE((#2116));
#807=IFCFACE((#2117));
#806=IFCFACE((#2120));
#810=IFCFACE((#2119));
#809=IFCFACE((#2118));
#811=IFCFACE((#2121));
#812=IFCFACE((#2122));
#815=IFCFACE((#2123));
#814=IFCFACE((#2124));
#816=IFCFACE((#2125));
#818=IFCFACE((#2126));
#813=IFCFACE((#2127));
#819=IFCFACE((#2128));
#821=IFCFACE((#2129));
#820=IFCFACE((#2130));
#822=IFCFACE((#2131));
#823=IFCFACE((#2132));
#825=IFCFACE((#2133));
#824=IFCFACE((#2134));
#827=IFCFACE((#2135));
#828=IFCFACE((#2136));
#826=IFCFACE((#2137));
#830=IFCFACE((#2139));
#829=IFCFACE((#2138));
#831=IFCFACE((#2140));
#833=IFCFACE((#2141));
#832=IFCFACE((#2142));
#834=IFCFACE((#2143));
#835=IFCFACE((#2144));
#836=IFCFACE((#2145));
#817=IFCFACE((#2147));
#837=IFCFACE((#2146));
#838=IFCFACE((#2148));
#839=IFCFACE((#2149));
#841=IFCFACE((#2150));
#842=IFCFACE((#2152));
#843=IFCFACE((#2153));
#844=IFCFACE((#2154));
#845=IFCFACE((#2155));
#846=IFCFACE((#2156));
#847=IFCFACE((#2157));
#848=IFCFACE((#2158));
#849=IFCFACE((#2159));
#850=IFCFACE((#2160));
#851=IFCFACE((#2161));
#852=IFCFACE((#2162));
#853=IFCFACE((#2163));
#854=IFCFACE((#2164));
#855=IFCFACE((#2165));
#857=IFCFACE((#2166));
#858=IFCFACE((#2167));
#859=IFCFACE((#2168));
#840=IFCFACE((#2151));
#860=IFCFACE((#2169));
#861=IFCFACE((#2170));
#862=IFCFACE((#2171));
#863=IFCFACE((#2172));
#864=IFCFACE((#2173));
#865=IFCFACE((#2174));
#866=IFCFACE((#2175));
#868=IFCFACE((#2176));
#867=IFCFACE((#2177));
#870=IFCFACE((#2178));
#871=IFCFACE((#2179));
#869=IFCFACE((#2180));
#873=IFCFACE((#2181));
#872=IFCFACE((#2182));
#874=IFCFACE((#2183));
#875=IFCFACE((#2184));
#876=IFCFACE((#2185));
#878=IFCFACE((#2186));
#877=IFCFACE((#2187));
#880=IFCFACE((#2188));
#881=IFCFACE((#2190));
#882=IFCFACE((#2191));
#883=IFCFACE((#2192));
#879=IFCFACE((#2189));
#884=IFCFACE((#2193));
#885=IFCFACE((#2194));
#887=IFCFACE((#2195));
#886=IFCFACE((#2196));
#888=IFCFACE((#2197));
#889=IFCFACE((#2198));
#890=IFCFACE((#2199));
#891=IFCFACE((#2200));
#892=IFCFACE((#2201));
#893=IFCFACE((#2202));
#856=IFCFACE((#2203));
#894=IFCFACE((#2204));
#895=IFCFACE((#2205));
#897=IFCFACE((#2206));
#896=IFCFACE((#2207));
#898=IFCFACE((#2208));
#900=IFCFACE((#2209));
#899=IFCFACE((#2210));
#902=IFCFACE((#2211));
#901=IFCFACE((#2212));
#903=IFCFACE((#2213));
#904=IFCFACE((#2214));
#905=IFCFACE((#2215));
#906=IFCFACE((#2216));
#907=IFCFACE((#2217));
#909=IFCFACE((#2218));
#910=IFCFACE((#2219));
#911=IFCFACE((#2220));
#912=IFCFACE((#2221));
#913=IFCFACE((#2222));
#908=IFCFACE((#2223));
#915=IFCFACE((#2224));
#916=IFCFACE((#2225));
#917=IFCFACE((#2226));
#918=IFCFACE((#2227));
#919=IFCFACE((#2228));
#920=IFCFACE((#2229));
#914=IFCFACE((#2230));
#921=IFCFACE((#2231));
#924=IFCFACE((#2232));
#923=IFCFACE((#2233));
#925=IFCFACE((#2234));
#922=IFCFACE((#2235));
#926=IFCFACE((#2236));
#927=IFCFACE((#2237));
#928=IFCFACE((#2238));
#930=IFCFACE((#2240));
#931=IFCFACE((#2241));
#929=IFCFACE((#2239));
#932=IFCFACE((#2242));
#933=IFCFACE((#2243));
#934=IFCFACE((#2244));
#935=IFCFACE((#2245));
#936=IFCFACE((#2246));
#938=IFCFACE((#2247));
#937=IFCFACE((#2248));
#939=IFCFACE((#2249));
#941=IFCFACE((#2250));
#942=IFCFACE((#2251));
#940=IFCFACE((#2252));
#944=IFCFACE((#2254));
#945=IFCFACE((#2255));
#946=IFCFACE((#2256));
#948=IFCFACE((#2257));
#943=IFCFACE((#2253));
#949=IFCFACE((#2258));
#950=IFCFACE((#2261));
#951=IFCFACE((#2260));
#947=IFCFACE((#2259));
#954=IFCFACE((#2263));
#953=IFCFACE((#2262));
#952=IFCFACE((#2264));
#956=IFCFACE((#2265));
#955=IFCFACE((#2266));
#957=IFCFACE((#2267));
#958=IFCFACE((#2268));
#959=IFCFACE((#2269));
#961=IFCFACE((#2270));
#962=IFCFACE((#2271));
#963=IFCFACE((#2272));
#965=IFCFACE((#2273));
#964=IFCFACE((#2274));
#966=IFCFACE((#2275));
#967=IFCFACE((#2276));
#960=IFCFACE((#2277));
#968=IFCFACE((#2278));
#970=IFCFACE((#2279));
#971=IFCFACE((#2280));
#972=IFCFACE((#2281));
#973=IFCFACE((#2282));
#969=IFCFACE((#2283));
#974=IFCFACE((#2284));
#975=IFCFACE((#2285));
#976=IFCFACE((#2286));
#977=IFCFACE((#2287));
#978=IFCFACE((#2288));
#980=IFCFACE((#2289));
#982=IFCFACE((#2291));
#981=IFCFACE((#2290));
#983=IFCFACE((#2292));
#985=IFCFACE((#2294));
#979=IFCFACE((#2293));
#984=IFCFACE((#2295));
#987=IFCFACE((#2296));
#986=IFCFACE((#2297));
#988=IFCFACE((#2298));
#989=IFCFACE((#2299));
#991=IFCFACE((#2300));
#992=IFCFACE((#2301));
#993=IFCFACE((#2303));
#990=IFCFACE((#2302));
#994=IFCFACE((#2304));
#996=IFCFACE((#2306));
#995=IFCFACE((#2305));
#998=IFCFACE((#2307));
#999=IFCFACE((#2308));
#1000=IFCFACE((#2309));
#997=IFCFACE((#2310));
#1001=IFCFACE((#2311));
#1002=IFCFACE((#2312));
#1004=IFCFACE((#2313));
#1003=IFCFACE((#2314));
#1005=IFCFACE((#2315));
#1006=IFCFACE((#2316));
#1008=IFCFACE((#2317));
#1010=IFCFACE((#2319));
#1007=IFCFACE((#2318));
#1011=IFCFACE((#2320));
#1012=IFCFACE((#2321));
#1013=IFCFACE((#2322));
#1014=IFCFACE((#2323));
#1015=IFCFACE((#2324));
#1017=IFCFACE((#2325));
#1016=IFCFACE((#2327));
#1018=IFCFACE((#2328));
#1020=IFCFACE((#2329));
#1019=IFCFACE((#2330));
#1021=IFCFACE((#2331));
#1022=IFCFACE((#2332));
#1023=IFCFACE((#2333));
#1009=IFCFACE((#2326));
#1024=IFCFACE((#2334));
#1025=IFCFACE((#2335));
#1026=IFCFACE((#2336));
#1027=IFCFACE((#2337));
#1028=IFCFACE((#2338));
#1030=IFCFACE((#2339));
#1032=IFCFACE((#2341));
#1029=IFCFACE((#2342));
#1031=IFCFACE((#2340));
#1033=IFCFACE((#2343));
#1035=IFCFACE((#2344));
#1036=IFCFACE((#2346));
#1034=IFCFACE((#2345));
#1037=IFCFACE((#2347));
#1038=IFCFACE((#2349));
#1040=IFCFACE((#2350));
#1039=IFCFACE((#2348));
#1041=IFCFACE((#2351));
#1044=IFCFACE((#2352));
#1043=IFCFACE((#2353));
#1046=IFCFACE((#2354));
#1047=IFCFACE((#2355));
#1048=IFCFACE((#2356));
#1049=IFCFACE((#2358));
#1045=IFCFACE((#2357));
#1050=IFCFACE((#2359));
#1051=IFCFACE((#2360));
#1053=IFCFACE((#2361));
#1054=IFCFACE((#2363));
#1052=IFCFACE((#2362));
#1055=IFCFACE((#2364));
#1056=IFCFACE((#2365));
#1058=IFCFACE((#2366));
#1057=IFCFACE((#2367));
#1059=IFCFACE((#2368));
#1060=IFCFACE((#2370));
#1042=IFCFACE((#2369));
#1063=IFCFACE((#2372));
#1061=IFCFACE((#2373));
#1065=IFCFACE((#2374));
#1066=IFCFACE((#2375));
#1067=IFCFACE((#2376));
#1064=IFCFACE((#2377));
#1062=IFCFACE((#2371));
#1069=IFCFACE((#2378));
#1070=IFCFACE((#2379));
#1068=IFCFACE((#2380));
#1072=IFCFACE((#2381));
#1073=IFCFACE((#2382));
#1074=IFCFACE((#2384));
#1075=IFCFACE((#2385));
#1071=IFCFACE((#2383));
#1076=IFCFACE((#2386));
#1077=IFCFACE((#2387));
#1078=IFCFACE((#2388));
#1080=IFCFACE((#2389));
#1081=IFCFACE((#2390));
#1082=IFCFACE((#2391));
#1083=IFCFACE((#2392));
#1084=IFCFACE((#2393));
#1085=IFCFACE((#2395));
#1079=IFCFACE((#2394));
#1086=IFCFACE((#2396));
#1087=IFCFACE((#2397));
#1088=IFCFACE((#2398));
#1090=IFCFACE((#2399));
#1089=IFCFACE((#2400));
#1092=IFCFACE((#2402));
#1091=IFCFACE((#2401));
#1093=IFCFACE((#2403));
#1095=IFCFACE((#2404));
#1094=IFCFACE((#2405));
#1097=IFCFACE((#2407));
#1098=IFCFACE((#2408));
#1099=IFCFACE((#2409));
#1096=IFCFACE((#2406));
#1100=IFCFACE((#2410));
#1102=IFCFACE((#2411));
#1101=IFCFACE((#2412));
#1104=IFCFACE((#2414));
#1103=IFCFACE((#2413));
#1106=IFCFACE((#2415));
#1105=IFCFACE((#2416));
#1107=IFCFACE((#2417));
#1108=IFCFACE((#2418));
#1109=IFCFACE((#2419));
#1110=IFCFACE((#2420));
#1111=IFCFACE((#2421));
#1112=IFCFACE((#2422));
#1113=IFCFACE((#2423));
#1115=IFCFACE((#2425));
#1114=IFCFACE((#2424));
#1116=IFCFACE((#2426));
#1117=IFCFACE((#2427));
#1118=IFCFACE((#2428));
#1120=IFCFACE((#2429));
#1121=IFCFACE((#2430));
#1122=IFCFACE((#2431));
#1123=IFCFACE((#2432));
#1124=IFCFACE((#2433));
#1125=IFCFACE((#2435));
#1119=IFCFACE((#2434));
#1126=IFCFACE((#2436));
#1127=IFCFACE((#2437));
#1129=IFCFACE((#2439));
#1130=IFCFACE((#2440));
#1128=IFCFACE((#2438));
#1131=IFCFACE((#2441));
#1132=IFCFACE((#2442));
#1133=IFCFACE((#2443));
#1134=IFCFACE((#2444));
#1136=IFCFACE((#2445));
#1135=IFCFACE((#2446));
#1138=IFCFACE((#2447));
#1137=IFCFACE((#2448));
#1139=IFCFACE((#2449));
#1141=IFCFACE((#2450));
#1142=IFCFACE((#2451));
#1140=IFCFACE((#2452));
#1143=IFCFACE((#2453));
#1144=IFCFACE((#2454));
#1145=IFCFACE((#2456));
#1146=IFCFACE((#2455));
#1147=IFCFACE((#2457));
#1148=IFCFACE((#2458));
#1149=IFCFACE((#2459));
#1151=IFCFACE((#2460));
#1152=IFCFACE((#2461));
#1150=IFCFACE((#2463));
#1153=IFCFACE((#2462));
#1155=IFCFACE((#2465));
#1154=IFCFACE((#2464));
#1156=IFCFACE((#2466));
#1157=IFCFACE((#2467));
#1158=IFCFACE((#2468));
#1159=IFCFACE((#2469));
#1161=IFCFACE((#2471));
#1160=IFCFACE((#2470));
#1162=IFCFACE((#2472));
#1163=IFCFACE((#2473));
#1164=IFCFACE((#2474));
#1165=IFCFACE((#2475));
#1166=IFCFACE((#2476));
#1168=IFCFACE((#2478));
#1167=IFCFACE((#2477));
#1169=IFCFACE((#2479));
#1170=IFCFACE((#2480));
#1171=IFCFACE((#2481));
#1172=IFCFACE((#2482));
#1174=IFCFACE((#2483));
#1175=IFCFACE((#2484));
#1176=IFCFACE((#2485));
#1173=IFCFACE((#2486));
#1177=IFCFACE((#2488));
#1178=IFCFACE((#2487));
#1192=IFCFACE((#2503));
#1194=IFCFACE((#2502));
#1193=IFCFACE((#2501));
#1191=IFCFACE((#2500));
#1190=IFCFACE((#2499));
#1196=IFCFACE((#2505));
#1183=IFCFACE((#2506));
#1189=IFCFACE((#2498));
#1188=IFCFACE((#2497));
#1187=IFCFACE((#2496));
#1186=IFCFACE((#2495));
#1185=IFCFACE((#2494));
#1184=IFCFACE((#2493));
#1182=IFCFACE((#2492));
#1181=IFCFACE((#2491));
#1179=IFCFACE((#2489));
#1180=IFCFACE((#2490));
#1198=IFCFACE((#2507));
#1199=IFCFACE((#2509));
#1197=IFCFACE((#2508));
#1200=IFCFACE((#2510));
#1201=IFCFACE((#2511));
#1202=IFCFACE((#2512));
#1203=IFCFACE((#2513));
#1205=IFCFACE((#2514));
#1206=IFCFACE((#2515));
#1207=IFCFACE((#2516));
#1208=IFCFACE((#2517));
#1209=IFCFACE((#2518));
#1210=IFCFACE((#2519));
#1211=IFCFACE((#2520));
#1212=IFCFACE((#2521));
#1213=IFCFACE((#2522));
#1214=IFCFACE((#2523));
#1215=IFCFACE((#2524));
#1216=IFCFACE((#2525));
#1217=IFCFACE((#2526));
#1218=IFCFACE((#2527));
#1219=IFCFACE((#2528));
#1220=IFCFACE((#2529));
#1221=IFCFACE((#2530));
#1222=IFCFACE((#2531));
#1223=IFCFACE((#2532));
#1224=IFCFACE((#2533));
#1225=IFCFACE((#2534));
#1226=IFCFACE((#2535));
#1227=IFCFACE((#2536));
#1228=IFCFACE((#2537));
#1229=IFCFACE((#2538));
#1230=IFCFACE((#2539));
#1231=IFCFACE((#2540));
#1232=IFCFACE((#2541));
#1233=IFCFACE((#2542));
#1234=IFCFACE((#2543));
#1235=IFCFACE((#2544));
#1236=IFCFACE((#2545));
#1237=IFCFACE((#2546));
#1238=IFCFACE((#2547));
#1239=IFCFACE((#2548));
#1240=IFCFACE((#2549));
#1241=IFCFACE((#2550));
#1242=IFCFACE((#2551));
#1243=IFCFACE((#2552));
#1244=IFCFACE((#2553));
#1204=IFCFACE((#2554));
#1245=IFCFACE((#2555));
#1246=IFCFACE((#2556));
#1247=IFCFACE((#2557));
#1248=IFCFACE((#2558));
#1250=IFCFACE((#2559));
#1251=IFCFACE((#2560));
#1249=IFCFACE((#2561));
#1253=IFCFACE((#2562));
#1254=IFCFACE((#2563));
#1255=IFCFACE((#2564));
#1256=IFCFACE((#2565));
#1257=IFCFACE((#2566));
#1258=IFCFACE((#2567));
#1259=IFCFACE((#2568));
#1260=IFCFACE((#2569));
#1261=IFCFACE((#2570));
#1252=IFCFACE((#2571));
#1262=IFCFACE((#2572));
#1264=IFCFACE((#2573));
#1265=IFCFACE((#2574));
#1266=IFCFACE((#2576));
#1263=IFCFACE((#2575));
#1267=IFCFACE((#2577));
#1268=IFCFACE((#2578));
#1270=IFCFACE((#2579));
#1271=IFCFACE((#2580));
#1269=IFCFACE((#2581));
#1273=IFCFACE((#2582));
#1272=IFCFACE((#2583));
#1274=IFCFACE((#2584));
#1275=IFCFACE((#2585));
#1276=IFCFACE((#2586));
#1278=IFCFACE((#2587));
#1277=IFCLOCALPLACEMENT(#443,#2588);
#1279=IFCFACE((#2589));
#1280=IFCFACE((#2590));
#1281=IFCFACE((#2591));
#1282=IFCFACE((#2592));
#1284=IFCFACE((#2593));
#1283=IFCFACE((#2594));
#1285=IFCFACE((#2595));
#1286=IFCFACE((#2596));
#1288=IFCFACE((#2597));
#1289=IFCFACE((#2598));
#1290=IFCFACE((#2599));
#1291=IFCFACE((#2600));
#1292=IFCFACE((#2601));
#1293=IFCFACE((#2602));
#1294=IFCFACE((#2603));
#1295=IFCFACE((#2604));
#1296=IFCFACE((#2605));
#1297=IFCFACE((#2606));
#1298=IFCFACE((#2607));
#1287=IFCFACE((#2608));
#1300=IFCFACE((#2609));
#1301=IFCFACE((#2610));
#1299=IFCFACE((#2611));
#1303=IFCFACE((#2612));
#1302=IFCFACE((#2613));
#1304=IFCFACE((#2614));
#1305=IFCFACE((#2615));
#1306=IFCFACE((#2616));
#1308=IFCFACE((#2617));
#1309=IFCFACE((#2619));
#1307=IFCFACE((#2618));
#1310=IFCFACE((#2620));
#1311=IFCFACE((#2621));
#1312=IFCFACE((#2622));
#1313=IFCFACE((#2623));
#1314=IFCFACE((#2624));
#1315=IFCFACE((#2625));
#1317=IFCFACE((#2627));
#1316=IFCFACE((#2626));
#1318=IFCFACE((#2628));
#1319=IFCFACE((#2629));
#1320=IFCFACE((#2630));
#1321=IFCFACE((#2631));
#1322=IFCFACE((#2632));
#1323=IFCFACE((#2633));
#1324=IFCFACE((#2634));
#1325=IFCFACE((#2635));
#1326=IFCFACE((#2636));
#1327=IFCFACE((#2637));
#1328=IFCFACE((#2638));
#1329=IFCFACE((#2639));
#1330=IFCFACE((#2640));
#1331=IFCFACE((#2641));
#1332=IFCFACE((#2642));
#1333=IFCFACE((#2643));
#1334=IFCFACE((#2644));
#1335=IFCFACE((#2645));
#1336=IFCFACE((#2646));
#1337=IFCFACE((#2647));
#1338=IFCFACE((#2648));
#1339=IFCFACE((#2649));
#1340=IFCFACE((#2650));
#1341=IFCFACE((#2651));
#1342=IFCFACE((#2652));
#1343=IFCFACE((#2653));
#1344=IFCFACE((#2654));
#1345=IFCFACE((#2655));
#1346=IFCFACE((#2656));
#1347=IFCFACE((#2657));
#1348=IFCFACE((#2658));
#1349=IFCFACE((#2659));
#1350=IFCFACE((#2660));
#1351=IFCFACE((#2661));
#1352=IFCFACE((#2662));
#1353=IFCFACE((#2663));
#1354=IFCFACE((#2664));
#1355=IFCFACE((#2665));
#1356=IFCFACE((#2666));
#1357=IFCFACE((#2667));
#1358=IFCFACE((#2668));
#1359=IFCFACE((#2669));
#1360=IFCFACE((#2670));
#1361=IFCFACE((#2671));
#1362=IFCFACE((#2672));
#1363=IFCFACE((#2673));
#1364=IFCFACE((#2674));
#1365=IFCFACE((#2675));
#1366=IFCFACE((#2676));
#1367=IFCFACE((#2677));
#1368=IFCFACE((#2678));
#1370=IFCFACE((#2679));
#1369=IFCFACE((#2680));
#1372=IFCFACE((#2681));
#1373=IFCFACE((#2682));
#1374=IFCFACE((#2683));
#1375=IFCFACE((#2684));
#1376=IFCFACE((#2685));
#1371=IFCFACE((#2686));
#1377=IFCFACE((#2687));
#1378=IFCFACE((#2688));
#1379=IFCFACE((#2689));
#1380=IFCFACE((#2690));
#1381=IFCFACE((#2691));
#1382=IFCFACE((#2692));
#1383=IFCFACE((#2693));
#1384=IFCFACE((#2694));
#1385=IFCFACE((#2695));
#1386=IFCFACE((#2696));
#1388=IFCFACE((#2697));
#1387=IFCFACE((#2698));
#1390=IFCCARTESIANPOINT((0.,0.,0.));
#1389=IFCPOLYLINE((#2699,#2700,#2701,#2702,#2699));
#1391=IFCDIRECTION((0.,0.,1.));
#1393=IFCLOCALPLACEMENT(#443,#2703);
#1392=IFCDIRECTION((1.,0.,0.));
#1394=IFCRELASSOCIATESMATERIAL('0_I130$A1LALXo6SxLk$nz',#2,$,$,(#292),#2704);
#1396=IFCRELDEFINESBYPROPERTIES('1A3ZL2aSYE2nxB_7_0Ued8',#2,$,$,(#292),#2705);
#1395=IFCRELASSOCIATESCLASSIFICATION('0WXNwAiOeRPbuQNdrCMs_i',#2,'\X2\041A043B043004410441043804440438043A043004460438044F\X0\ Archicad v 2.0',$,(#292,#298,#302,#306,#381,#401),#2706);
#1397=IFCRELDEFINESBYPROPERTIES('2WIbm_QlD5ttE1$OxDmDAm',#2,$,$,(#292),#2707);
#1398=IFCRELDEFINESBYPROPERTIES('3hP6qJux9IoyGzmKd7Auq$',#2,$,$,(#292),#2708);
#1399=IFCRELDEFINESBYPROPERTIES('3biednmQbacm68JD3d4PQv',#2,$,$,(#292),#2709);
#1400=IFCRELDEFINESBYPROPERTIES('1bsfaWhJBBO1IN347PLttm',#2,$,$,(#292),#2710);
#1401=IFCRELDEFINESBYPROPERTIES('3TQ$rkYa6bFcgvYx$6sUpf',#2,$,$,(#292),#2711);
#1402=IFCRELDEFINESBYTYPE('3dulB5mxGekjTxYHPq7kki',#2,$,$,(#292,#298,#302),#2712);
#1404=IFCRELCONNECTSPATHELEMENTS('0_Jfha5mrzCm$Lsln7xftm',#2,$,$,$,#298,#292,(),(),.ATEND.,.ATSTART.);
#1403=IFCRELCONNECTSPATHELEMENTS('37D$Hv1RnfustKHOqmbJjj',#2,$,$,$,#292,#381,(),(),.ATSTART.,.ATPATH.);
#1405=IFCRELCONNECTSPATHELEMENTS('0z3gzwsa2qfssZC67F5nrO',#2,$,$,$,#306,#292,(),(),.ATSTART.,.ATEND.);
#1406=IFCRELCONTAINEDINSPATIALSTRUCTURE('1_kTRPAIW$JFCSpK6Ynfgh',#2,$,$,(#288,#292,#298,#302,#306,#310,#2713,#381,#396,#401,#412,#421),#1753);
#1407=IFCSURFACESTYLE('\X2\041104350442043E043D\X0\ - 02',.BOTH.,(#2718));
#1408=IFCPOLYLINE((#2714,#2715,#2716,#2717,#2714));
#1410=IFCDIRECTION((0.,0.,1.));
#1409=IFCCARTESIANPOINT((0.,0.,0.));
#1411=IFCDIRECTION((1.,0.,0.));
#1413=IFCRELDEFINESBYPROPERTIES('32z_KuNW7vWTIysGJZ7HKE',#2,$,$,(#288),#2719);
#1412=IFCRELASSOCIATESCLASSIFICATION('1E0ZsS1Dw0nzgXp4z70$Nh',#2,'\X2\041A043B043004410441043804440438043A043004460438044F\X0\ Archicad v 2.0',$,(#288),#2720);
#1414=IFCRELDEFINESBYPROPERTIES('0q1oqVlcBli_IDoyQk9Cjy',#2,$,$,(#288),#2721);
#1416=IFCRELDEFINESBYTYPE('1$VnBOYAt723shaw3K_ivj',#2,$,$,(#288),#2722);
#1417=IFCPOLYLINE((#2723,#2724,#2725,#2726,#2723));
#1418=IFCLOCALPLACEMENT(#443,#2727);
#1415=IFCRELDEFINESBYPROPERTIES('2wEEEuER9HGrg0Xf2kYIiB',#2,$,$,(#288),#2728);
#1419=IFCCARTESIANPOINT((0.,0.,0.));
#1421=IFCDIRECTION((1.,0.,0.));
#1420=IFCDIRECTION((0.,0.,1.));
#1422=IFCRELASSOCIATESMATERIAL('1vyCCIFxkVa1QnPxV09I5o',#2,$,$,(#298),#2729);
#1423=IFCRELDEFINESBYPROPERTIES('2Kz6orzU2Wn_dfYB_PWJMU',#2,$,$,(#298),#2730);
#1424=IFCRELDEFINESBYPROPERTIES('2ZyV16__m7fXR3we6JzrvT',#2,$,$,(#298),#2731);
#1425=IFCRELDEFINESBYPROPERTIES('16CRvIl3zLhD9DhRmlp6M6',#2,$,$,(#298),#2732);
#1426=IFCRELDEFINESBYPROPERTIES('2IFc9DUxkpz_zeLteMsKpU',#2,$,$,(#298),#2733);
#1427=IFCRELDEFINESBYPROPERTIES('3SaFiJ4wie4P7cUhvDw$Cc',#2,$,$,(#298),#2734);
#1428=IFCRELDEFINESBYPROPERTIES('3rA2c0$zotUdFccLPRNFSc',#2,$,$,(#298),#2735);
#1430=IFCLOCALPLACEMENT(#443,#2736);
#1431=IFCRELASSOCIATESMATERIAL('2lTnxpWOFHzOR3MP9FdOys',#2,$,$,(#302),#2737);
#1432=IFCRELDEFINESBYPROPERTIES('3wERwC4gSW3v7JdLngtDm$',#2,$,$,(#302),#2738);
#1429=IFCRELCONNECTSPATHELEMENTS('0nDrUWuzgAcE6vr8OSbzbi',#2,$,$,$,#302,#298,(),(),.ATEND.,.ATSTART.);
#1433=IFCRELDEFINESBYPROPERTIES('15ps5nWiem9RAl1mq9ze2E',#2,$,$,(#302),#2739);
#1434=IFCRELDEFINESBYPROPERTIES('0Ldb4YjwUfCbLjOGfzr9Ly',#2,$,$,(#302),#2740);
#1435=IFCRELDEFINESBYPROPERTIES('3h1Cf1K1yO7aJxY_PTFKNS',#2,$,$,(#302),#2741);
#1436=IFCRELDEFINESBYPROPERTIES('02w$5j2Pme3z1alpeNI3TV',#2,$,$,(#302),#2742);
#1438=IFCRELCONNECTSPATHELEMENTS('1Y2gcx6aPgLgz1UUuoboja',#2,$,$,$,#302,#381,(),(),.ATEND.,.ATPATH.);
#1437=IFCRELDEFINESBYPROPERTIES('0KDtqHg3laNF7tPDRYsDf7',#2,$,$,(#302),#2743);
#1440=IFCCARTESIANPOINT((0.,0.,0.));
#1439=IFCRELCONNECTSPATHELEMENTS('16XGP5IBNerTJza0zIuXZo',#2,$,$,$,#306,#302,(),(),.ATEND.,.ATSTART.);
#1441=IFCDIRECTION((0.,0.,1.));
#1442=IFCDIRECTION((1.,0.,0.));
#1443=IFCFACE((#2744));
#1444=IFCFACE((#2745));
#1445=IFCPOLYLINE((#2746,#2747,#2748,#2750,#2746));
#1446=IFCLOCALPLACEMENT(#443,#2749);
#1447=IFCCARTESIANPOINT((0.,0.,-385.));
#1448=IFCDIRECTION((0.,0.,1.));
#1450=IFCDIRECTION((1.,0.,0.));
#1449=IFCPOLYLINE((#2751,#2752,#2753,#2754,#2751));
#1452=IFCRELDEFINESBYPROPERTIES('3fgIu3uXB7fjoxSV8PEmSI',#2,$,$,(#306),#2755);
#1451=IFCRELASSOCIATESMATERIAL('0eo3xXn94M9ofZifdaqqq0',#2,$,$,(#306),#2756);
#1453=IFCRELDEFINESBYPROPERTIES('1WEb$jzsoVj2ynUfywKxVl',#2,$,$,(#306),#2757);
#1454=IFCRELDEFINESBYPROPERTIES('2sTPqlPVT10zYQHFWhjscm',#2,$,$,(#306),#2758);
#1455=IFCRELDEFINESBYPROPERTIES('35E$F31KLveb$6GazehM6_',#2,$,$,(#306),#2759);
#1457=IFCRELDEFINESBYPROPERTIES('0qILLhFPK578oxzKIxixZR',#2,$,$,(#306),#2760);
#1456=IFCRELDEFINESBYPROPERTIES('0U2NP0wE44GdE2Z56XnL0p',#2,$,$,(#306),#2761);
#1458=IFCRELDEFINESBYTYPE('3QqN48kRO49Um1Hd6Mk4q8',#2,$,$,(#306),#2762);
#1460=IFCFACE((#2763));
#1459=IFCSURFACESTYLE('\X2\041104350442043E043D\X0\ - 04',.BOTH.,(#2764));
#1461=IFCFACE((#2765));
#1462=IFCFACE((#2766));
#1463=IFCFACE((#2767));
#1464=IFCFACE((#2768));
#1465=IFCLOCALPLACEMENT(#443,#2769);
#1466=IFCFACE((#2770));
#1467=IFCLOCALPLACEMENT(#1754,#2771);
#1468=IFCSURFACESTYLE('\X2\04140435044004350432043E\X0\ - \X2\041404430431\X0\ \X2\0421043204350442043B044B0439\X0\',.BOTH.,(#2772));
#1469=IFCFACE((#2773));
#1470=IFCFACE((#2774));
#1471=IFCFACE((#2775));
#1472=IFCFACE((#2776));
#1473=IFCRELAGGREGATES('0v6f9TuWa6qPMFXLujl75k',#2,$,$,#2713,(#315,#320,#323,#326,#329,#332,#335,#338,#341,#344,#347,#353,#352,#356,#359,#363,#365,#368,#371,#374,#377));
#1474=IFCFACE((#2777));
#1475=IFCFACE((#2778));
#1476=IFCRELASSOCIATESMATERIAL('0KHP7zOfglNweKQPlVeg70',#2,$,$,(#315,#320,#323,#326,#329,#332,#335,#338,#341,#344,#347,#353,#352,#356,#359,#363,#365,#368,#371,#374,#377),#319);
#1477=IFCRELDEFINESBYPROPERTIES('0jqTs0mULvf7OfZkkgFmDY',#2,$,$,(#315),#2779);
#1479=IFCFACE((#2780));
#1480=IFCFACE((#2781));
#1481=IFCFACE((#2782));
#1482=IFCFACE((#2783));
#1483=IFCFACE((#2784));
#1484=IFCRELASSOCIATESMATERIAL('3XAaL4Uzp6a0RhD$DQO5gf',#2,$,$,(#310),#2785);
#1478=IFCRELDEFINESBYTYPE('1xms_1sHiLd90sYj0uEoc7',#2,$,$,(#315,#320,#323,#326,#329,#332,#335,#338,#341,#344,#347,#353,#352,#356,#359,#363,#365,#368,#371,#374,#377),#2786);
#1485=IFCRELASSOCIATESCLASSIFICATION('3kLrGMIgiEreSvSR8RqnvW',#2,'\X2\041A043B043004410441043804440438043A043004460438044F\X0\ Archicad v 2.0',$,(#310,#396,#412),#2787);
#1487=IFCFACE((#2788));
#1486=IFCRELDEFINESBYPROPERTIES('23Q9mIbq3P$IYnJ4Mey35a',#2,$,$,(#310),#2789);
#1488=IFCLOCALPLACEMENT(#1754,#2790);
#1490=IFCRELDEFINESBYPROPERTIES('3Fs7Oszv3Q1HBgBDndWtMe',#2,$,$,(#310),#2791);
#1489=IFCRELDEFINESBYPROPERTIES('3JNAH_4tFKfwWoJvoJ4Fug',#2,$,$,(#310),#2792);
#1491=IFCRELDEFINESBYPROPERTIES('17EiS8noL9XOMlrha$1RZk',#2,$,$,(#310),#2793);
#1492=IFCRELDEFINESBYPROPERTIES('1AyIjyZNrPEhql1fxYNv1p',#2,$,$,(#310),#2794);
#1493=IFCRELDEFINESBYPROPERTIES('0zQFy1646bf6I6738zJwaz',#2,$,$,(#310),#2795);
#1495=IFCFACE((#2796));
#1494=IFCRELDEFINESBYTYPE('16q$0Z_f_xB2WGpUaK4P$2',#2,$,$,(#310),#2797);
#1497=IFCFACE((#2799));
#1496=IFCLOCALPLACEMENT(#1754,#2798);
#1499=IFCFACE((#2800));
#1498=IFCRELDEFINESBYPROPERTIES('1bwP1sWZghIShNqqWZfqRW',#2,$,$,(#320),#2801);
#1500=IFCRELDEFINESBYPROPERTIES('2zzU$mHpPcZVARxoIpxDIN',#2,$,$,(#323),#2802);
#1501=IFCFACE((#2803));
#1502=IFCFACE((#2804));
#1503=IFCFACE((#2805));
#1505=IFCFACE((#2806));
#1504=IFCLOCALPLACEMENT(#1754,#2807);
#1506=IFCFACE((#2808));
#1508=IFCFACE((#2809));
#1509=IFCFACE((#2810));
#1510=IFCFACE((#2811));
#1507=IFCRELDEFINESBYPROPERTIES('2Cj2NCPTqobJ6SA0WKO6dW',#2,$,$,(#326),#2812);
#1511=IFCFACE((#2813));
#1512=IFCFACE((#2814));
#1514=IFCLOCALPLACEMENT(#1754,#2815);
#1515=IFCFACE((#2816));
#1513=IFCFACE((#2817));
#1516=IFCFACE((#2818));
#1517=IFCFACE((#2819));
#1518=IFCFACE((#2820));
#1520=IFCFACE((#2821));
#1519=IFCRELDEFINESBYPROPERTIES('0vAjYNMadu$XzczloGlfNW',#2,$,$,(#329),#2822);
#1521=IFCLOCALPLACEMENT(#1754,#2823);
#1523=IFCFACE((#2824));
#1522=IFCFACE((#2825));
#1524=IFCFACE((#2826));
#1525=IFCFACE((#2827));
#1526=IFCFACE((#2828));
#1527=IFCRELDEFINESBYPROPERTIES('0jAfiMaRSsm1bS5rMpi87m',#2,$,$,(#332),#2829);
#1528=IFCFACE((#2830));
#1529=IFCFACE((#2831));
#1531=IFCFACE((#2832));
#1532=IFCFACE((#2833));
#1530=IFCFACE((#2834));
#1533=IFCFACE((#2835));
#1534=IFCLOCALPLACEMENT(#1754,#2836);
#1536=IFCFACE((#2837));
#1537=IFCFACE((#2838));
#1538=IFCFACE((#2839));
#1539=IFCFACE((#2840));
#1540=IFCFACE((#2841));
#1535=IFCLOCALPLACEMENT(#1754,#2842);
#1541=IFCFACE((#2843));
#1543=IFCRELDEFINESBYPROPERTIES('3RezAc1_2E2MVYzNyPI0sI',#2,$,$,(#338),#2844);
#1544=IFCFACE((#2846));
#1542=IFCRELDEFINESBYPROPERTIES('15ZRYO3nITNqGcEOdv767o',#2,$,$,(#335),#2845);
#1545=IFCFACE((#2847));
#1547=IFCFACE((#2848));
#1548=IFCFACE((#2849));
#1546=IFCLOCALPLACEMENT(#1754,#2850);
#1549=IFCFACE((#2851));
#1551=IFCFACE((#2852));
#1552=IFCFACE((#2853));
#1550=IFCRELDEFINESBYPROPERTIES('3idfSvdWBDw3Cp75cw0fRo',#2,$,$,(#341),#2854);
#1553=IFCFACE((#2855));
#1554=IFCFACE((#2856));
#1555=IFCFACE((#2857));
#1556=IFCFACE((#2858));
#1557=IFCFACE((#2859));
#1558=IFCLOCALPLACEMENT(#1754,#2860);
#1559=IFCRELDEFINESBYPROPERTIES('1MsAl_MBUe2eGbNsemOFMa',#2,$,$,(#344),#2861);
#1561=IFCFACE((#2862));
#1562=IFCFACE((#2863));
#1563=IFCFACE((#2865));
#1560=IFCFACE((#2864));
#1565=IFCFACE((#2867));
#1566=IFCFACE((#2868));
#1564=IFCLOCALPLACEMENT(#1754,#2866);
#1568=IFCFACE((#2869));
#1567=IFCRELDEFINESBYPROPERTIES('0tFatw$rbJMORlKNZ7xyz$',#2,$,$,(#347),#2870);
#1569=IFCFACE((#2871));
#1570=IFCFACE((#2872));
#1572=IFCFACE((#2873));
#1573=IFCFACE((#2874));
#1574=IFCLOCALPLACEMENT(#1754,#2875);
#1571=IFCFACE((#2876));
#1576=IFCFACE((#2877));
#1577=IFCFACE((#2878));
#1578=IFCFACE((#2879));
#1575=IFCRELDEFINESBYPROPERTIES('1Gv2_2G$fHhop1ensaGRQR',#2,$,$,(#352),#2880);
#1580=IFCFACE((#2881));
#1581=IFCFACE((#2882));
#1579=IFCFACE((#2883));
#1582=IFCLOCALPLACEMENT(#1754,#2884);
#1583=IFCRELDEFINESBYPROPERTIES('1QIc3oO2MEmeESnpIhuN4b',#2,$,$,(#353),#2885);
#1585=IFCFACE((#2886));
#1586=IFCFACE((#2887));
#1584=IFCLOCALPLACEMENT(#1754,#2888);
#1587=IFCFACE((#2889));
#1588=IFCFACE((#2890));
#1590=IFCFACE((#2891));
#1589=IFCFACE((#2892));
#1591=IFCLOCALPLACEMENT(#1754,#2893);
#1592=IFCRELDEFINESBYPROPERTIES('3y5JAlL$hMeXP1KnxfKGpH',#2,$,$,(#359),#2894);
#1593=IFCFACE((#2895));
#1594=IFCFACE((#2896));
#1596=IFCFACE((#2897));
#1597=IFCFACE((#2898));
#1598=IFCFACE((#2900));
#1595=IFCFACE((#2899));
#1600=IFCFACE((#2901));
#1599=IFCRELDEFINESBYPROPERTIES('2OamoOO96B7N53u0Eq3g4c',#2,$,$,(#356),#2902);
#1602=IFCFACE((#2903));
#1601=IFCFACE((#2904));
#1603=IFCFACE((#2905));
#1605=IFCFACE((#2906));
#1604=IFCFACE((#2907));
#1607=IFCFACE((#2908));
#1606=IFCLOCALPLACEMENT(#1754,#2909);
#1609=IFCFACE((#2910));
#1608=IFCRELDEFINESBYPROPERTIES('2b3QP2G9g3RTlp4m_6WMWd',#2,$,$,(#363),#2911);
#1610=IFCFACE((#2912));
#1611=IFCLOCALPLACEMENT(#1754,#2913);
#1612=IFCRELDEFINESBYPROPERTIES('0TefcTjn9p2kU2ok1dAU4X',#2,$,$,(#365),#2914);
#1613=IFCFACE((#2915));
#1615=IFCFACE((#2916));
#1614=IFCFACE((#2917));
#1616=IFCFACE((#2918));
#1618=IFCFACE((#2919));
#1617=IFCFACE((#2920));
#1619=IFCLOCALPLACEMENT(#1754,#2921);
#1621=IFCRELDEFINESBYPROPERTIES('31PutahAde9yqY2LiyhLYk',#2,$,$,(#368),#2922);
#1622=IFCFACE((#2923));
#1620=IFCLOCALPLACEMENT(#1754,#2924);
#1623=IFCFACE((#2925));
#1624=IFCFACE((#2926));
#1625=IFCRELDEFINESBYPROPERTIES('3h2EoE1JSgbw4HKekmZd_9',#2,$,$,(#371),#2927);
#1640=IFCDIRECTION((0.,0.,1.));
#1642=IFCRELDEFINESBYPROPERTIES('34KSTkOjSG4wzvOLcXWeQJ',#2,$,$,(#377),#2944);
#1639=IFCCARTESIANPOINT((0.,0.,0.));
#1637=IFCPOLYLINE((#2939,#2940,#2941,#2942,#2939));
#1638=IFCLOCALPLACEMENT(#1754,#2943);
#1635=IFCRELDEFINESBYPROPERTIES('1G4lt5bDYiqGOu4cUOXRqN',#2,$,$,(#374),#2938);
#1641=IFCDIRECTION((1.,0.,0.));
#1636=IFCFACE((#2937));
#1634=IFCFACE((#2936));
#1632=IFCFACE((#2935));
#1633=IFCFACE((#2934));
#1631=IFCFACE((#2933));
#1630=IFCFACE((#2932));
#1629=IFCFACE((#2931));
#1628=IFCFACE((#2930));
#1627=IFCLOCALPLACEMENT(#1754,#2929);
#1626=IFCFACE((#2928));
#1643=IFCLOCALPLACEMENT(#443,#2945);
#1645=IFCAXIS2PLACEMENT2D(#2946,#2947);
#1644=IFCRELASSOCIATESMATERIAL('36WaAFAFKtSdRj3ZhwAGvq',#2,$,$,(#381),#2948);
#1646=IFCRELDEFINESBYPROPERTIES('10$nCnM9Miyn4nPI29pg37',#2,$,$,(#381),#2949);
#1647=IFCRELDEFINESBYPROPERTIES('1nTzRB$sdAkSr1C37gZ0Cr',#2,$,$,(#381),#2950);
#1648=IFCRELDEFINESBYPROPERTIES('3q_U3rLW38sfoX9HTeBuQh',#2,$,$,(#381),#2951);
#1650=IFCRELDEFINESBYPROPERTIES('1RB5EqqMk5O6r7sqgO3i0n',#2,$,$,(#381),#2952);
#1649=IFCRELDEFINESBYPROPERTIES('2GxQXMiWNhm$8DAMGgV27U',#2,$,$,(#381),#2953);
#1651=IFCRELDEFINESBYPROPERTIES('3UEUMRPfszCxo8EKq_4865',#2,$,$,(#381),#2954);
#1652=IFCRELDEFINESBYTYPE('2Iet2IlKsKgO9xh8MHohN7',#2,$,$,(#381),#2955);
#1653=IFCRELVOIDSELEMENT('2TyUSeQ7u4BeZKlH3E3F8F',#2,$,$,#381,#390);
#1654=IFCRELVOIDSELEMENT('1o_Auufw5HUw_iIreAaNtP',#2,$,$,#381,#392);
#1655=IFCCARTESIANPOINT((0.,-80.00000000000007,40.00000000000004));
#1656=IFCDIRECTION((0.,1.,0.));
#1657=IFCDIRECTION((1.,0.,0.));
#1658=IFCAXIS2PLACEMENT2D(#2956,#2957);
#1660=IFCDIRECTION((0.,-1.,0.));
#1659=IFCCARTESIANPOINT((0.,-80.00000000000007,40.00000000000004));
#1661=IFCDIRECTION((1.,0.,0.));
#1662=IFCAXIS2PLACEMENT2D(#2958,#2959);
#1664=IFCDIRECTION((1.,0.,0.));
#1663=IFCCARTESIANPOINT((-4664.,549.4999999999983,-285.));
#1665=IFCDIRECTION((0.,1.,0.));
#1666=IFCFACE((#2960));
#1668=IFCFACE((#2961));
#1667=IFCFACE((#2962));
#1670=IFCLOCALPLACEMENT(#1643,#2967);
#1669=IFCPOLYLINE((#2963,#2964,#2965,#2966,#2963));
#1671=IFCCARTESIANPOINT((0.,0.,-80.));
#1672=IFCDIRECTION((0.,0.,1.));
#1673=IFCDIRECTION((1.,0.,0.));
#1674=IFCLOCALPLACEMENT(#1643,#2968);
#1676=IFCPOLYLINE((#2969,#2970,#2971,#2972,#2969));
#1675=IFCLOCALPLACEMENT(#443,#2973);
#1678=IFCRELDEFINESBYPROPERTIES('2ppBzrIOir2JxlThITqyd$',#2,$,$,(#392),#2974);
#1677=IFCRELASSOCIATESCLASSIFICATION('1nZek_auUQzc0LL$DaP18J',#2,'\X2\041A043B043004410441043804440438043A043004460438044F\X0\ Archicad v 2.0',$,(#392),#2975);
#1679=IFCRELDEFINESBYPROPERTIES('2iyoEUnIfWouZc2gumytdJ',#2,$,$,(#392),#2976);
#1680=IFCRELDEFINESBYPROPERTIES('1QQhojvE1WQqOCtD7IRlNt',#2,$,$,(#392),#2977);
#1682=IFCRELDEFINESBYPROPERTIES('0YtjoUYT0ePW8VIo$h12dU',#2,$,$,(#396),#2978);
#1681=IFCRELASSOCIATESMATERIAL('2J1DK4aX5xVyMRKpnbLH4c',#2,$,$,(#396),#2979);
#1683=IFCRELDEFINESBYPROPERTIES('2L32Mg$tKWtWPFGGw$cQUS',#2,$,$,(#396),#2980);
#1684=IFCRELDEFINESBYPROPERTIES('1WNKEDqhe8XoZVRHJAdVj1',#2,$,$,(#396),#2981);
#1685=IFCRELDEFINESBYPROPERTIES('3K3y0pssFVlYqHTLu6LN5w',#2,$,$,(#396),#2982);
#1686=IFCRELDEFINESBYPROPERTIES('1AYSe6_GEfzo3ZqbAzUfm6',#2,$,$,(#396),#2983);
#1687=IFCRELDEFINESBYPROPERTIES('18QG2elA_Y25cEco16rTE8',#2,$,$,(#396),#2984);
#1688=IFCRELDEFINESBYTYPE('1KpKsVLRHNG4CYtKcgbQ1L',#2,$,$,(#396),#2985);
#1689=IFCCARTESIANPOINT((0.,0.,0.));
#1690=IFCDIRECTION((0.,0.,1.));
#1691=IFCDIRECTION((1.,0.,0.));
#1692=IFCPRESENTATIONSTYLEASSIGNMENT((#2986));
#1693=IFCCARTESIANPOINT((0.,0.,1500.));
#1694=IFCDIRECTION((0.,-1.,0.));
#1695=IFCDIRECTION((1.,0.,0.));
#1697=IFCAXIS2PLACEMENT2D(#2987,#2988);
#1696=IFCLOCALPLACEMENT(#443,#2989);
#1698=IFCRELASSOCIATESMATERIAL('0DkZg00jYj3tZOxUoWagbE',#2,$,$,(#401),#2990);
#1700=IFCRELDEFINESBYPROPERTIES('1GlX2J$bBgzdSZdb3zG7fi',#2,$,$,(#401),#2991);
#1699=IFCRELDEFINESBYPROPERTIES('1w6qEHnNsF8YWG8poda6XU',#2,$,$,(#401),#2992);
#1701=IFCRELDEFINESBYPROPERTIES('2vsQv38XjlHWKsYq$iglpl',#2,$,$,(#401),#2993);
#1702=IFCRELDEFINESBYPROPERTIES('1K8MSgYSRHL$8dt24KmapI',#2,$,$,(#401),#2994);
#1703=IFCRELDEFINESBYPROPERTIES('0d5U2CmjWCiNEMGplEIxAC',#2,$,$,(#401),#2995);
#1704=IFCRELDEFINESBYPROPERTIES('2J_J5Fr46_DGjB9U8Xec0h',#2,$,$,(#401),#2996);
#1705=IFCRELDEFINESBYTYPE('1gQ8PNR8xG1IcsEk5AKvc3',#2,$,$,(#401),#2997);
#1706=IFCAXIS2PLACEMENT2D(#2998,#2999);
#1707=IFCRELVOIDSELEMENT('3BSWiL01ZcmYDt3kqqh5M$',#2,$,$,#401,#411);
#1708=IFCCARTESIANPOINT((0.,0.,1500.));
#1709=IFCDIRECTION((0.,1.,0.));
#1710=IFCDIRECTION((1.,0.,0.));
#1711=IFCFACE((#3000));
#1712=IFCFACE((#3001));
#1713=IFCFACE((#3002));
#1714=IFCFACE((#3003));
#1715=IFCFACE((#3004));
#1716=IFCFACE((#3005));
#1717=IFCFACE((#3006));
#1718=IFCLOCALPLACEMENT(#1696,#3007);
#1720=IFCCARTESIANPOINT((0.,130.3157909069282,0.));
#1719=IFCCOMPOSITECURVE((#3008,#3009,#3010,#3011),.F.);
#1722=IFCDIRECTION((1.,0.,0.));
#1721=IFCDIRECTION((0.,-1.,0.));
#1723=IFCLOCALPLACEMENT(#443,#3012);
#1724=IFCRELASSOCIATESMATERIAL('1prswmCKtd8CDhgsEfCIVS',#2,$,$,(#412),#297);
#1725=IFCRELDEFINESBYPROPERTIES('3t7lfmTV70f3uv5iODPR_i',#2,$,$,(#412),#3013);
#1726=IFCPRESENTATIONSTYLEASSIGNMENT((#3014));
#1727=IFCRELDEFINESBYPROPERTIES('3WopEZuZ9vEE311YdPSKAR',#2,$,$,(#412),#3015);
#1728=IFCSURFACESTYLE('\X2\041A044004300441043A0430\X0\ - \X2\0421043204350442043B043E\X0\-\X2\0421043504400430044F\X0\',.BOTH.,(#3016));
#1729=IFCRELDEFINESBYPROPERTIES('1KEEJzh054F4eA$pX7NoC0',#2,$,$,(#412),#3017);
#1731=IFCRELDEFINESBYPROPERTIES('11X0HGg6gYs8W$gwGqADuL',#2,$,$,(#412),#3019);
#1730=IFCRELDEFINESBYPROPERTIES('0JQYlPnH0Q6y87_yedyPYR',#2,$,$,(#412),#3018);
#1733=IFCLOCALPLACEMENT(#443,#3020);
#1734=IFCRELASSOCIATESMATERIAL('3GcbYsPe8eCVub12U4PGw0',#2,$,$,(#421),#420);
#1732=IFCRELDEFINESBYTYPE('1l8rCbO2$Xmxs97TGTKQ3C',#2,$,$,(#412),#3021);
#1736=IFCRELDEFINESBYPROPERTIES('3jeLLXb_OFuGiKwEuGmJiv',#2,$,$,(#421),#3022);
#1735=IFCRELASSOCIATESCLASSIFICATION('06ihBf3YiuDMmKMVr4Hhxk',#2,'\X2\041A043B043004410441043804440438043A043004460438044F\X0\ Archicad v 2.0',$,(#421),#3023);
#1737=IFCRELDEFINESBYPROPERTIES('3CMjmU6tN3f4Sa1oVcYTIT',#2,$,$,(#421),#3024);
#1738=IFCRELDEFINESBYPROPERTIES('2KpdwG265ZVAfSjetdC$_i',#2,$,$,(#421),#3025);
#1740=IFCRELDEFINESBYPROPERTIES('1NUvublKoNbhFBgzA$WTMH',#2,$,$,(#421),#3026);
#1741=IFCRELDEFINESBYTYPE('1xAwiFo5Z3N5Qqppk9qRoD',#2,$,$,(#421),#3027);
#1739=IFCRELDEFINESBYPROPERTIES('3q4uS_dCjfF2PElpmGvssI',#2,$,$,(#421),#3028);
#1743=IFCFACEOUTERBOUND(#3030,.T.);
#1742=IFCFACEOUTERBOUND(#3029,.T.);
#1744=IFCFACEOUTERBOUND(#3031,.T.);
#1745=IFCFACEOUTERBOUND(#3032,.T.);
#1746=IFCFACEOUTERBOUND(#3033,.T.);
#1748=IFCFACEOUTERBOUND(#3034,.T.);
#1749=IFCCARTESIANPOINT((0.,0.,0.));
#1747=IFCSURFACESTYLE('\X2\04140435044004350432043E\X0\ - \X2\0421043E0441043D0430\X0\ \X2\041F0440043E0434043E043B044C043D0430044F\X0\ \X2\0413043E044004380437043E043D04420430043B044C043D0430044F\X0\',.BOTH.,(#3035));
#1750=IFCDIRECTION((0.,0.,1.));
#1751=IFCDIRECTION((1.,0.,0.));
#1752=IFCAXIS2PLACEMENT3D(#3036,#3037,#3038);
#1754=IFCLOCALPLACEMENT(#443,#3039);
#1755=IFCFACEOUTERBOUND(#3040,.T.);
#1756=IFCFACEOUTERBOUND(#3041,.T.);
#1753=IFCBUILDINGSTOREY('2hCIFQDZb3qP5aCEN$PFIl',#2,'1-\X2\0439\X0\ \X2\044D044204300436\X0\',$,$,#443,$,$,.ELEMENT.,0.);
#1757=IFCFACEOUTERBOUND(#3042,.T.);
#1759=IFCFACEOUTERBOUND(#3043,.T.);
#1760=IFCFACEOUTERBOUND(#3044,.T.);
#1761=IFCFACEOUTERBOUND(#3045,.T.);
#1762=IFCFACEOUTERBOUND(#3046,.T.);
#1763=IFCFACEOUTERBOUND(#3047,.T.);
#1758=IFCFACEOUTERBOUND(#3048,.T.);
#1764=IFCFACEOUTERBOUND(#3049,.T.);
#1765=IFCFACEOUTERBOUND(#3050,.T.);
#1766=IFCFACEOUTERBOUND(#3051,.T.);
#1768=IFCFACEOUTERBOUND(#3052,.T.);
#1769=IFCFACEOUTERBOUND(#3053,.T.);
#1770=IFCFACEOUTERBOUND(#3054,.T.);
#1767=IFCFACEOUTERBOUND(#3055,.T.);
#1772=IFCFACEOUTERBOUND(#3056,.T.);
#1773=IFCFACEOUTERBOUND(#3057,.T.);
#1771=IFCFACEOUTERBOUND(#3058,.T.);
#1775=IFCFACEOUTERBOUND(#3059,.T.);
#1774=IFCFACEOUTERBOUND(#3060,.T.);
#1777=IFCFACEOUTERBOUND(#3061,.T.);
#1195=IFCFACE((#2504));
#1778=IFCFACEOUTERBOUND(#3062,.T.);
#1779=IFCFACEOUTERBOUND(#3063,.T.);
#1776=IFCFACEOUTERBOUND(#3064,.T.);
#1780=IFCFACEOUTERBOUND(#3065,.T.);
#1781=IFCFACEOUTERBOUND(#3066,.T.);
#1783=IFCFACEOUTERBOUND(#3067,.T.);
#1784=IFCFACEOUTERBOUND(#3068,.T.);
#1786=IFCFACEOUTERBOUND(#3069,.T.);
#1782=IFCSURFACESTYLE('\X2\0422043A0430043D044C\X0\ - 01',.BOTH.,(#3070));
#1785=IFCFACEOUTERBOUND(#3072,.T.);
#1788=IFCFACEOUTERBOUND(#3071,.T.);
#1789=IFCFACEOUTERBOUND(#3073,.T.);
#1790=IFCFACEOUTERBOUND(#3074,.T.);
#1791=IFCFACEOUTERBOUND(#3075,.T.);
#1792=IFCFACEOUTERBOUND(#3076,.T.);
#1793=IFCFACEOUTERBOUND(#3077,.T.);
#1794=IFCFACEOUTERBOUND(#3078,.T.);
#1795=IFCFACEOUTERBOUND(#3079,.T.);
#1796=IFCFACEOUTERBOUND(#3080,.T.);
#1797=IFCFACEOUTERBOUND(#3081,.T.);
#1799=IFCFACEOUTERBOUND(#3082,.T.);
#1787=IFCFACEOUTERBOUND(#3083,.T.);
#1800=IFCFACEOUTERBOUND(#3084,.T.);
#1801=IFCFACEOUTERBOUND(#3085,.T.);
#1802=IFCFACEOUTERBOUND(#3086,.T.);
#1798=IFCFACEOUTERBOUND(#3087,.T.);
#1804=IFCFACEOUTERBOUND(#3088,.T.);
#1805=IFCFACEOUTERBOUND(#3089,.T.);
#1807=IFCFACEOUTERBOUND(#3091,.T.);
#1803=IFCFACEOUTERBOUND(#3090,.T.);
#1809=IFCFACEOUTERBOUND(#3092,.T.);
#1808=IFCFACEOUTERBOUND(#3093,.T.);
#1810=IFCFACEOUTERBOUND(#3095,.T.);
#1811=IFCFACEOUTERBOUND(#3094,.T.);
#1812=IFCFACEOUTERBOUND(#3096,.T.);
#1813=IFCFACEOUTERBOUND(#3097,.T.);
#1815=IFCFACEOUTERBOUND(#3098,.T.);
#1816=IFCFACEOUTERBOUND(#3099,.T.);
#1817=IFCFACEOUTERBOUND(#3100,.T.);
#1806=IFCFACEOUTERBOUND(#3101,.T.);
#1814=IFCFACEOUTERBOUND(#3102,.T.);
#1819=IFCFACEOUTERBOUND(#3103,.T.);
#1818=IFCFACEOUTERBOUND(#3104,.T.);
#1820=IFCFACEOUTERBOUND(#3105,.T.);
#1822=IFCFACEOUTERBOUND(#3106,.T.);
#1823=IFCFACEOUTERBOUND(#3107,.T.);
#1824=IFCFACEOUTERBOUND(#3108,.T.);
#1826=IFCFACEOUTERBOUND(#3109,.T.);
#1827=IFCFACEOUTERBOUND(#3111,.T.);
#1825=IFCFACEOUTERBOUND(#3110,.T.);
#1828=IFCFACEOUTERBOUND(#3112,.T.);
#1821=IFCFACEOUTERBOUND(#3114,.T.);
#1830=IFCFACEOUTERBOUND(#3115,.T.);
#1829=IFCFACEOUTERBOUND(#3113,.T.);
#1831=IFCFACEOUTERBOUND(#3116,.T.);
#1833=IFCFACEOUTERBOUND(#3117,.T.);
#1834=IFCFACEOUTERBOUND(#3118,.T.);
#1835=IFCFACEOUTERBOUND(#3119,.T.);
#1837=IFCFACEOUTERBOUND(#3120,.T.);
#1832=IFCFACEOUTERBOUND(#3121,.T.);
#1838=IFCFACEOUTERBOUND(#3122,.T.);
#1836=IFCFACEOUTERBOUND(#3124,.T.);
#1839=IFCFACEOUTERBOUND(#3123,.T.);
#1840=IFCFACEOUTERBOUND(#3125,.T.);
#1842=IFCFACEOUTERBOUND(#3126,.T.);
#1843=IFCFACEOUTERBOUND(#3127,.T.);
#1841=IFCFACEOUTERBOUND(#3128,.T.);
#1844=IFCFACEOUTERBOUND(#3129,.T.);
#1845=IFCFACEOUTERBOUND(#3130,.T.);
#1847=IFCFACEOUTERBOUND(#3131,.T.);
#1846=IFCFACEOUTERBOUND(#3132,.T.);
#1848=IFCFACEOUTERBOUND(#3133,.T.);
#1850=IFCFACEOUTERBOUND(#3134,.T.);
#1849=IFCFACEOUTERBOUND(#3135,.T.);
#1852=IFCFACEOUTERBOUND(#3136,.T.);
#1851=IFCFACEOUTERBOUND(#3137,.T.);
#1855=IFCFACEOUTERBOUND(#3139,.T.);
#1854=IFCFACEOUTERBOUND(#3138,.T.);
#1853=IFCFACEOUTERBOUND(#3140,.T.);
#1857=IFCFACEOUTERBOUND(#3141,.T.);
#1858=IFCFACEOUTERBOUND(#3142,.T.);
#1859=IFCFACEOUTERBOUND(#3143,.T.);
#1856=IFCFACEOUTERBOUND(#3144,.T.);
#1860=IFCFACEOUTERBOUND(#3145,.T.);
#1862=IFCFACEOUTERBOUND(#3146,.T.);
#1863=IFCFACEOUTERBOUND(#3147,.T.);
#1861=IFCFACEOUTERBOUND(#3148,.T.);
#1864=IFCFACEOUTERBOUND(#3149,.T.);
#1866=IFCFACEOUTERBOUND(#3150,.T.);
#1865=IFCFACEOUTERBOUND(#3151,.T.);
#1868=IFCFACEOUTERBOUND(#3152,.T.);
#1867=IFCFACEOUTERBOUND(#3153,.T.);
#1869=IFCFACEOUTERBOUND(#3154,.T.);
#1870=IFCFACEOUTERBOUND(#3155,.T.);
#1871=IFCFACEOUTERBOUND(#3156,.T.);
#1872=IFCFACEOUTERBOUND(#3157,.T.);
#1873=IFCFACEOUTERBOUND(#3158,.T.);
#1874=IFCFACEOUTERBOUND(#3159,.T.);
#1875=IFCFACEOUTERBOUND(#3160,.T.);
#1876=IFCFACEOUTERBOUND(#3161,.T.);
#1877=IFCFACEOUTERBOUND(#3162,.T.);
#1878=IFCFACEOUTERBOUND(#3163,.T.);
#1879=IFCFACEOUTERBOUND(#3164,.T.);
#1880=IFCFACEOUTERBOUND(#3165,.T.);
#1881=IFCFACEOUTERBOUND(#3166,.T.);
#1883=IFCFACEOUTERBOUND(#3167,.T.);
#1882=IFCFACEOUTERBOUND(#3168,.T.);
#1885=IFCFACEOUTERBOUND(#3169,.T.);
#1886=IFCFACEOUTERBOUND(#3170,.T.);
#1887=IFCFACEOUTERBOUND(#3171,.T.);
#1888=IFCFACEOUTERBOUND(#3172,.T.);
#1884=IFCFACEOUTERBOUND(#3173,.T.);
#1889=IFCFACEOUTERBOUND(#3174,.T.);
#1891=IFCFACEOUTERBOUND(#3175,.T.);
#1892=IFCFACEOUTERBOUND(#3176,.T.);
#1893=IFCFACEOUTERBOUND(#3177,.T.);
#1894=IFCFACEOUTERBOUND(#3179,.T.);
#1895=IFCFACEOUTERBOUND(#3178,.T.);
#1896=IFCFACEOUTERBOUND(#3180,.T.);
#1897=IFCFACEOUTERBOUND(#3181,.T.);
#1890=IFCFACEOUTERBOUND(#3182,.T.);
#1899=IFCFACEOUTERBOUND(#3183,.T.);
#1900=IFCFACEOUTERBOUND(#3184,.T.);
#1902=IFCFACEOUTERBOUND(#3185,.T.);
#1901=IFCFACEOUTERBOUND(#3186,.T.);
#1903=IFCFACEOUTERBOUND(#3187,.T.);
#1905=IFCFACEOUTERBOUND(#3188,.T.);
#1906=IFCFACEOUTERBOUND(#3189,.T.);
#1898=IFCFACEOUTERBOUND(#3190,.T.);
#1908=IFCFACEOUTERBOUND(#3192,.T.);
#1907=IFCFACEOUTERBOUND(#3191,.T.);
#1904=IFCFACEOUTERBOUND(#3193,.T.);
#1910=IFCFACEOUTERBOUND(#3194,.T.);
#1911=IFCFACEOUTERBOUND(#3195,.T.);
#1909=IFCFACEOUTERBOUND(#3196,.T.);
#1912=IFCFACEOUTERBOUND(#3198,.T.);
#1913=IFCFACEOUTERBOUND(#3197,.T.);
#1914=IFCFACEOUTERBOUND(#3199,.T.);
#1915=IFCFACEOUTERBOUND(#3200,.T.);
#1917=IFCFACEOUTERBOUND(#3201,.T.);
#1916=IFCFACEOUTERBOUND(#3202,.T.);
#1918=IFCFACEOUTERBOUND(#3203,.T.);
#1920=IFCFACEOUTERBOUND(#3205,.T.);
#1919=IFCFACEOUTERBOUND(#3204,.T.);
#1922=IFCFACEOUTERBOUND(#3207,.T.);
#1921=IFCFACEOUTERBOUND(#3206,.T.);
#1925=IFCFACEOUTERBOUND(#3209,.T.);
#1923=IFCFACEOUTERBOUND(#3208,.T.);
#1926=IFCFACEOUTERBOUND(#3210,.T.);
#1924=IFCFACEOUTERBOUND(#3211,.T.);
#1928=IFCFACEOUTERBOUND(#3212,.T.);
#1930=IFCFACEOUTERBOUND(#3213,.T.);
#1931=IFCFACEOUTERBOUND(#3215,.T.);
#1927=IFCFACEOUTERBOUND(#3214,.T.);
#1929=IFCFACEOUTERBOUND(#3216,.T.);
#1932=IFCFACEOUTERBOUND(#3217,.T.);
#1933=IFCFACEOUTERBOUND(#3218,.T.);
#1934=IFCFACEOUTERBOUND(#3219,.T.);
#1935=IFCFACEOUTERBOUND(#3220,.T.);
#1936=IFCFACEOUTERBOUND(#3221,.T.);
#1937=IFCFACEOUTERBOUND(#3222,.T.);
#1938=IFCFACEOUTERBOUND(#3223,.T.);
#1941=IFCFACEOUTERBOUND(#3224,.T.);
#1940=IFCFACEOUTERBOUND(#3225,.T.);
#1942=IFCFACEOUTERBOUND(#3226,.T.);
#1943=IFCFACEOUTERBOUND(#3227,.T.);
#1945=IFCFACEOUTERBOUND(#3229,.T.);
#1944=IFCFACEOUTERBOUND(#3228,.T.);
#1947=IFCFACEOUTERBOUND(#3231,.T.);
#1946=IFCFACEOUTERBOUND(#3230,.T.);
#1949=IFCFACEOUTERBOUND(#3232,.T.);
#1948=IFCFACEOUTERBOUND(#3233,.T.);
#1951=IFCFACEOUTERBOUND(#3234,.T.);
#1950=IFCFACEOUTERBOUND(#3235,.T.);
#1939=IFCFACEOUTERBOUND(#3236,.T.);
#1953=IFCFACEOUTERBOUND(#3237,.T.);
#1955=IFCFACEOUTERBOUND(#3238,.T.);
#1952=IFCFACEOUTERBOUND(#3239,.T.);
#1954=IFCFACEOUTERBOUND(#3240,.T.);
#1956=IFCFACEOUTERBOUND(#3241,.T.);
#1957=IFCFACEOUTERBOUND(#3242,.T.);
#1958=IFCFACEOUTERBOUND(#3243,.T.);
#1959=IFCFACEOUTERBOUND(#3244,.T.);
#1960=IFCFACEOUTERBOUND(#3245,.T.);
#1961=IFCFACEOUTERBOUND(#3246,.T.);
#1963=IFCFACEOUTERBOUND(#3247,.T.);
#1964=IFCFACEOUTERBOUND(#3248,.T.);
#1962=IFCFACEOUTERBOUND(#3249,.T.);
#1965=IFCFACEOUTERBOUND(#3250,.T.);
#1966=IFCFACEOUTERBOUND(#3251,.T.);
#1967=IFCFACEOUTERBOUND(#3252,.T.);
#1968=IFCFACEOUTERBOUND(#3253,.T.);
#1969=IFCFACEOUTERBOUND(#3254,.T.);
#1970=IFCFACEOUTERBOUND(#3255,.T.);
#1972=IFCFACEOUTERBOUND(#3256,.T.);
#1971=IFCFACEOUTERBOUND(#3257,.T.);
#1974=IFCFACEOUTERBOUND(#3259,.T.);
#1973=IFCFACEOUTERBOUND(#3258,.T.);
#1976=IFCFACEOUTERBOUND(#3260,.T.);
#1975=IFCFACEOUTERBOUND(#3263,.T.);
#1977=IFCFACEOUTERBOUND(#3261,.T.);
#1978=IFCFACEOUTERBOUND(#3262,.T.);
#1980=IFCFACEOUTERBOUND(#3264,.T.);
#1979=IFCFACEOUTERBOUND(#3265,.T.);
#1981=IFCFACEOUTERBOUND(#3266,.T.);
#1984=IFCFACEOUTERBOUND(#3267,.T.);
#1983=IFCFACEOUTERBOUND(#3268,.T.);
#1986=IFCFACEOUTERBOUND(#3269,.T.);
#1987=IFCFACEOUTERBOUND(#3270,.T.);
#1985=IFCFACEOUTERBOUND(#3271,.T.);
#1988=IFCFACEOUTERBOUND(#3273,.T.);
#1990=IFCFACEOUTERBOUND(#3274,.T.);
#1982=IFCFACEOUTERBOUND(#3275,.T.);
#1989=IFCFACEOUTERBOUND(#3272,.T.);
#1991=IFCFACEOUTERBOUND(#3276,.T.);
#1992=IFCFACEOUTERBOUND(#3277,.T.);
#1993=IFCFACEOUTERBOUND(#3278,.T.);
#1995=IFCFACEOUTERBOUND(#3280,.T.);
#1994=IFCFACEOUTERBOUND(#3279,.T.);
#1997=IFCFACEOUTERBOUND(#3281,.T.);
#1998=IFCFACEOUTERBOUND(#3282,.T.);
#1999=IFCFACEOUTERBOUND(#3283,.T.);
#1996=IFCFACEOUTERBOUND(#3284,.T.);
#2000=IFCFACEOUTERBOUND(#3285,.T.);
#2001=IFCFACEOUTERBOUND(#3286,.T.);
#2002=IFCFACEOUTERBOUND(#3287,.T.);
#2004=IFCFACEOUTERBOUND(#3288,.T.);
#2005=IFCFACEOUTERBOUND(#3289,.T.);
#2007=IFCFACEOUTERBOUND(#3290,.T.);
#2003=IFCFACEOUTERBOUND(#3291,.T.);
#2008=IFCFACEOUTERBOUND(#3292,.T.);
#2009=IFCFACEOUTERBOUND(#3293,.T.);
#2006=IFCFACEOUTERBOUND(#3294,.T.);
#2012=IFCFACEOUTERBOUND(#3295,.T.);
#2025=IFCFACEOUTERBOUND(#3310,.T.);
#2028=IFCFACEOUTERBOUND(#3313,.T.);
#2024=IFCFACEOUTERBOUND(#3309,.T.);
#2023=IFCFACEOUTERBOUND(#3308,.T.);
#2017=IFCFACEOUTERBOUND(#3307,.T.);
#2022=IFCFACEOUTERBOUND(#3306,.T.);
#2021=IFCFACEOUTERBOUND(#3305,.T.);
#2020=IFCFACEOUTERBOUND(#3304,.T.);
#2019=IFCFACEOUTERBOUND(#3303,.T.);
#2018=IFCFACEOUTERBOUND(#3302,.T.);
#2027=IFCFACEOUTERBOUND(#3312,.T.);
#2011=IFCFACEOUTERBOUND(#3301,.T.);
#2016=IFCFACEOUTERBOUND(#3300,.T.);
#2014=IFCFACEOUTERBOUND(#3299,.T.);
#2015=IFCFACEOUTERBOUND(#3298,.T.);
#2010=IFCFACEOUTERBOUND(#3297,.T.);
#2013=IFCFACEOUTERBOUND(#3296,.T.);
#2029=IFCFACEOUTERBOUND(#3314,.T.);
#2030=IFCFACEOUTERBOUND(#3315,.T.);
#2031=IFCFACEOUTERBOUND(#3316,.T.);
#2033=IFCFACEOUTERBOUND(#3317,.T.);
#2032=IFCFACEOUTERBOUND(#3318,.T.);
#2035=IFCFACEOUTERBOUND(#3320,.T.);
#2034=IFCFACEOUTERBOUND(#3319,.T.);
#2036=IFCFACEOUTERBOUND(#3321,.T.);
#2037=IFCFACEOUTERBOUND(#3322,.T.);
#2039=IFCFACEOUTERBOUND(#3323,.T.);
#2038=IFCFACEOUTERBOUND(#3324,.T.);
#2040=IFCFACEOUTERBOUND(#3325,.T.);
#2041=IFCFACEOUTERBOUND(#3326,.T.);
#2042=IFCFACEOUTERBOUND(#3327,.T.);
#2043=IFCFACEOUTERBOUND(#3328,.T.);
#2045=IFCFACEOUTERBOUND(#3329,.T.);
#2046=IFCFACEOUTERBOUND(#3330,.T.);
#2047=IFCFACEOUTERBOUND(#3331,.T.);
#2048=IFCFACEOUTERBOUND(#3332,.T.);
#2049=IFCFACEOUTERBOUND(#3333,.T.);
#2050=IFCFACEOUTERBOUND(#3334,.T.);
#2051=IFCFACEOUTERBOUND(#3335,.T.);
#2052=IFCFACEOUTERBOUND(#3336,.T.);
#2053=IFCFACEOUTERBOUND(#3337,.T.);
#2054=IFCFACEOUTERBOUND(#3338,.T.);
#2055=IFCFACEOUTERBOUND(#3339,.T.);
#2044=IFCFACEOUTERBOUND(#3340,.T.);
#2056=IFCFACEOUTERBOUND(#3341,.T.);
#2057=IFCFACEOUTERBOUND(#3342,.T.);
#2058=IFCFACEOUTERBOUND(#3343,.T.);
#2059=IFCFACEOUTERBOUND(#3344,.T.);
#2060=IFCFACEOUTERBOUND(#3345,.T.);
#2062=IFCFACEOUTERBOUND(#3346,.T.);
#2061=IFCFACEOUTERBOUND(#3347,.T.);
#2063=IFCFACEOUTERBOUND(#3348,.T.);
#2064=IFCFACEOUTERBOUND(#3349,.T.);
#2065=IFCFACEOUTERBOUND(#3350,.T.);
#2066=IFCFACEOUTERBOUND(#3351,.T.);
#2067=IFCFACEOUTERBOUND(#3352,.T.);
#2068=IFCFACEOUTERBOUND(#3353,.T.);
#2069=IFCFACEOUTERBOUND(#3354,.T.);
#2070=IFCFACEOUTERBOUND(#3355,.T.);
#2071=IFCFACEOUTERBOUND(#3356,.T.);
#2072=IFCFACEOUTERBOUND(#3357,.T.);
#2073=IFCFACEOUTERBOUND(#3358,.T.);
#2074=IFCFACEOUTERBOUND(#3359,.T.);
#2075=IFCFACEOUTERBOUND(#3360,.T.);
#2076=IFCFACEOUTERBOUND(#3361,.T.);
#2077=IFCFACEOUTERBOUND(#3362,.T.);
#2078=IFCFACEOUTERBOUND(#3363,.T.);
#2079=IFCFACEOUTERBOUND(#3364,.T.);
#2081=IFCFACEOUTERBOUND(#3366,.T.);
#2080=IFCFACEOUTERBOUND(#3365,.T.);
#2082=IFCFACEOUTERBOUND(#3367,.T.);
#2083=IFCFACEOUTERBOUND(#3368,.T.);
#2084=IFCFACEOUTERBOUND(#3369,.T.);
#2086=IFCFACEOUTERBOUND(#3370,.T.);
#2085=IFCFACEOUTERBOUND(#3371,.T.);
#2087=IFCFACEOUTERBOUND(#3372,.T.);
#2089=IFCFACEOUTERBOUND(#3373,.T.);
#2090=IFCFACEOUTERBOUND(#3374,.T.);
#2091=IFCFACEOUTERBOUND(#3375,.T.);
#2092=IFCFACEOUTERBOUND(#3376,.T.);
#2093=IFCFACEOUTERBOUND(#3377,.T.);
#2088=IFCFACEOUTERBOUND(#3378,.T.);
#2094=IFCFACEOUTERBOUND(#3379,.T.);
#2095=IFCFACEOUTERBOUND(#3380,.T.);
#2096=IFCFACEOUTERBOUND(#3381,.T.);
#2097=IFCFACEOUTERBOUND(#3382,.T.);
#2099=IFCFACEOUTERBOUND(#3383,.T.);
#2100=IFCFACEOUTERBOUND(#3384,.T.);
#2101=IFCFACEOUTERBOUND(#3385,.T.);
#2098=IFCFACEOUTERBOUND(#3386,.T.);
#2102=IFCFACEOUTERBOUND(#3387,.T.);
#2103=IFCFACEOUTERBOUND(#3388,.T.);
#2104=IFCFACEOUTERBOUND(#3389,.T.);
#2106=IFCFACEOUTERBOUND(#3391,.T.);
#2105=IFCFACEOUTERBOUND(#3390,.T.);
#2107=IFCFACEOUTERBOUND(#3392,.T.);
#2108=IFCFACEOUTERBOUND(#3393,.T.);
#2109=IFCFACEOUTERBOUND(#3394,.T.);
#2110=IFCFACEOUTERBOUND(#3395,.T.);
#2111=IFCFACEOUTERBOUND(#3396,.T.);
#2112=IFCFACEOUTERBOUND(#3397,.T.);
#2113=IFCFACEOUTERBOUND(#3398,.T.);
#2114=IFCFACEOUTERBOUND(#3399,.T.);
#2115=IFCFACEOUTERBOUND(#3400,.T.);
#2116=IFCFACEOUTERBOUND(#3401,.T.);
#2117=IFCFACEOUTERBOUND(#3402,.T.);
#2118=IFCFACEOUTERBOUND(#3403,.T.);
#2119=IFCFACEOUTERBOUND(#3404,.T.);
#2121=IFCFACEOUTERBOUND(#3405,.T.);
#2120=IFCFACEOUTERBOUND(#3406,.T.);
#2122=IFCFACEOUTERBOUND(#3407,.T.);
#2123=IFCFACEOUTERBOUND(#3408,.T.);
#2124=IFCFACEOUTERBOUND(#3409,.T.);
#2125=IFCFACEOUTERBOUND(#3410,.T.);
#2126=IFCFACEOUTERBOUND(#3411,.T.);
#2127=IFCFACEOUTERBOUND(#3412,.T.);
#2128=IFCFACEOUTERBOUND(#3413,.T.);
#2130=IFCFACEOUTERBOUND(#3414,.T.);
#2131=IFCFACEOUTERBOUND(#3415,.T.);
#2132=IFCFACEOUTERBOUND(#3416,.T.);
#2129=IFCFACEOUTERBOUND(#3417,.T.);
#2133=IFCFACEOUTERBOUND(#3418,.T.);
#2134=IFCFACEOUTERBOUND(#3419,.T.);
#2136=IFCFACEOUTERBOUND(#3420,.T.);
#2137=IFCFACEOUTERBOUND(#3421,.T.);
#2138=IFCFACEOUTERBOUND(#3423,.T.);
#2135=IFCFACEOUTERBOUND(#3422,.T.);
#2139=IFCFACEOUTERBOUND(#3424,.T.);
#2140=IFCFACEOUTERBOUND(#3425,.T.);
#2141=IFCFACEOUTERBOUND(#3426,.T.);
#2142=IFCFACEOUTERBOUND(#3427,.T.);
#2143=IFCFACEOUTERBOUND(#3428,.T.);
#2144=IFCFACEOUTERBOUND(#3429,.T.);
#2145=IFCFACEOUTERBOUND(#3430,.T.);
#2147=IFCFACEOUTERBOUND(#3431,.T.);
#2146=IFCFACEOUTERBOUND(#3432,.T.);
#2148=IFCFACEOUTERBOUND(#3433,.T.);
#2149=IFCFACEOUTERBOUND(#3434,.T.);
#2151=IFCFACEOUTERBOUND(#3435,.T.);
#2152=IFCFACEOUTERBOUND(#3436,.T.);
#2153=IFCFACEOUTERBOUND(#3437,.T.);
#2154=IFCFACEOUTERBOUND(#3438,.T.);
#2155=IFCFACEOUTERBOUND(#3439,.T.);
#2156=IFCFACEOUTERBOUND(#3440,.T.);
#2157=IFCFACEOUTERBOUND(#3441,.T.);
#2150=IFCFACEOUTERBOUND(#3442,.T.);
#2159=IFCFACEOUTERBOUND(#3443,.T.);
#2160=IFCFACEOUTERBOUND(#3444,.T.);
#2161=IFCFACEOUTERBOUND(#3445,.T.);
#2162=IFCFACEOUTERBOUND(#3447,.T.);
#2158=IFCFACEOUTERBOUND(#3446,.T.);
#2163=IFCFACEOUTERBOUND(#3448,.T.);
#2165=IFCFACEOUTERBOUND(#3449,.T.);
#2164=IFCFACEOUTERBOUND(#3450,.T.);
#2166=IFCFACEOUTERBOUND(#3451,.T.);
#2168=IFCFACEOUTERBOUND(#3452,.T.);
#2169=IFCFACEOUTERBOUND(#3453,.T.);
#2170=IFCFACEOUTERBOUND(#3454,.T.);
#2167=IFCFACEOUTERBOUND(#3455,.T.);
#2171=IFCFACEOUTERBOUND(#3456,.T.);
#2172=IFCFACEOUTERBOUND(#3457,.T.);
#2174=IFCFACEOUTERBOUND(#3458,.T.);
#2175=IFCFACEOUTERBOUND(#3459,.T.);
#2173=IFCFACEOUTERBOUND(#3460,.T.);
#2177=IFCFACEOUTERBOUND(#3461,.T.);
#2176=IFCFACEOUTERBOUND(#3462,.T.);
#2178=IFCFACEOUTERBOUND(#3463,.T.);
#2180=IFCFACEOUTERBOUND(#3464,.T.);
#2181=IFCFACEOUTERBOUND(#3465,.T.);
#2182=IFCFACEOUTERBOUND(#3466,.T.);
#2183=IFCFACEOUTERBOUND(#3467,.T.);
#2184=IFCFACEOUTERBOUND(#3468,.T.);
#2185=IFCFACEOUTERBOUND(#3469,.T.);
#2186=IFCFACEOUTERBOUND(#3470,.T.);
#2187=IFCFACEOUTERBOUND(#3471,.T.);
#2188=IFCFACEOUTERBOUND(#3472,.T.);
#2189=IFCFACEOUTERBOUND(#3473,.T.);
#2190=IFCFACEOUTERBOUND(#3474,.T.);
#2191=IFCFACEOUTERBOUND(#3475,.T.);
#2192=IFCFACEOUTERBOUND(#3476,.T.);
#2193=IFCFACEOUTERBOUND(#3477,.T.);
#2194=IFCFACEOUTERBOUND(#3478,.T.);
#2195=IFCFACEOUTERBOUND(#3479,.T.);
#2196=IFCFACEOUTERBOUND(#3480,.T.);
#2197=IFCFACEOUTERBOUND(#3481,.T.);
#2198=IFCFACEOUTERBOUND(#3482,.T.);
#2199=IFCFACEOUTERBOUND(#3483,.T.);
#2200=IFCFACEOUTERBOUND(#3484,.T.);
#2201=IFCFACEOUTERBOUND(#3485,.T.);
#2202=IFCFACEOUTERBOUND(#3486,.T.);
#2203=IFCFACEOUTERBOUND(#3487,.T.);
#2204=IFCFACEOUTERBOUND(#3488,.T.);
#2179=IFCFACEOUTERBOUND(#3489,.T.);
#2206=IFCFACEOUTERBOUND(#3490,.T.);
#2205=IFCFACEOUTERBOUND(#3491,.T.);
#2208=IFCFACEOUTERBOUND(#3492,.T.);
#2207=IFCFACEOUTERBOUND(#3493,.T.);
#2209=IFCFACEOUTERBOUND(#3494,.T.);
#2210=IFCFACEOUTERBOUND(#3495,.T.);
#2211=IFCFACEOUTERBOUND(#3496,.T.);
#2212=IFCFACEOUTERBOUND(#3497,.T.);
#2213=IFCFACEOUTERBOUND(#3498,.T.);
#2215=IFCFACEOUTERBOUND(#3499,.T.);
#2216=IFCFACEOUTERBOUND(#3500,.T.);
#2214=IFCFACEOUTERBOUND(#3501,.T.);
#2217=IFCFACEOUTERBOUND(#3502,.T.);
#2218=IFCFACEOUTERBOUND(#3503,.T.);
#2219=IFCFACEOUTERBOUND(#3505,.T.);
#2220=IFCFACEOUTERBOUND(#3504,.T.);
#2221=IFCFACEOUTERBOUND(#3506,.T.);
#2223=IFCFACEOUTERBOUND(#3507,.T.);
#2222=IFCFACEOUTERBOUND(#3508,.T.);
#2224=IFCFACEOUTERBOUND(#3509,.T.);
#2226=IFCFACEOUTERBOUND(#3510,.T.);
#2225=IFCFACEOUTERBOUND(#3511,.T.);
#2227=IFCFACEOUTERBOUND(#3512,.T.);
#2229=IFCFACEOUTERBOUND(#3513,.T.);
#2228=IFCFACEOUTERBOUND(#3514,.T.);
#2230=IFCFACEOUTERBOUND(#3515,.T.);
#2231=IFCFACEOUTERBOUND(#3516,.T.);
#2233=IFCFACEOUTERBOUND(#3517,.T.);
#2232=IFCFACEOUTERBOUND(#3518,.T.);
#2234=IFCFACEOUTERBOUND(#3519,.T.);
#2235=IFCFACEOUTERBOUND(#3520,.T.);
#2236=IFCFACEOUTERBOUND(#3521,.T.);
#2237=IFCFACEOUTERBOUND(#3522,.T.);
#2238=IFCFACEOUTERBOUND(#3523,.T.);
#2239=IFCFACEOUTERBOUND(#3524,.T.);
#2240=IFCFACEOUTERBOUND(#3525,.T.);
#2242=IFCFACEOUTERBOUND(#3526,.T.);
#2243=IFCFACEOUTERBOUND(#3527,.T.);
#2244=IFCFACEOUTERBOUND(#3528,.T.);
#2245=IFCFACEOUTERBOUND(#3529,.T.);
#2241=IFCFACEOUTERBOUND(#3530,.T.);
#2247=IFCFACEOUTERBOUND(#3531,.T.);
#2246=IFCFACEOUTERBOUND(#3532,.T.);
#2248=IFCFACEOUTERBOUND(#3533,.T.);
#2249=IFCFACEOUTERBOUND(#3534,.T.);
#2250=IFCFACEOUTERBOUND(#3535,.T.);
#2252=IFCFACEOUTERBOUND(#3536,.T.);
#2251=IFCFACEOUTERBOUND(#3537,.T.);
#2253=IFCFACEOUTERBOUND(#3538,.T.);
#2255=IFCFACEOUTERBOUND(#3540,.T.);
#2254=IFCFACEOUTERBOUND(#3539,.T.);
#2256=IFCFACEOUTERBOUND(#3541,.T.);
#2257=IFCFACEOUTERBOUND(#3542,.T.);
#2258=IFCFACEOUTERBOUND(#3543,.T.);
#2260=IFCFACEOUTERBOUND(#3544,.T.);
#2261=IFCFACEOUTERBOUND(#3545,.T.);
#2262=IFCFACEOUTERBOUND(#3546,.T.);
#2263=IFCFACEOUTERBOUND(#3547,.T.);
#2264=IFCFACEOUTERBOUND(#3548,.T.);
#2265=IFCFACEOUTERBOUND(#3549,.T.);
#2259=IFCFACEOUTERBOUND(#3550,.T.);
#2267=IFCFACEOUTERBOUND(#3551,.T.);
#2268=IFCFACEOUTERBOUND(#3552,.T.);
#2269=IFCFACEOUTERBOUND(#3553,.T.);
#2270=IFCFACEOUTERBOUND(#3554,.T.);
#2271=IFCFACEOUTERBOUND(#3555,.T.);
#2272=IFCFACEOUTERBOUND(#3556,.T.);
#2266=IFCFACEOUTERBOUND(#3557,.T.);
#2273=IFCFACEOUTERBOUND(#3558,.T.);
#2274=IFCFACEOUTERBOUND(#3559,.T.);
#2275=IFCFACEOUTERBOUND(#3560,.T.);
#2276=IFCFACEOUTERBOUND(#3561,.T.);
#2277=IFCFACEOUTERBOUND(#3562,.T.);
#2278=IFCFACEOUTERBOUND(#3563,.T.);
#2280=IFCFACEOUTERBOUND(#3564,.T.);
#2279=IFCFACEOUTERBOUND(#3565,.T.);
#2281=IFCFACEOUTERBOUND(#3566,.T.);
#2282=IFCFACEOUTERBOUND(#3567,.T.);
#2283=IFCFACEOUTERBOUND(#3568,.T.);
#2284=IFCFACEOUTERBOUND(#3569,.T.);
#2285=IFCFACEOUTERBOUND(#3570,.T.);
#2287=IFCFACEOUTERBOUND(#3571,.T.);
#2286=IFCFACEOUTERBOUND(#3572,.T.);
#2026=IFCFACEOUTERBOUND(#3311,.T.);
#2288=IFCFACEOUTERBOUND(#3573,.T.);
#2291=IFCFACEOUTERBOUND(#3574,.T.);
#2290=IFCFACEOUTERBOUND(#3575,.T.);
#2292=IFCFACEOUTERBOUND(#3576,.T.);
#2293=IFCFACEOUTERBOUND(#3577,.T.);
#2295=IFCFACEOUTERBOUND(#3579,.T.);
#2294=IFCFACEOUTERBOUND(#3580,.T.);
#2289=IFCFACEOUTERBOUND(#3578,.T.);
#2297=IFCFACEOUTERBOUND(#3581,.T.);
#2296=IFCFACEOUTERBOUND(#3582,.T.);
#2298=IFCFACEOUTERBOUND(#3583,.T.);
#2300=IFCFACEOUTERBOUND(#3584,.T.);
#2301=IFCFACEOUTERBOUND(#3586,.T.);
#2299=IFCFACEOUTERBOUND(#3585,.T.);
#2303=IFCFACEOUTERBOUND(#3587,.T.);
#2304=IFCFACEOUTERBOUND(#3588,.T.);
#2305=IFCFACEOUTERBOUND(#3589,.T.);
#2306=IFCFACEOUTERBOUND(#3590,.T.);
#2302=IFCFACEOUTERBOUND(#3591,.T.);
#2307=IFCFACEOUTERBOUND(#3592,.T.);
#2308=IFCFACEOUTERBOUND(#3593,.T.);
#2309=IFCFACEOUTERBOUND(#3594,.T.);
#2311=IFCFACEOUTERBOUND(#3595,.T.);
#2312=IFCFACEOUTERBOUND(#3596,.T.);
#2313=IFCFACEOUTERBOUND(#3597,.T.);
#2310=IFCFACEOUTERBOUND(#3598,.T.);
#2316=IFCFACEOUTERBOUND(#3599,.T.);
#2315=IFCFACEOUTERBOUND(#3600,.T.);
#2317=IFCFACEOUTERBOUND(#3601,.T.);
#2318=IFCFACEOUTERBOUND(#3602,.T.);
#2314=IFCFACEOUTERBOUND(#3603,.T.);
#2319=IFCFACEOUTERBOUND(#3604,.T.);
#2321=IFCFACEOUTERBOUND(#3605,.T.);
#2323=IFCFACEOUTERBOUND(#3606,.T.);
#2320=IFCFACEOUTERBOUND(#3607,.T.);
#2324=IFCFACEOUTERBOUND(#3608,.T.);
#2325=IFCFACEOUTERBOUND(#3609,.T.);
#2326=IFCFACEOUTERBOUND(#3610,.T.);
#2328=IFCFACEOUTERBOUND(#3611,.T.);
#2322=IFCFACEOUTERBOUND(#3612,.T.);
#2329=IFCFACEOUTERBOUND(#3613,.T.);
#2330=IFCFACEOUTERBOUND(#3614,.T.);
#2327=IFCFACEOUTERBOUND(#3615,.T.);
#2331=IFCFACEOUTERBOUND(#3616,.T.);
#2332=IFCFACEOUTERBOUND(#3617,.T.);
#2334=IFCFACEOUTERBOUND(#3618,.T.);
#2335=IFCFACEOUTERBOUND(#3619,.T.);
#2337=IFCFACEOUTERBOUND(#3620,.T.);
#2336=IFCFACEOUTERBOUND(#3621,.T.);
#2339=IFCFACEOUTERBOUND(#3622,.T.);
#2340=IFCFACEOUTERBOUND(#3623,.T.);
#2338=IFCFACEOUTERBOUND(#3624,.T.);
#2342=IFCFACEOUTERBOUND(#3625,.T.);
#2333=IFCFACEOUTERBOUND(#3626,.T.);
#2344=IFCFACEOUTERBOUND(#3627,.T.);
#2343=IFCFACEOUTERBOUND(#3628,.T.);
#2346=IFCFACEOUTERBOUND(#3629,.T.);
#2347=IFCFACEOUTERBOUND(#3630,.T.);
#2348=IFCFACEOUTERBOUND(#3631,.T.);
#2349=IFCFACEOUTERBOUND(#3632,.T.);
#2350=IFCFACEOUTERBOUND(#3633,.T.);
#2351=IFCFACEOUTERBOUND(#3635,.T.);
#2345=IFCFACEOUTERBOUND(#3634,.T.);
#2352=IFCFACEOUTERBOUND(#3636,.T.);
#2354=IFCFACEOUTERBOUND(#3637,.T.);
#2355=IFCFACEOUTERBOUND(#3638,.T.);
#2356=IFCFACEOUTERBOUND(#3639,.T.);
#2357=IFCFACEOUTERBOUND(#3640,.T.);
#2358=IFCFACEOUTERBOUND(#3641,.T.);
#2359=IFCFACEOUTERBOUND(#3642,.T.);
#2353=IFCFACEOUTERBOUND(#3643,.T.);
#2361=IFCFACEOUTERBOUND(#3644,.T.);
#2362=IFCFACEOUTERBOUND(#3645,.T.);
#2363=IFCFACEOUTERBOUND(#3647,.T.);
#2360=IFCFACEOUTERBOUND(#3646,.T.);
#2364=IFCFACEOUTERBOUND(#3648,.T.);
#2365=IFCFACEOUTERBOUND(#3649,.T.);
#2366=IFCFACEOUTERBOUND(#3650,.T.);
#2367=IFCFACEOUTERBOUND(#3651,.T.);
#2369=IFCFACEOUTERBOUND(#3653,.T.);
#2368=IFCFACEOUTERBOUND(#3652,.T.);
#2371=IFCFACEOUTERBOUND(#3654,.T.);
#2372=IFCFACEOUTERBOUND(#3656,.T.);
#2370=IFCFACEOUTERBOUND(#3655,.T.);
#2374=IFCFACEOUTERBOUND(#3658,.T.);
#2373=IFCFACEOUTERBOUND(#3657,.T.);
#2376=IFCFACEOUTERBOUND(#3659,.T.);
#2375=IFCFACEOUTERBOUND(#3660,.T.);
#2378=IFCFACEOUTERBOUND(#3662,.T.);
#2377=IFCFACEOUTERBOUND(#3661,.T.);
#2380=IFCFACEOUTERBOUND(#3663,.T.);
#2379=IFCFACEOUTERBOUND(#3664,.T.);
#2381=IFCFACEOUTERBOUND(#3665,.T.);
#2383=IFCFACEOUTERBOUND(#3666,.T.);
#2382=IFCFACEOUTERBOUND(#3667,.T.);
#2384=IFCFACEOUTERBOUND(#3668,.T.);
#2385=IFCFACEOUTERBOUND(#3669,.T.);
#2341=IFCFACEOUTERBOUND(#3670,.T.);
#2387=IFCFACEOUTERBOUND(#3671,.T.);
#2386=IFCFACEOUTERBOUND(#3672,.T.);
#2388=IFCFACEOUTERBOUND(#3673,.T.);
#2389=IFCFACEOUTERBOUND(#3674,.T.);
#2390=IFCFACEOUTERBOUND(#3675,.T.);
#2391=IFCFACEOUTERBOUND(#3676,.T.);
#2392=IFCFACEOUTERBOUND(#3677,.T.);
#2394=IFCFACEOUTERBOUND(#3678,.T.);
#2395=IFCFACEOUTERBOUND(#3679,.T.);
#2396=IFCFACEOUTERBOUND(#3680,.T.);
#2393=IFCFACEOUTERBOUND(#3681,.T.);
#2397=IFCFACEOUTERBOUND(#3682,.T.);
#2400=IFCFACEOUTERBOUND(#3683,.T.);
#2398=IFCFACEOUTERBOUND(#3684,.T.);
#2399=IFCFACEOUTERBOUND(#3685,.T.);
#2401=IFCFACEOUTERBOUND(#3686,.T.);
#2404=IFCFACEOUTERBOUND(#3687,.T.);
#2405=IFCFACEOUTERBOUND(#3688,.T.);
#2406=IFCFACEOUTERBOUND(#3689,.T.);
#2402=IFCFACEOUTERBOUND(#3690,.T.);
#2407=IFCFACEOUTERBOUND(#3691,.T.);
#2409=IFCFACEOUTERBOUND(#3692,.T.);
#2408=IFCFACEOUTERBOUND(#3693,.T.);
#2411=IFCFACEOUTERBOUND(#3694,.T.);
#2412=IFCFACEOUTERBOUND(#3695,.T.);
#2410=IFCFACEOUTERBOUND(#3696,.T.);
#2413=IFCFACEOUTERBOUND(#3697,.T.);
#2414=IFCFACEOUTERBOUND(#3698,.T.);
#2415=IFCFACEOUTERBOUND(#3699,.T.);
#2416=IFCFACEOUTERBOUND(#3700,.T.);
#2418=IFCFACEOUTERBOUND(#3701,.T.);
#2417=IFCFACEOUTERBOUND(#3702,.T.);
#2420=IFCFACEOUTERBOUND(#3703,.T.);
#2421=IFCFACEOUTERBOUND(#3704,.T.);
#2422=IFCFACEOUTERBOUND(#3705,.T.);
#2423=IFCFACEOUTERBOUND(#3706,.T.);
#2424=IFCFACEOUTERBOUND(#3707,.T.);
#2425=IFCFACEOUTERBOUND(#3708,.T.);
#2419=IFCFACEOUTERBOUND(#3709,.T.);
#2426=IFCFACEOUTERBOUND(#3710,.T.);
#2427=IFCFACEOUTERBOUND(#3711,.T.);
#2428=IFCFACEOUTERBOUND(#3712,.T.);
#2429=IFCFACEOUTERBOUND(#3713,.T.);
#2430=IFCFACEOUTERBOUND(#3714,.T.);
#2431=IFCFACEOUTERBOUND(#3715,.T.);
#2433=IFCFACEOUTERBOUND(#3716,.T.);
#2432=IFCFACEOUTERBOUND(#3717,.T.);
#2434=IFCFACEOUTERBOUND(#3718,.T.);
#2435=IFCFACEOUTERBOUND(#3719,.T.);
#2436=IFCFACEOUTERBOUND(#3720,.T.);
#2437=IFCFACEOUTERBOUND(#3721,.T.);
#2439=IFCFACEOUTERBOUND(#3722,.T.);
#2440=IFCFACEOUTERBOUND(#3723,.T.);
#2438=IFCFACEOUTERBOUND(#3724,.T.);
#2442=IFCFACEOUTERBOUND(#3725,.T.);
#2441=IFCFACEOUTERBOUND(#3726,.T.);
#2444=IFCFACEOUTERBOUND(#3727,.T.);
#2445=IFCFACEOUTERBOUND(#3728,.T.);
#2446=IFCFACEOUTERBOUND(#3729,.T.);
#2443=IFCFACEOUTERBOUND(#3730,.T.);
#2447=IFCFACEOUTERBOUND(#3731,.T.);
#2449=IFCFACEOUTERBOUND(#3732,.T.);
#2448=IFCFACEOUTERBOUND(#3733,.T.);
#2451=IFCFACEOUTERBOUND(#3735,.T.);
#2450=IFCFACEOUTERBOUND(#3734,.T.);
#2452=IFCFACEOUTERBOUND(#3736,.T.);
#2454=IFCFACEOUTERBOUND(#3737,.T.);
#2455=IFCFACEOUTERBOUND(#3738,.T.);
#2453=IFCFACEOUTERBOUND(#3739,.T.);
#2456=IFCFACEOUTERBOUND(#3740,.T.);
#2457=IFCFACEOUTERBOUND(#3741,.T.);
#2458=IFCFACEOUTERBOUND(#3742,.T.);
#2459=IFCFACEOUTERBOUND(#3743,.T.);
#2460=IFCFACEOUTERBOUND(#3744,.T.);
#2461=IFCFACEOUTERBOUND(#3745,.T.);
#2462=IFCFACEOUTERBOUND(#3746,.T.);
#2464=IFCFACEOUTERBOUND(#3747,.T.);
#2465=IFCFACEOUTERBOUND(#3748,.T.);
#2466=IFCFACEOUTERBOUND(#3749,.T.);
#2467=IFCFACEOUTERBOUND(#3750,.T.);
#2481=IFCFACEOUTERBOUND(#3765,.T.);
#2480=IFCFACEOUTERBOUND(#3764,.T.);
#2478=IFCFACEOUTERBOUND(#3763,.T.);
#2479=IFCFACEOUTERBOUND(#3762,.T.);
#2403=IFCFACEOUTERBOUND(#3768,.T.);
#2477=IFCFACEOUTERBOUND(#3761,.T.);
#2476=IFCFACEOUTERBOUND(#3760,.T.);
#2463=IFCFACEOUTERBOUND(#3759,.T.);
#2475=IFCFACEOUTERBOUND(#3758,.T.);
#2474=IFCFACEOUTERBOUND(#3757,.T.);
#2473=IFCFACEOUTERBOUND(#3756,.T.);
#2472=IFCFACEOUTERBOUND(#3755,.T.);
#2471=IFCFACEOUTERBOUND(#3754,.T.);
#2470=IFCFACEOUTERBOUND(#3753,.T.);
#2469=IFCFACEOUTERBOUND(#3752,.T.);
#2468=IFCFACEOUTERBOUND(#3751,.T.);
#2498=IFCFACEOUTERBOUND(#3781,.T.);
#2494=IFCFACEOUTERBOUND(#3783,.T.);
#2497=IFCFACEOUTERBOUND(#3780,.T.);
#2492=IFCFACEOUTERBOUND(#3784,.T.);
#2496=IFCFACEOUTERBOUND(#3779,.T.);
#2495=IFCFACEOUTERBOUND(#3778,.T.);
#2493=IFCFACEOUTERBOUND(#3777,.T.);
#2490=IFCFACEOUTERBOUND(#3776,.T.);
#2489=IFCFACEOUTERBOUND(#3775,.T.);
#2491=IFCFACEOUTERBOUND(#3774,.T.);
#2488=IFCFACEOUTERBOUND(#3773,.T.);
#2486=IFCFACEOUTERBOUND(#3772,.T.);
#2487=IFCFACEOUTERBOUND(#3771,.T.);
#2483=IFCFACEOUTERBOUND(#3766,.T.);
#2485=IFCFACEOUTERBOUND(#3770,.T.);
#2482=IFCFACEOUTERBOUND(#3767,.T.);
#2484=IFCFACEOUTERBOUND(#3769,.T.);
#2512=IFCFACEOUTERBOUND(#3798,.T.);
#2514=IFCFACEOUTERBOUND(#3797,.T.);
#2513=IFCFACEOUTERBOUND(#3796,.T.);
#2511=IFCFACEOUTERBOUND(#3795,.T.);
#2507=IFCFACEOUTERBOUND(#3799,.T.);
#2508=IFCFACEOUTERBOUND(#3794,.T.);
#2510=IFCFACEOUTERBOUND(#3793,.T.);
#2509=IFCFACEOUTERBOUND(#3792,.T.);
#2506=IFCFACEOUTERBOUND(#3791,.T.);
#2505=IFCFACEOUTERBOUND(#3790,.T.);
#2502=IFCFACEOUTERBOUND(#3789,.T.);
#2504=IFCFACEOUTERBOUND(#3788,.T.);
#2503=IFCFACEOUTERBOUND(#3787,.T.);
#2501=IFCFACEOUTERBOUND(#3786,.T.);
#2499=IFCFACEOUTERBOUND(#3782,.T.);
#2500=IFCFACEOUTERBOUND(#3785,.T.);
#2517=IFCFACEOUTERBOUND(#3802,.T.);
#2532=IFCFACEOUTERBOUND(#3815,.T.);
#2530=IFCFACEOUTERBOUND(#3814,.T.);
#2529=IFCFACEOUTERBOUND(#3813,.T.);
#2528=IFCFACEOUTERBOUND(#3812,.T.);
#2527=IFCFACEOUTERBOUND(#3811,.T.);
#2526=IFCFACEOUTERBOUND(#3810,.T.);
#2525=IFCFACEOUTERBOUND(#3809,.T.);
#2522=IFCFACEOUTERBOUND(#3808,.T.);
#2523=IFCFACEOUTERBOUND(#3807,.T.);
#2521=IFCFACEOUTERBOUND(#3806,.T.);
#2519=IFCFACEOUTERBOUND(#3805,.T.);
#2520=IFCFACEOUTERBOUND(#3804,.T.);
#2515=IFCFACEOUTERBOUND(#3801,.T.);
#2518=IFCFACEOUTERBOUND(#3803,.T.);
#2516=IFCFACEOUTERBOUND(#3800,.T.);
#2545=IFCFACEOUTERBOUND(#3830,.T.);
#2546=IFCFACEOUTERBOUND(#3831,.T.);
#2544=IFCFACEOUTERBOUND(#3829,.T.);
#2542=IFCFACEOUTERBOUND(#3828,.T.);
#2543=IFCFACEOUTERBOUND(#3827,.T.);
#2540=IFCFACEOUTERBOUND(#3826,.T.);
#2539=IFCFACEOUTERBOUND(#3825,.T.);
#2541=IFCFACEOUTERBOUND(#3824,.T.);
#2538=IFCFACEOUTERBOUND(#3823,.T.);
#2537=IFCFACEOUTERBOUND(#3822,.T.);
#2524=IFCFACEOUTERBOUND(#3821,.T.);
#2536=IFCFACEOUTERBOUND(#3820,.T.);
#2535=IFCFACEOUTERBOUND(#3819,.T.);
#2534=IFCFACEOUTERBOUND(#3818,.T.);
#2531=IFCFACEOUTERBOUND(#3817,.T.);
#2533=IFCFACEOUTERBOUND(#3816,.T.);
#2548=IFCFACEOUTERBOUND(#3833,.T.);
#2547=IFCFACEOUTERBOUND(#3832,.T.);
#2562=IFCFACEOUTERBOUND(#3848,.T.);
#2563=IFCFACEOUTERBOUND(#3847,.T.);
#2561=IFCFACEOUTERBOUND(#3846,.T.);
#2557=IFCFACEOUTERBOUND(#3845,.T.);
#2560=IFCFACEOUTERBOUND(#3844,.T.);
#2559=IFCFACEOUTERBOUND(#3843,.T.);
#2552=IFCFACEOUTERBOUND(#3842,.T.);
#2558=IFCFACEOUTERBOUND(#3841,.T.);
#2556=IFCFACEOUTERBOUND(#3840,.T.);
#2555=IFCFACEOUTERBOUND(#3839,.T.);
#2554=IFCFACEOUTERBOUND(#3838,.T.);
#2564=IFCFACEOUTERBOUND(#3849,.T.);
#2565=IFCFACEOUTERBOUND(#3851,.T.);
#2553=IFCFACEOUTERBOUND(#3837,.T.);
#2551=IFCFACEOUTERBOUND(#3836,.T.);
#2550=IFCFACEOUTERBOUND(#3835,.T.);
#2549=IFCFACEOUTERBOUND(#3834,.T.);
#2579=IFCFACEOUTERBOUND(#3865,.T.);
#2583=IFCFACEOUTERBOUND(#3866,.T.);
#2580=IFCFACEOUTERBOUND(#3867,.T.);
#2581=IFCFACEOUTERBOUND(#3864,.T.);
#2578=IFCFACEOUTERBOUND(#3863,.T.);
#2577=IFCFACEOUTERBOUND(#3862,.T.);
#2576=IFCFACEOUTERBOUND(#3861,.T.);
#2575=IFCFACEOUTERBOUND(#3860,.T.);
#2571=IFCFACEOUTERBOUND(#3859,.T.);
#2573=IFCFACEOUTERBOUND(#3858,.T.);
#2574=IFCFACEOUTERBOUND(#3857,.T.);
#2572=IFCFACEOUTERBOUND(#3856,.T.);
#2570=IFCFACEOUTERBOUND(#3855,.T.);
#2569=IFCFACEOUTERBOUND(#3854,.T.);
#2568=IFCFACEOUTERBOUND(#3853,.T.);
#2567=IFCFACEOUTERBOUND(#3852,.T.);
#2566=IFCFACEOUTERBOUND(#3850,.T.);
#2597=IFCFACEOUTERBOUND(#3884,.T.);
#2596=IFCFACEOUTERBOUND(#3883,.T.);
#2595=IFCFACEOUTERBOUND(#3882,.T.);
#2594=IFCFACEOUTERBOUND(#3881,.T.);
#2591=IFCFACEOUTERBOUND(#3878,.T.);
#2593=IFCFACEOUTERBOUND(#3880,.T.);
#2592=IFCFACEOUTERBOUND(#3879,.T.);
#2590=IFCFACEOUTERBOUND(#3877,.T.);
#2589=IFCFACEOUTERBOUND(#3876,.T.);
#2586=IFCFACEOUTERBOUND(#3875,.T.);
#2588=IFCAXIS2PLACEMENT3D(#3872,#3873,#3874);
#2587=IFCFACEOUTERBOUND(#3871,.T.);
#2585=IFCFACEOUTERBOUND(#3870,.T.);
#2599=IFCFACEOUTERBOUND(#3886,.T.);
#2582=IFCFACEOUTERBOUND(#3868,.T.);
#2584=IFCFACEOUTERBOUND(#3869,.T.);
#2614=IFCFACEOUTERBOUND(#3901,.T.);
#2613=IFCFACEOUTERBOUND(#3900,.T.);
#2612=IFCFACEOUTERBOUND(#3899,.T.);
#2611=IFCFACEOUTERBOUND(#3898,.T.);
#2610=IFCFACEOUTERBOUND(#3897,.T.);
#2609=IFCFACEOUTERBOUND(#3896,.T.);
#2608=IFCFACEOUTERBOUND(#3895,.T.);
#2607=IFCFACEOUTERBOUND(#3894,.T.);
#2606=IFCFACEOUTERBOUND(#3893,.T.);
#2605=IFCFACEOUTERBOUND(#3892,.T.);
#2604=IFCFACEOUTERBOUND(#3891,.T.);
#2602=IFCFACEOUTERBOUND(#3890,.T.);
#2603=IFCFACEOUTERBOUND(#3889,.T.);
#2600=IFCFACEOUTERBOUND(#3887,.T.);
#2601=IFCFACEOUTERBOUND(#3888,.T.);
#2629=IFCFACEOUTERBOUND(#3916,.T.);
#2628=IFCFACEOUTERBOUND(#3915,.T.);
#2627=IFCFACEOUTERBOUND(#3914,.T.);
#2623=IFCFACEOUTERBOUND(#3913,.T.);
#2626=IFCFACEOUTERBOUND(#3912,.T.);
#2625=IFCFACEOUTERBOUND(#3911,.T.);
#2624=IFCFACEOUTERBOUND(#3910,.T.);
#2619=IFCFACEOUTERBOUND(#3909,.T.);
#2622=IFCFACEOUTERBOUND(#3908,.T.);
#2621=IFCFACEOUTERBOUND(#3907,.T.);
#2620=IFCFACEOUTERBOUND(#3906,.T.);
#2618=IFCFACEOUTERBOUND(#3905,.T.);
#2617=IFCFACEOUTERBOUND(#3904,.T.);
#2615=IFCFACEOUTERBOUND(#3902,.T.);
#2616=IFCFACEOUTERBOUND(#3903,.T.);
#2644=IFCFACEOUTERBOUND(#3931,.T.);
#2643=IFCFACEOUTERBOUND(#3930,.T.);
#2642=IFCFACEOUTERBOUND(#3929,.T.);
#2630=IFCFACEOUTERBOUND(#3918,.T.);
#2641=IFCFACEOUTERBOUND(#3928,.T.);
#2640=IFCFACEOUTERBOUND(#3927,.T.);
#2639=IFCFACEOUTERBOUND(#3926,.T.);
#2638=IFCFACEOUTERBOUND(#3925,.T.);
#2637=IFCFACEOUTERBOUND(#3924,.T.);
#2636=IFCFACEOUTERBOUND(#3923,.T.);
#2635=IFCFACEOUTERBOUND(#3922,.T.);
#2633=IFCFACEOUTERBOUND(#3921,.T.);
#2634=IFCFACEOUTERBOUND(#3920,.T.);
#2632=IFCFACEOUTERBOUND(#3919,.T.);
#2631=IFCFACEOUTERBOUND(#3917,.T.);
#2598=IFCFACEOUTERBOUND(#3885,.T.);
#2657=IFCFACEOUTERBOUND(#3947,.T.);
#2660=IFCFACEOUTERBOUND(#3946,.T.);
#2659=IFCFACEOUTERBOUND(#3945,.T.);
#2658=IFCFACEOUTERBOUND(#3944,.T.);
#2656=IFCFACEOUTERBOUND(#3943,.T.);
#2655=IFCFACEOUTERBOUND(#3942,.T.);
#2654=IFCFACEOUTERBOUND(#3941,.T.);
#2653=IFCFACEOUTERBOUND(#3940,.T.);
#2652=IFCFACEOUTERBOUND(#3939,.T.);
#2651=IFCFACEOUTERBOUND(#3938,.T.);
#2650=IFCFACEOUTERBOUND(#3937,.T.);
#2649=IFCFACEOUTERBOUND(#3936,.T.);
#2648=IFCFACEOUTERBOUND(#3935,.T.);
#2646=IFCFACEOUTERBOUND(#3933,.T.);
#2647=IFCFACEOUTERBOUND(#3934,.T.);
#2675=IFCFACEOUTERBOUND(#3962,.T.);
#2673=IFCFACEOUTERBOUND(#3961,.T.);
#2674=IFCFACEOUTERBOUND(#3960,.T.);
#2672=IFCFACEOUTERBOUND(#3959,.T.);
#2671=IFCFACEOUTERBOUND(#3958,.T.);
#2670=IFCFACEOUTERBOUND(#3957,.T.);
#2669=IFCFACEOUTERBOUND(#3956,.T.);
#2668=IFCFACEOUTERBOUND(#3955,.T.);
#2667=IFCFACEOUTERBOUND(#3954,.T.);
#2666=IFCFACEOUTERBOUND(#3953,.T.);
#2665=IFCFACEOUTERBOUND(#3952,.T.);
#2664=IFCFACEOUTERBOUND(#3951,.T.);
#2663=IFCFACEOUTERBOUND(#3950,.T.);
#2661=IFCFACEOUTERBOUND(#3948,.T.);
#2645=IFCFACEOUTERBOUND(#3932,.T.);
#2690=IFCFACEOUTERBOUND(#3977,.T.);
#2689=IFCFACEOUTERBOUND(#3976,.T.);
#2688=IFCFACEOUTERBOUND(#3975,.T.);
#2687=IFCFACEOUTERBOUND(#3974,.T.);
#2677=IFCFACEOUTERBOUND(#3964,.T.);
#2686=IFCFACEOUTERBOUND(#3973,.T.);
#2685=IFCFACEOUTERBOUND(#3972,.T.);
#2684=IFCFACEOUTERBOUND(#3971,.T.);
#2683=IFCFACEOUTERBOUND(#3970,.T.);
#2682=IFCFACEOUTERBOUND(#3969,.T.);
#2681=IFCFACEOUTERBOUND(#3968,.T.);
#2680=IFCFACEOUTERBOUND(#3967,.T.);
#2679=IFCFACEOUTERBOUND(#3966,.T.);
#2678=IFCFACEOUTERBOUND(#3965,.T.);
#2676=IFCFACEOUTERBOUND(#3963,.T.);
#2662=IFCFACEOUTERBOUND(#3949,.T.);
#2706=IFCCLASSIFICATIONREFERENCE($,'\X2\042104420435043D0430\X0\',$,#3992);
#2705=IFCPROPERTYSET('3Zn$HMLfKl1WkYcEDecSi9',#2,'\X2\04280423041C041E041704100429041804220410\X0\',$,(#3990,#3991));
#2704=IFCMATERIALLAYERSETUSAGE(#3989,.AXIS2.,.NEGATIVE.,0.);
#2691=IFCFACEOUTERBOUND(#3978,.T.);
#2703=IFCAXIS2PLACEMENT3D(#3986,#3987,#3988);
#2702=IFCCARTESIANPOINT((0.,0.));
#2707=IFCPROPERTYSET('0kY3gLDkzZjuUgHC69bUhx',#2,'\X2\041E041F041804210410041D04180415\X0\ \X2\041F0420041E04140423041A04220410\X0\ (\X2\0424043E0440043C0443043B0430\X0\)',$,(#3993,#3994,#3995));
#2701=IFCCARTESIANPOINT((5244.,0.));
#2699=IFCCARTESIANPOINT((540.0000000000009,-120.));
#2700=IFCCARTESIANPOINT((5124.,-120.));
#2698=IFCFACEOUTERBOUND(#3985,.T.);
#2697=IFCFACEOUTERBOUND(#3984,.T.);
#2696=IFCFACEOUTERBOUND(#3983,.T.);
#2695=IFCFACEOUTERBOUND(#3982,.T.);
#2694=IFCFACEOUTERBOUND(#3981,.T.);
#2692=IFCFACEOUTERBOUND(#3979,.T.);
#2693=IFCFACEOUTERBOUND(#3980,.T.);
#2721=IFCPROPERTYSET('3s3l23_YlS3k993Y7zpLh4',#2,'\X2\041E041F041804210410041D04180415\X0\ \X2\041F0420041E04140423041A04220410\X0\ (\X2\0424043E0440043C0443043B0430\X0\)',$,(#4012,#4013,#4014,#4015));
#2723=IFCCARTESIANPOINT((120.0000000000001,-120.));
#2722=IFCFURNITURETYPE('26aA_OC11t_faKH0qUkWyf',#2,'\X2\041A044004350441043B043E\X0\ 01 27',$,$,$,$,'8690AF98-3010-77FA-9914-440D1EBA0F29',$,.NOTDEFINED.);
#2718=IFCSURFACESTYLERENDERING(#4010,0.,IFCNORMALISEDRATIOMEASURE(1.),$,$,$,IFCNORMALISEDRATIOMEASURE(0.26),$,.NOTDEFINED.);
#2719=IFCPROPERTYSET('0xKTl7EZEnOmK9r8ZW_yr7',#2,'\X2\0418041D0424041E0420041C041004260418042F\X0\ \X2\041E\X0\ \X2\041F0420041E041804170412041E0414041804220415041B0415\X0\',$,(#4011));
#2720=IFCCLASSIFICATIONREFERENCE($,'\X2\041C043504310435043B044C\X0\',$,#3992);
#2713=IFCSTAIR('1KpE4ZYzbBkPH6afQ5Yk2j',#2,'\X2\041B04210422\X0\-001',$,$,#1754,$,'54CCE123-8BD9-4BB9-9446-9296858AE0AD',.NOTDEFINED.);
#2717=IFCCARTESIANPOINT((0.,0.));
#2715=IFCCARTESIANPOINT((979.0000000000001,-120.0000000000001));
#2716=IFCCARTESIANPOINT((1099.,0.));
#2714=IFCCARTESIANPOINT((119.9999999999999,-120.0000000000001));
#2724=IFCCARTESIANPOINT((4703.999999999999,-120.));
#2712=IFCWALLTYPE('1kXPvA2n_TotzaJcMe11Y4',#2,'\X2\04160435043B04350437043E043104350442043E043D\X0\ - \X2\041A043E043D0441044204400443043A04460438043E043D043D044B0439\X0\ 120',$,$,$,$,'6E859E4A-0B1F-9DCB-7F64-4E65A8041884',$,.NOTDEFINED.);
#2711=IFCELEMENTQUANTITY('0T5Ci$ZDAotcAx5xjLbL6B',#2,'\X2\041E0411042904180415\X0\ \X2\04140410041D041D042B0415\X0\ \X2\041E\X0\ \X2\041F041E0412041504200425041D041E04210422042F0425\X0\ (\X2\0421043E043F043E0441044204300432043B0435043D04380435\X0\)',$,'Archicad BIM Quantities',(#4000,#4001,#4002));
#2709=IFCPROPERTYSET('1M1sF7ZBnx8jz_Pbs$vdKo',#2,'AC_Pset_RenovationAndPhasing',$,(#3999));
#2710=IFCPROPERTYSET('2$HHi4Q09mhnr67B5tk_UF',#2,'Pset_WallCommon',$,(#3997,#3998));
#2708=IFCPROPERTYSET('0zYJN4GLY89Lk9iWBB3kLx',#2,'\X2\041E0411042904180415\X0\ \X2\04140410041D041D042B0415\X0\ \X2\041E\X0\ \X2\041F041E0412041504200425041D041E04210422042F0425\X0\ (\X2\0421043E043F043E0441044204300432043B0435043D04380435\X0\)',$,(#3996));
#2739=IFCPROPERTYSET('3i4atVRL5SFWnCI2S7RacU',#2,'\X2\041E041F041804210410041D04180415\X0\ \X2\041F0420041E04140423041A04220410\X0\ (\X2\0424043E0440043C0443043B0430\X0\)',$,(#4037,#4038,#4039));
#2735=IFCELEMENTQUANTITY('37ZJ2FVfOe$pv9VQgRWw9r',#2,'\X2\041E0411042904180415\X0\ \X2\04140410041D041D042B0415\X0\ \X2\041E\X0\ \X2\041F041E0412041504200425041D041E04210422042F0425\X0\ (\X2\0421043E043F043E0441044204300432043B0435043D04380435\X0\)',$,'Archicad BIM Quantities',(#4034,#4035,#4036));
#2737=IFCMATERIALLAYERSETUSAGE(#3989,.AXIS2.,.NEGATIVE.,0.);
#2738=IFCPROPERTYSET('2kIPuLcM5uWtD1kSak9sRy',#2,'\X2\04280423041C041E041704100429041804220410\X0\',$,(#4032,#4033));
#2740=IFCPROPERTYSET('2s1UByVXH9ULi5IHYdkmM4',#2,'\X2\041E0411042904180415\X0\ \X2\04140410041D041D042B0415\X0\ \X2\041E\X0\ \X2\041F041E0412041504200425041D041E04210422042F0425\X0\ (\X2\0421043E043F043E0441044204300432043B0435043D04380435\X0\)',$,(#4040));
#2736=IFCAXIS2PLACEMENT3D(#4029,#4030,#4031);
#2731=IFCPROPERTYSET('0xNYcwwwVYv9HV$UpBQUzH',#2,'\X2\041E041F041804210410041D04180415\X0\ \X2\041F0420041E04140423041A04220410\X0\ (\X2\0424043E0440043C0443043B0430\X0\)',$,(#4022,#4023,#4024));
#2734=IFCPROPERTYSET('3BGG4GJqufJ3WJWv909eKN',#2,'Pset_WallCommon',$,(#4027,#4028));
#2732=IFCPROPERTYSET('1zDLtr0qi4YDhI9rF07X9F',#2,'\X2\041E0411042904180415\X0\ \X2\04140410041D041D042B0415\X0\ \X2\041E\X0\ \X2\041F041E0412041504200425041D041E04210422042F0425\X0\ (\X2\0421043E043F043E0441044204300432043B0435043D04380435\X0\)',$,(#4026));
#2733=IFCPROPERTYSET('2m5OKkwBTmNq2EZMP5JAPL',#2,'AC_Pset_RenovationAndPhasing',$,(#4025));
#2730=IFCPROPERTYSET('0cwWJ3ItLriMqONCKtA2x_',#2,'\X2\04280423041C041E041704100429041804220410\X0\',$,(#4020,#4021));
#2729=IFCMATERIALLAYERSETUSAGE(#3989,.AXIS2.,.NEGATIVE.,0.);
#2741=IFCPROPERTYSET('2vgI0$_q5USjskBfdVwzPU',#2,'AC_Pset_RenovationAndPhasing',$,(#4043));
#2728=IFCPROPERTYSET('24V4WCCfE89Pm_GuFAkUFq',#2,'AC_Pset_RenovationAndPhasing',$,(#4019));
#2726=IFCCARTESIANPOINT((0.,0.));
#2727=IFCAXIS2PLACEMENT3D(#4016,#4017,#4018);
#2725=IFCCARTESIANPOINT((5244.,0.));
#2756=IFCMATERIALLAYERSETUSAGE(#4052,.AXIS2.,.NEGATIVE.,0.);
#2755=IFCPROPERTYSET('16IVn6RCzqWM0Pd6JVDauC',#2,'\X2\04280423041C041E041704100429041804220410\X0\',$,(#4053,#4054));
#2754=IFCCARTESIANPOINT((0.,8071.097659966814));
#2753=IFCCARTESIANPOINT((15962.78563520551,8071.097659966814));
#2752=IFCCARTESIANPOINT((15962.78563520551,0.));
#2751=IFCCARTESIANPOINT((0.,0.));
#2749=IFCAXIS2PLACEMENT3D(#4049,#4050,#4051);
#2750=IFCCARTESIANPOINT((0.,0.));
#2748=IFCCARTESIANPOINT((1098.999999999998,0.));
#2746=IFCCARTESIANPOINT((119.9999999999999,-540.));
#2747=IFCCARTESIANPOINT((978.9999999999982,-540.));
#2743=IFCELEMENTQUANTITY('2aY5CavxSiZ9ACrNlDgadG',#2,'\X2\041E0411042904180415\X0\ \X2\04140410041D041D042B0415\X0\ \X2\041E\X0\ \X2\041F041E0412041504200425041D041E04210422042F0425\X0\ (\X2\0421043E043F043E0441044204300432043B0435043D04380435\X0\)',$,'Archicad BIM Quantities',(#4046,#4047,#4048));
#2745=IFCFACEOUTERBOUND(#4045,.T.);
#2742=IFCPROPERTYSET('3kEiG$r$27izDl92ZyNvow',#2,'Pset_WallCommon',$,(#4041,#4042));
#2744=IFCFACEOUTERBOUND(#4044,.T.);
#2771=IFCAXIS2PLACEMENT3D(#4074,#4075,#4077);
#2767=IFCFACEOUTERBOUND(#4076,.T.);
#2774=IFCFACEOUTERBOUND(#4079,.T.);
#2773=IFCFACEOUTERBOUND(#4078,.T.);
#2769=IFCAXIS2PLACEMENT3D(#4070,#4072,#4073);
#2770=IFCFACEOUTERBOUND(#4071,.T.);
#2768=IFCFACEOUTERBOUND(#4069,.T.);
#2764=IFCSURFACESTYLERENDERING(#4063,0.,IFCNORMALISEDRATIOMEASURE(0.72),$,$,$,IFCNORMALISEDRATIOMEASURE(0.77),$,.NOTDEFINED.);
#2765=IFCFACEOUTERBOUND(#4068,.T.);
#2766=IFCFACEOUTERBOUND(#4067,.T.);
#2762=IFCWALLTYPE('2kvUashE1GRyZ5nvGDXbws',#2,'\X2\04160435043B04350437043E043104350442043E043D\X0\ - \X2\041A043E043D0441044204400443043A04460438043E043D043D044B0439\X0\ 540',$,$,$,$,'AEE5E936-ACE0-506F-C8C5-C7940D865EB6',$,.NOTDEFINED.);
#2760=IFCELEMENTQUANTITY('0Rss7NxIxX1il1QafVIVxz',#2,'\X2\041E0411042904180415\X0\ \X2\04140410041D041D042B0415\X0\ \X2\041E\X0\ \X2\041F041E0412041504200425041D041E04210422042F0425\X0\ (\X2\0421043E043F043E0441044204300432043B0435043D04380435\X0\)',$,'Archicad BIM Quantities',(#4064,#4065,#4066));
#2763=IFCFACEOUTERBOUND(#4062,.T.);
#2761=IFCPROPERTYSET('3N$49DPX1WzWnrgD9rgSpd',#2,'Pset_WallCommon',$,(#4060,#4061));
#2759=IFCPROPERTYSET('3rk6f3RCSG4MORpEcL$vTV',#2,'AC_Pset_RenovationAndPhasing',$,(#4059));
#2758=IFCPROPERTYSET('0ltbQPDpJCR$GR92rVY$sb',#2,'\X2\041E0411042904180415\X0\ \X2\04140410041D041D042B0415\X0\ \X2\041E\X0\ \X2\041F041E0412041504200425041D041E04210422042F0425\X0\ (\X2\0421043E043F043E0441044204300432043B0435043D04380435\X0\)',$,(#4058));
#2757=IFCPROPERTYSET('3m6MCwSlRPcMVnCqxUR$DL',#2,'\X2\041E041F041804210410041D04180415\X0\ \X2\041F0420041E04140423041A04220410\X0\ (\X2\0424043E0440043C0443043B0430\X0\)',$,(#4055,#4056,#4057));
#2777=IFCFACEOUTERBOUND(#4083,.T.);
#2772=IFCSURFACESTYLERENDERING(#4080,0.,IFCNORMALISEDRATIOMEASURE(0.62),$,$,$,IFCNORMALISEDRATIOMEASURE(0.19),$,.NOTDEFINED.);
#2776=IFCFACEOUTERBOUND(#4082,.T.);
#2775=IFCFACEOUTERBOUND(#4081,.T.);
#2780=IFCFACEOUTERBOUND(#4084,.T.);
#2781=IFCFACEOUTERBOUND(#4085,.T.);
#2782=IFCFACEOUTERBOUND(#4086,.T.);
#2790=IFCAXIS2PLACEMENT3D(#4093,#4094,#4095);
#2787=IFCCLASSIFICATIONREFERENCE($,'\X2\041F043504400435043A0440044B044204380435\X0\',$,#3992);
#2788=IFCFACEOUTERBOUND(#4092,.T.);
#2785=IFCMATERIALLAYERSETUSAGE(#4090,.AXIS3.,.NEGATIVE.,385.);
#2779=IFCPROPERTYSET('3jWjYeaSqhWofDkmctXtgL',#2,'AC_Pset_RenovationAndPhasing',$,(#4091));
#2783=IFCFACEOUTERBOUND(#4089,.T.);
#2784=IFCFACEOUTERBOUND(#4088,.T.);
#2778=IFCFACEOUTERBOUND(#4087,.T.);
#2789=IFCPROPERTYSET('3TyrKsWFiOStpkzgmaCJ3v',#2,'\X2\04280423041C041E041704100429041804220410\X0\',$,(#4096,#4097));
#2806=IFCFACEOUTERBOUND(#4121,.T.);
#2805=IFCFACEOUTERBOUND(#4120,.T.);
#2804=IFCFACEOUTERBOUND(#4119,.T.);
#2803=IFCFACEOUTERBOUND(#4118,.T.);
#2802=IFCPROPERTYSET('3A2DoZXHNkXbgu1BKG50rF',#2,'AC_Pset_RenovationAndPhasing',$,(#4117));
#2799=IFCFACEOUTERBOUND(#4116,.T.);
#2800=IFCFACEOUTERBOUND(#4115,.T.);
#2795=IFCELEMENTQUANTITY('1kOJdHuuhGl$gWLSiR_vYQ',#2,'\X2\041E0411042904180415\X0\ \X2\04140410041D041D042B0415\X0\ \X2\041E\X0\ \X2\041F041E0412041504200425041D041E04210422042F0425\X0\ (\X2\0421043E043F043E0441044204300432043B0435043D04380435\X0\)',$,'Archicad BIM Quantities',(#4107,#4108,#4109,#4113,#4114));
#2798=IFCAXIS2PLACEMENT3D(#4110,#4111,#4112);
#2797=IFCSLABTYPE('0888VG_z$xJEYK368HmQ$c',#2,'\X2\041104350442043E043D\X0\ - \X2\041A043E043D0441044204400443043A04460438043E043D043D044B0439\X0\ 385',$,$,$,$,'082087D0-FBDF-FB4C-E894-0C6211C1AFE6',$,.NOTDEFINED.);
#2796=IFCFACEOUTERBOUND(#4106,.T.);
#2794=IFCPROPERTYSET('1s2P9Qr7RZIZjfR1$HubsY',#2,'Pset_SlabCommon',$,(#4105));
#2792=IFCPROPERTYSET('0zQ7Nhrer$u20IhhEC$LIc',#2,'\X2\041E041F041804210410041D04180415\X0\ \X2\041F0420041E04140423041A04220410\X0\ (\X2\0424043E0440043C0443043B0430\X0\)',$,(#4102,#4103,#4104));
#2793=IFCPROPERTYSET('32y6VhjSVbLbDQL3SekXQY',#2,'AC_Pset_RenovationAndPhasing',$,(#4101));
#2791=IFCPROPERTYSET('0$RpX$O1aDBWqlnPHb_TuK',#2,'\X2\041E0411042904180415\X0\ \X2\04140410041D041D042B0415\X0\ \X2\041E\X0\ \X2\041F041E0412041504200425041D041E04210422042F0425\X0\ (\X2\0421043E043F043E0441044204300432043B0435043D04380435\X0\)',$,(#4098,#4099,#4100));
#2819=IFCFACEOUTERBOUND(#4140,.T.);
#2820=IFCFACEOUTERBOUND(#4139,.T.);
#2818=IFCFACEOUTERBOUND(#4138,.T.);
#2815=IFCAXIS2PLACEMENT3D(#4135,#4136,#4137);
#2817=IFCFACEOUTERBOUND(#4134,.T.);
#2816=IFCFACEOUTERBOUND(#4133,.T.);
#2812=IFCPROPERTYSET('2wictd58Vpj4WygIHWCDBl',#2,'AC_Pset_RenovationAndPhasing',$,(#4132));
#2814=IFCFACEOUTERBOUND(#4131,.T.);
#2813=IFCFACEOUTERBOUND(#4130,.T.);
#2801=IFCPROPERTYSET('2nDCOYbYP_nhHEKtbg__6A',#2,'AC_Pset_RenovationAndPhasing',$,(#4129));
#2811=IFCFACEOUTERBOUND(#4128,.T.);
#2821=IFCFACEOUTERBOUND(#4141,.T.);
#2810=IFCFACEOUTERBOUND(#4127,.T.);
#2809=IFCFACEOUTERBOUND(#4126,.T.);
#2808=IFCFACEOUTERBOUND(#4125,.T.);
#2807=IFCAXIS2PLACEMENT3D(#4122,#4123,#4124);
#2835=IFCFACEOUTERBOUND(#4157,.T.);
#2786=IFCBUILDINGELEMENTPROXYTYPE('1mL9id_WF1E$YsRGkACOS3',#2,'IfcBuildingElementProxy',$,$,$,$,'70549B27-FA03-C13B-F8B6-6D0B8A318703',$,.NOTDEFINED.);
#2836=IFCAXIS2PLACEMENT3D(#4158,#4159,#4160);
#2834=IFCFACEOUTERBOUND(#4156,.T.);
#2833=IFCFACEOUTERBOUND(#4155,.T.);
#2829=IFCPROPERTYSET('3Rprk6NMtL9Wg8jb0ljJFH',#2,'AC_Pset_RenovationAndPhasing',$,(#4154));
#2832=IFCFACEOUTERBOUND(#4153,.T.);
#2831=IFCFACEOUTERBOUND(#4152,.T.);
#2830=IFCFACEOUTERBOUND(#4151,.T.);
#2828=IFCFACEOUTERBOUND(#4150,.T.);
#2827=IFCFACEOUTERBOUND(#4149,.T.);
#2826=IFCFACEOUTERBOUND(#4148,.T.);
#2825=IFCFACEOUTERBOUND(#4147,.T.);
#2824=IFCFACEOUTERBOUND(#4146,.T.);
#2823=IFCAXIS2PLACEMENT3D(#4143,#4144,#4145);
#2822=IFCPROPERTYSET('1PdDIXzBLc3ssEr4_nKamD',#2,'AC_Pset_RenovationAndPhasing',$,(#4142));
#2852=IFCFACEOUTERBOUND(#4179,.T.);
#2853=IFCFACEOUTERBOUND(#4180,.T.);
#2850=IFCAXIS2PLACEMENT3D(#4176,#4177,#4178);
#2849=IFCFACEOUTERBOUND(#4175,.T.);
#2848=IFCFACEOUTERBOUND(#4174,.T.);
#2845=IFCPROPERTYSET('1_maNVGaBPl$0bsuKkxxNn',#2,'AC_Pset_RenovationAndPhasing',$,(#4173));
#2844=IFCPROPERTYSET('1N6lAtLwItNTcqfltEmtZH',#2,'AC_Pset_RenovationAndPhasing',$,(#4172));
#2847=IFCFACEOUTERBOUND(#4171,.T.);
#2846=IFCFACEOUTERBOUND(#4170,.T.);
#2843=IFCFACEOUTERBOUND(#4169,.T.);
#2842=IFCAXIS2PLACEMENT3D(#4166,#4167,#4168);
#2841=IFCFACEOUTERBOUND(#4165,.T.);
#2840=IFCFACEOUTERBOUND(#4164,.T.);
#2838=IFCFACEOUTERBOUND(#4162,.T.);
#2837=IFCFACEOUTERBOUND(#4161,.T.);
#2839=IFCFACEOUTERBOUND(#4163,.T.);
#2855=IFCFACEOUTERBOUND(#4182,.T.);
#2868=IFCFACEOUTERBOUND(#4200,.T.);
#2869=IFCFACEOUTERBOUND(#4199,.T.);
#2851=IFCFACEOUTERBOUND(#4198,.T.);
#2867=IFCFACEOUTERBOUND(#4197,.T.);
#2866=IFCAXIS2PLACEMENT3D(#4194,#4195,#4196);
#2865=IFCFACEOUTERBOUND(#4193,.T.);
#2864=IFCFACEOUTERBOUND(#4192,.T.);
#2863=IFCFACEOUTERBOUND(#4191,.T.);
#2862=IFCFACEOUTERBOUND(#4190,.T.);
#2860=IFCAXIS2PLACEMENT3D(#4186,#4188,#4189);
#2858=IFCFACEOUTERBOUND(#4187,.T.);
#2859=IFCFACEOUTERBOUND(#4185,.T.);
#2857=IFCFACEOUTERBOUND(#4184,.T.);
#2854=IFCPROPERTYSET('0TiPCB2hbQjZVTM36whJ5F',#2,'AC_Pset_RenovationAndPhasing',$,(#4181));
#2856=IFCFACEOUTERBOUND(#4183,.T.);
#2883=IFCFACEOUTERBOUND(#4219,.T.);
#2884=IFCAXIS2PLACEMENT3D(#4216,#4217,#4218);
#2882=IFCFACEOUTERBOUND(#4215,.T.);
#2881=IFCFACEOUTERBOUND(#4214,.T.);
#2879=IFCFACEOUTERBOUND(#4213,.T.);
#2877=IFCFACEOUTERBOUND(#4212,.T.);
#2878=IFCFACEOUTERBOUND(#4211,.T.);
#2885=IFCPROPERTYSET('3tvjcBygghfSRUCerGJY_c',#2,'AC_Pset_RenovationAndPhasing',$,(#4221));
#2872=IFCFACEOUTERBOUND(#4210,.T.);
#2876=IFCFACEOUTERBOUND(#4209,.T.);
#2875=IFCAXIS2PLACEMENT3D(#4206,#4207,#4208);
#2874=IFCFACEOUTERBOUND(#4205,.T.);
#2873=IFCFACEOUTERBOUND(#4204,.T.);
#2870=IFCPROPERTYSET('3kUnAvj5dG3U07guwtDckc',#2,'AC_Pset_RenovationAndPhasing',$,(#4202));
#2861=IFCPROPERTYSET('2_qXP1NDHYyFHg8wqkqWZ5',#2,'AC_Pset_RenovationAndPhasing',$,(#4203));
#2871=IFCFACEOUTERBOUND(#4201,.T.);
#2901=IFCFACEOUTERBOUND(#4239,.T.);
#2897=IFCFACEOUTERBOUND(#4238,.T.);
#2899=IFCFACEOUTERBOUND(#4237,.T.);
#2896=IFCFACEOUTERBOUND(#4236,.T.);
#2900=IFCFACEOUTERBOUND(#4240,.T.);
#2895=IFCFACEOUTERBOUND(#4235,.T.);
#2894=IFCPROPERTYSET('3Hume8TAaFvieAsXm3yJ1z',#2,'AC_Pset_RenovationAndPhasing',$,(#4234));
#2892=IFCFACEOUTERBOUND(#4233,.T.);
#2893=IFCAXIS2PLACEMENT3D(#4230,#4231,#4232);
#2880=IFCPROPERTYSET('1yG5ptZFKAefPmv3uS7_$o',#2,'AC_Pset_RenovationAndPhasing',$,(#4227));
#2891=IFCFACEOUTERBOUND(#4229,.T.);
#2890=IFCFACEOUTERBOUND(#4228,.T.);
#2889=IFCFACEOUTERBOUND(#4226,.T.);
#2888=IFCAXIS2PLACEMENT3D(#4223,#4224,#4225);
#2886=IFCFACEOUTERBOUND(#4220,.T.);
#2887=IFCFACEOUTERBOUND(#4222,.T.);
#2917=IFCFACEOUTERBOUND(#4259,.T.);
#2916=IFCFACEOUTERBOUND(#4258,.T.);
#2914=IFCPROPERTYSET('0S41yJDHhR2_YPFm_lYq3l',#2,'AC_Pset_RenovationAndPhasing',$,(#4257));
#2913=IFCAXIS2PLACEMENT3D(#4253,#4255,#4256);
#2911=IFCPROPERTYSET('35g3G8IIJUTVcioSP$Hpo7',#2,'AC_Pset_RenovationAndPhasing',$,(#4254));
#2912=IFCFACEOUTERBOUND(#4252,.T.);
#2909=IFCAXIS2PLACEMENT3D(#4248,#4250,#4251);
#2910=IFCFACEOUTERBOUND(#4249,.T.);
#2908=IFCFACEOUTERBOUND(#4247,.T.);
#2907=IFCFACEOUTERBOUND(#4246,.T.);
#2905=IFCFACEOUTERBOUND(#4245,.T.);
#2902=IFCPROPERTYSET('01y2nXAxIkgAVVsvo$oQ7C',#2,'AC_Pset_RenovationAndPhasing',$,(#4242));
#2904=IFCFACEOUTERBOUND(#4244,.T.);
#2898=IFCFACEOUTERBOUND(#4241,.T.);
#2903=IFCFACEOUTERBOUND(#4243,.T.);
#2932=IFCFACEOUTERBOUND(#4280,.T.);
#2927=IFCPROPERTYSET('250Vib_4tFxJ3QES8ouRwe',#2,'AC_Pset_RenovationAndPhasing',$,(#4278));
#2930=IFCFACEOUTERBOUND(#4279,.T.);
#2929=IFCAXIS2PLACEMENT3D(#4275,#4276,#4277);
#2928=IFCFACEOUTERBOUND(#4274,.T.);
#2926=IFCFACEOUTERBOUND(#4273,.T.);
#2924=IFCAXIS2PLACEMENT3D(#4268,#4269,#4272);
#2925=IFCFACEOUTERBOUND(#4271,.T.);
#2922=IFCPROPERTYSET('0zRyaEmB6jyyJIsBfkq3X1',#2,'AC_Pset_RenovationAndPhasing',$,(#4270));
#2923=IFCFACEOUTERBOUND(#4267,.T.);
#2921=IFCAXIS2PLACEMENT3D(#4264,#4265,#4266);
#2920=IFCFACEOUTERBOUND(#4263,.T.);
#2919=IFCFACEOUTERBOUND(#4262,.T.);
#2918=IFCFACEOUTERBOUND(#4261,.T.);
#2915=IFCFACEOUTERBOUND(#4260,.T.);
#2946=IFCCARTESIANPOINT((0.,0.));
#2906=IFCFACEOUTERBOUND(#4294,.T.);
#2945=IFCAXIS2PLACEMENT3D(#4291,#4292,#4293);
#2943=IFCAXIS2PLACEMENT3D(#4288,#4289,#4290);
#2947=IFCDIRECTION((1.,0.));
#2942=IFCCARTESIANPOINT((119.9999999999999,0.));
#2940=IFCCARTESIANPOINT((978.9999999999998,-80.00000000000007));
#2941=IFCCARTESIANPOINT((978.9999999999998,0.));
#2939=IFCCARTESIANPOINT((119.9999999999999,-80.00000000000007));
#2938=IFCPROPERTYSET('0MjWYJ1MKm978ySDpA3mek',#2,'AC_Pset_RenovationAndPhasing',$,(#4287));
#2937=IFCFACEOUTERBOUND(#4286,.T.);
#2936=IFCFACEOUTERBOUND(#4285,.T.);
#2935=IFCFACEOUTERBOUND(#4284,.T.);
#2934=IFCFACEOUTERBOUND(#4283,.T.);
#2933=IFCFACEOUTERBOUND(#4282,.T.);
#2931=IFCFACEOUTERBOUND(#4281,.T.);
#2954=IFCELEMENTQUANTITY('1c_HXo6h52upkbKpxV9FiI',#2,'\X2\041E0411042904180415\X0\ \X2\04140410041D041D042B0415\X0\ \X2\041E\X0\ \X2\041F041E0412041504200425041D041E04210422042F0425\X0\ (\X2\0421043E043F043E0441044204300432043B0435043D04380435\X0\)',$,'Archicad BIM Quantities',(#4306,#4307,#4308));
#2961=IFCFACEOUTERBOUND(#4310,.T.);
#2959=IFCDIRECTION((1.,0.));
#2960=IFCFACEOUTERBOUND(#4309,.T.);
#2958=IFCCARTESIANPOINT((0.,0.));
#2964=IFCCARTESIANPOINT((500.,0.));
#2963=IFCCARTESIANPOINT((0.,0.));
#2955=IFCWALLTYPE('0poXX3OhkKU$azUh_OzUCu',#2,'\X2\04160435043B04350437043E043104350442043E043D\X0\ - \X2\041A043E043D0441044204400443043A04460438043E043D043D044B0439\X0\ 80',$,$,$,$,'33CA1843-62BB-947B-F93D-7ABF98F5E338',$,.NOTDEFINED.);
#2957=IFCDIRECTION((1.,0.));
#2956=IFCCARTESIANPOINT((0.,0.));
#2952=IFCPROPERTYSET('0frM2QqCGOz177xiVyuuBO',#2,'Pset_WallCommon',$,(#4303,#4305));
#2953=IFCPROPERTYSET('0U5T104WvrfFDqvzReawqr',#2,'AC_Pset_RenovationAndPhasing',$,(#4304));
#2950=IFCPROPERTYSET('12plXJtNwyWCnCoeDk1$H$',#2,'\X2\041E041F041804210410041D04180415\X0\ \X2\041F0420041E04140423041A04220410\X0\ (\X2\0424043E0440043C0443043B0430\X0\)',$,(#4299,#4300,#4302));
#2951=IFCPROPERTYSET('0zESjuY1Mh12uFtY1wL8A2',#2,'\X2\041E0411042904180415\X0\ \X2\04140410041D041D042B0415\X0\ \X2\041E\X0\ \X2\041F041E0412041504200425041D041E04210422042F0425\X0\ (\X2\0421043E043F043E0441044204300432043B0435043D04380435\X0\)',$,(#4301));
#2949=IFCPROPERTYSET('3lyRB$qGkhjiEVdEMKRLy2',#2,'\X2\04280423041C041E041704100429041804220410\X0\',$,(#4297,#4298));
#2944=IFCPROPERTYSET('2x2krPgKX9lURGD0M83Tbh',#2,'AC_Pset_RenovationAndPhasing',$,(#4296));
#2948=IFCMATERIALLAYERSETUSAGE(#4295,.AXIS2.,.NEGATIVE.,0.);
#2978=IFCPROPERTYSET('2hk$o0v_WwB1mJxwn2O8Hi',#2,'\X2\04280423041C041E041704100429041804220410\X0\',$,(#4326,#4327));
#2977=IFCPROPERTYSET('3NV4R5deaSuOmZAWA3BF$z',#2,'AC_Pset_RenovationAndPhasing',$,(#4325));
#2976=IFCPROPERTYSET('1ZfHKV3G7wL0a7Wjsoi1vF',#2,'\X2\041E041F041804210410041D04180415\X0\ \X2\041F0420041E04140423041A04220410\X0\ (\X2\0424043E0440043C0443043B0430\X0\)',$,(#4322,#4323,#4324));
#2974=IFCPROPERTYSET('3dkQfCEDlkEWydBAdRpLwM',#2,'\X2\0418041D0424041E0420041C041004260418042F\X0\ \X2\041E\X0\ \X2\041F0420041E041804170412041E0414041804220415041B0415\X0\',$,(#4321));
#2975=IFCCLASSIFICATIONREFERENCE($,'\X2\041E04420432043504400441044204380435\X0\',$,#3992);
#2973=IFCAXIS2PLACEMENT3D(#4318,#4319,#4320);
#2972=IFCCARTESIANPOINT((0.,0.));
#2971=IFCCARTESIANPOINT((15962.78563520551,0.));
#2970=IFCCARTESIANPOINT((15962.78563520551,-500.));
#2969=IFCCARTESIANPOINT((0.,-500.));
#2967=IFCAXIS2PLACEMENT3D(#4312,#4313,#4317);
#2968=IFCAXIS2PLACEMENT3D(#4314,#4315,#4316);
#2966=IFCCARTESIANPOINT((0.,1098.999999999998));
#2965=IFCCARTESIANPOINT((500.,1098.999999999998));
#2962=IFCFACEOUTERBOUND(#4311,.T.);
#2995=IFCPROPERTYSET('184xFTXU4NKlNP4ZspGH25',#2,'Pset_WallCommon',$,(#4352,#4353));
#2991=IFCPROPERTYSET('2$8nVM7YRqkBRKFVqnDi0k',#2,'\X2\041E041F041804210410041D04180415\X0\ \X2\041F0420041E04140423041A04220410\X0\ (\X2\0424043E0440043C0443043B0430\X0\)',$,(#4346,#4347,#4348));
#2992=IFCPROPERTYSET('3IUrW8$e$4i7lVHd_rTAK_',#2,'\X2\04280423041C041E041704100429041804220410\X0\',$,(#4349,#4350));
#2990=IFCMATERIALLAYERSETUSAGE(#4345,.AXIS2.,.NEGATIVE.,0.);
#2989=IFCAXIS2PLACEMENT3D(#4342,#4343,#4344);
#2988=IFCDIRECTION((1.,0.));
#2985=IFCSLABTYPE('3u$bfqAifvN4vtWB2pJ7tb',#2,'\X2\04160435043B04350437043E043104350442043E043D\X0\ - \X2\041A043E043D0441044204400443043A04460438043E043D043D044B0439\X0\ 80',$,$,$,$,'F8FE5A74-2ACA-795C-4E77-80B0B34C7DE5',$,.NOTDEFINED.);
#2987=IFCCARTESIANPOINT((0.,0.));
#2986=IFCSURFACESTYLE('\X2\042804420443043A0430044204430440043A0430\X0\ - \X2\0412044B0441043E043A043E043A0430044704350441044204320435043D043D0430044F\X0\ \X2\04110435043B0430044F\X0\',.BOTH.,(#4341));
#2984=IFCELEMENTQUANTITY('3wAR9PkBCT8KppsN5Bt7C0',#2,'\X2\041E0411042904180415\X0\ \X2\04140410041D041D042B0415\X0\ \X2\041E\X0\ \X2\041F041E0412041504200425041D041E04210422042F0425\X0\ (\X2\0421043E043F043E0441044204300432043B0435043D04380435\X0\)',$,'Archicad BIM Quantities',(#4336,#4337,#4338,#4339,#4340));
#2983=IFCPROPERTYSET('3YMTjw7nSF2MY9v1GdSud6',#2,'Pset_SlabCommon',$,(#4335));
#2982=IFCPROPERTYSET('2C0rS6GGULQ3BJabEMc0C_',#2,'AC_Pset_RenovationAndPhasing',$,(#4334));
#2979=IFCMATERIALLAYERSETUSAGE(#4295,.AXIS3.,.NEGATIVE.,80.);
#2980=IFCPROPERTYSET('3mdV_U0YPKDBO961_yM_nK',#2,'\X2\041E041F041804210410041D04180415\X0\ \X2\041F0420041E04140423041A04220410\X0\ (\X2\0424043E0440043C0443043B0430\X0\)',$,(#4328,#4329,#4330));
#2981=IFCPROPERTYSET('38qL$LxhmWe1wd_QVkBeGs',#2,'\X2\041E0411042904180415\X0\ \X2\04140410041D041D042B0415\X0\ \X2\041E\X0\ \X2\041F041E0412041504200425041D041E04210422042F0425\X0\ (\X2\0421043E043F043E0441044204300432043B0435043D04380435\X0\)',$,(#4331,#4332,#4333));
#3009=IFCCOMPOSITECURVESEGMENT(.CONTINUOUS.,.T.,#4368);
#3007=IFCAXIS2PLACEMENT3D(#4365,#4366,#4367);
#3006=IFCFACEOUTERBOUND(#4364,.T.);
#3005=IFCFACEOUTERBOUND(#4363,.T.);
#3004=IFCFACEOUTERBOUND(#4362,.T.);
#3003=IFCFACEOUTERBOUND(#4361,.T.);
#3002=IFCFACEOUTERBOUND(#4360,.T.);
#2997=IFCWALLTYPE('29QEjccXo37CrW0ieH2jjA',#2,'\X2\041104350442043E043D\X0\ \X2\041B04350433043A04380439\X0\ 500',$,$,$,$,'8968EB66-9A1C-831C-CD60-02CA110ADB4A',$,.NOTDEFINED.);
#3001=IFCFACEOUTERBOUND(#4359,.T.);
#3000=IFCFACEOUTERBOUND(#4358,.T.);
#2999=IFCDIRECTION((1.,0.));
#2996=IFCELEMENTQUANTITY('3uFN2_KH5ludADqW4vYF4X',#2,'\X2\041E0411042904180415\X0\ \X2\04140410041D041D042B0415\X0\ \X2\041E\X0\ \X2\041F041E0412041504200425041D041E04210422042F0425\X0\ (\X2\0421043E043F043E0441044204300432043B0435043D04380435\X0\)',$,'Archicad BIM Quantities',(#4355,#4356,#4357));
#2998=IFCCARTESIANPOINT((0.,0.));
#2993=IFCPROPERTYSET('1hYhRON_vnPwtuawdLxtA_',#2,'\X2\041E0411042904180415\X0\ \X2\04140410041D041D042B0415\X0\ \X2\041E\X0\ \X2\041F041E0412041504200425041D041E04210422042F0425\X0\ (\X2\0421043E043F043E0441044204300432043B0435043D04380435\X0\)',$,(#4351));
#2994=IFCPROPERTYSET('22CncPK5D1YKVTtO1xsb8B',#2,'AC_Pset_RenovationAndPhasing',$,(#4354));
#3024=IFCPROPERTYSET('3TsJ_cAmrXh7c8G9oQ08V1',#2,'AC_Pset_RenovationAndPhasing',$,(#4391));
#3023=IFCCLASSIFICATIONREFERENCE($,'\X2\04110430043B043A0430\X0\',$,#3992);
#3022=IFCPROPERTYSET('2swcp3PpjdQkfJQYRBWeAS',#2,'\X2\041E041F041804210410041D04180415\X0\ \X2\041F0420041E04140423041A04220410\X0\ (\X2\0424043E0440043C0443043B0430\X0\)',$,(#4388,#4389,#4390));
#3021=IFCSLABTYPE('34SKgcYo49dd55IHfVZNkH',#2,'\X2\04160435043B04350437043E043104350442043E043D\X0\ - \X2\041A043E043D0441044204400443043A04460438043E043D043D044B0439\X0\',$,$,$,$,'C4714AA6-8B21-099E-7145-491A5F8D7B91',$,.NOTDEFINED.);
#3019=IFCELEMENTQUANTITY('3N_WDZROCTf88a9Vah1YtN',#2,'\X2\041E0411042904180415\X0\ \X2\04140410041D041D042B0415\X0\ \X2\041E\X0\ \X2\041F041E0412041504200425041D041E04210422042F0425\X0\ (\X2\0421043E043F043E0441044204300432043B0435043D04380435\X0\)',$,'Archicad BIM Quantities',(#4386,#4387));
#3025=IFCPROPERTYSET('3hL$J4wAZ4wZpOTYdiMMVF',#2,'Pset_BeamCommon',$,(#4392,#4394));
#3020=IFCAXIS2PLACEMENT3D(#4383,#4384,#4385);
#3018=IFCPROPERTYSET('2a0Q6tGQntuTtPf1x3723G',#2,'Pset_SlabCommon',$,(#4382));
#3016=IFCSURFACESTYLERENDERING(#4378,0.,IFCNORMALISEDRATIOMEASURE(0.41),$,$,$,IFCNORMALISEDRATIOMEASURE(0.1),$,.NOTDEFINED.);
#3015=IFCPROPERTYSET('3i5_QAD36a93wwsIKZt6Bo',#2,'\X2\041E041F041804210410041D04180415\X0\ \X2\041F0420041E04140423041A04220410\X0\ (\X2\0424043E0440043C0443043B0430\X0\)',$,(#4379,#4380,#4381));
#3014=IFCSURFACESTYLE('\X2\041C043504420430043B043B\X0\ - \X2\04160435043B04350437043E\X0\',.BOTH.,(#4377));
#3013=IFCPROPERTYSET('1VCt80hLGWUry2OY5zsyTz',#2,'\X2\04280423041C041E041704100429041804220410\X0\',$,(#4375,#4376));
#3035=IFCSURFACESTYLERENDERING(#4407,0.,IFCNORMALISEDRATIOMEASURE(0.62),$,$,$,IFCNORMALISEDRATIOMEASURE(0.19),$,.NOTDEFINED.);
#3036=IFCCARTESIANPOINT((0.,0.,0.));
#3034=IFCPOLYLOOP((#4404,#4403,#4406,#4405));
#3033=IFCPOLYLOOP((#4403,#4399,#4402,#4406));
#3032=IFCPOLYLOOP((#4402,#4401,#4405,#4406));
#3017=IFCPROPERTYSET('1lbf676TbuPBg3jhGjx9MV',#2,'AC_Pset_RenovationAndPhasing',$,(#4393));
#3030=IFCPOLYLOOP((#4399,#4403,#4404,#4400));
#3031=IFCPOLYLOOP((#4400,#4404,#4405,#4401));
#3028=IFCELEMENTQUANTITY('2fRd51ghEY50Cld6LXVrHa',#2,'\X2\0414041B0418041D0410\X0\ \X2\04110410041B041A0418\X0\ \X2\0414041B042F\X0\ \X2\04170410041A041004170410\X0\ (\X2\0424043E0440043C0443043B0430\X0\)',$,'Archicad BIM Quantities',(#4397,#4398));
#3029=IFCPOLYLOOP((#4399,#4400,#4401,#4402));
#3027=IFCBEAMTYPE('1Vkw9$sjt71qmHGkmEu3q6',#2,'\X2\0421043F0435044604380430043B044C043D044B0439\X0\ \X2\041F0440043E04440438043B044C\X0\ 25 x 25',$,$,$,$,'5FBBA27F-DADD-C707-4C11-42EC0EE03D06',$,.BEAM.);
#3026=IFCELEMENTQUANTITY('2W3fB9W9f$ao_FGyKz_G0G',#2,'\X2\041E0411042904180415\X0\ \X2\04140410041D041D042B0415\X0\ \X2\041E\X0\ \X2\041F041E0412041504200425041D041E04210422042F0425\X0\ (\X2\0421043E043F043E0441044204300432043B0435043D04380435\X0\)',$,'Archicad BIM Quantities',(#4395,#4396));
#3012=IFCAXIS2PLACEMENT3D(#4372,#4373,#4374);
#3008=IFCCOMPOSITECURVESEGMENT(.CONTINUOUS.,.T.,#4369);
#3011=IFCCOMPOSITECURVESEGMENT(.CONTINUOUS.,.T.,#4371);
#3010=IFCCOMPOSITECURVESEGMENT(.CONTINUOUS.,.T.,#4370);
#3051=IFCPOLYLOOP((#4420,#4422,#4433,#4423));
#3047=IFCPOLYLOOP((#4425,#4428,#4430,#4431));
#3049=IFCPOLYLOOP((#4425,#4426,#4427,#4428));
#3050=IFCPOLYLOOP((#4428,#4427,#4429,#4430));
#3045=IFCPOLYLOOP((#4414,#4415,#4418,#4411));
#3048=IFCPOLYLOOP((#4418,#4417,#4412,#4411));
#3046=IFCPOLYLOOP((#4421,#4422,#4420,#4419));
#3044=IFCPOLYLOOP((#4419,#4420,#4423,#4424));
#3041=IFCPOLYLOOP((#4414,#4413,#4416,#4415));
#3042=IFCPOLYLOOP((#4413,#4412,#4417,#4416));
#3052=IFCPOLYLOOP((#4426,#4425,#4431,#4432));
#3043=IFCPOLYLOOP((#4415,#4416,#4417,#4418));
#3040=IFCPOLYLOOP((#4411,#4412,#4413,#4414));
#3038=IFCDIRECTION((1.,0.,0.));
#3037=IFCDIRECTION((0.,0.,1.));
#3039=IFCAXIS2PLACEMENT3D(#4408,#4409,#4410);
#3069=IFCPOLYLOOP((#4477,#4478,#4479,#4480));
#3065=IFCPOLYLOOP((#4438,#4437,#4440,#4442));
#3066=IFCPOLYLOOP((#4444,#4453,#4475,#4445));
#3062=IFCPOLYLOOP((#4443,#4444,#4445,#4446,#4447,#4448,#4449,#4450,#4451,#4454,#4455,#4456,#4457,#4458,#4459,#4460,#4461,#4462,#4463,#4464,#4465,#4466,#4467,#4468,#4469,#4470,#4471,#4472));
#3064=IFCPOLYLOOP((#4435,#4438,#4442,#4441));
#3061=IFCPOLYLOOP((#4439,#4441,#4442,#4440));
#3063=IFCPOLYLOOP((#4443,#4452,#4453,#4444));
#3056=IFCPOLYLOOP((#4431,#4430,#4429,#4432));
#3060=IFCPOLYLOOP((#4436,#4435,#4441,#4439));
#3059=IFCPOLYLOOP((#4437,#4436,#4439,#4440));
#3058=IFCPOLYLOOP((#4434,#4433,#4422,#4421));
#3054=IFCPOLYLOOP((#4419,#4424,#4434,#4421));
#3057=IFCPOLYLOOP((#4435,#4436,#4437,#4438));
#3055=IFCPOLYLOOP((#4424,#4423,#4433,#4434));
#3053=IFCPOLYLOOP((#4427,#4426,#4432,#4429));
#3082=IFCPOLYLOOP((#4506,#4507,#4508,#4509,#4510,#4511,#4512,#4513,#4514,#4515,#4516,#4517,#4518,#4519,#4520,#4521,#4522,#4523,#4524,#4525,#4526,#4527,#4528,#4540,#4541,#4542,#4543,#4544));
#3083=IFCPOLYLOOP((#4484,#4477,#4480,#4498));
#3067=IFCPOLYLOOP((#4473,#4474,#4476,#4478,#4477,#4484,#4485,#4486,#4487,#4488,#4489,#4490,#4491,#4493,#4494,#4495,#4496,#4529,#4530,#4531,#4532,#4533,#4534,#4535,#4536,#4537,#4538,#4539));
#3078=IFCPOLYLOOP((#4448,#4500,#4503,#4449));
#3080=IFCPOLYLOOP((#4474,#4473,#4505,#4481));
#3079=IFCPOLYLOOP((#4488,#4487,#4502,#4504));
#3077=IFCPOLYLOOP((#4487,#4486,#4501,#4502));
#3075=IFCPOLYLOOP((#4447,#4497,#4500,#4448));
#3076=IFCPOLYLOOP((#4486,#4485,#4499,#4501));
#3071=IFCPOLYLOOP((#4485,#4484,#4498,#4499));
#3074=IFCPOLYLOOP((#4446,#4492,#4497,#4447));
#3073=IFCPOLYLOOP((#4445,#4475,#4492,#4446));
#3072=IFCPOLYLOOP((#4478,#4476,#4482,#4479));
#3070=IFCSURFACESTYLERENDERING(#4483,0.,IFCNORMALISEDRATIOMEASURE(0.9),$,$,$,IFCNORMALISEDRATIOMEASURE(0.),$,.NOTDEFINED.);
#3068=IFCPOLYLOOP((#4476,#4474,#4481,#4482));
#3098=IFCPOLYLOOP((#4455,#4561,#4562,#4456));
#3095=IFCPOLYLOOP((#4495,#4494,#4558,#4557));
#3096=IFCPOLYLOOP((#4531,#4530,#4559,#4560));
#3094=IFCPOLYLOOP((#4530,#4529,#4556,#4559));
#3093=IFCPOLYLOOP((#4496,#4495,#4557,#4555));
#3092=IFCPOLYLOOP((#4529,#4496,#4555,#4556));
#3081=IFCPOLYLOOP((#4449,#4503,#4552,#4450));
#3091=IFCPOLYLOOP((#4509,#4508,#4551,#4554));
#3090=IFCPOLYLOOP((#4450,#4552,#4553,#4451));
#3089=IFCPOLYLOOP((#4508,#4507,#4550,#4551));
#3088=IFCPOLYLOOP((#4507,#4506,#4549,#4550));
#3087=IFCPOLYLOOP((#4489,#4488,#4504,#4545));
#3099=IFCPOLYLOOP((#4454,#4564,#4561,#4455));
#3086=IFCPOLYLOOP((#4493,#4491,#4547,#4548));
#3085=IFCPOLYLOOP((#4491,#4490,#4546,#4547));
#3084=IFCPOLYLOOP((#4490,#4489,#4545,#4546));
#3113=IFCPOLYLOOP((#4539,#4538,#4574,#4577));
#3112=IFCPOLYLOOP((#4461,#4575,#4576,#4462));
#3110=IFCPOLYLOOP((#4460,#4572,#4575,#4461));
#3111=IFCPOLYLOOP((#4537,#4536,#4570,#4573));
#3108=IFCPOLYLOOP((#4459,#4571,#4572,#4460));
#3109=IFCPOLYLOOP((#4538,#4537,#4573,#4574));
#3107=IFCPOLYLOOP((#4458,#4568,#4571,#4459));
#3105=IFCPOLYLOOP((#4536,#4535,#4569,#4570));
#3106=IFCPOLYLOOP((#4457,#4566,#4568,#4458));
#3103=IFCPOLYLOOP((#4534,#4533,#4565,#4567));
#3104=IFCPOLYLOOP((#4456,#4562,#4566,#4457));
#3102=IFCPOLYLOOP((#4451,#4553,#4564,#4454));
#3101=IFCPOLYLOOP((#4494,#4493,#4548,#4558));
#3100=IFCPOLYLOOP((#4533,#4532,#4563,#4565));
#3097=IFCPOLYLOOP((#4532,#4531,#4560,#4563));
#3129=IFCPOLYLOOP((#4547,#4546,#4591,#4592));
#3128=IFCPOLYLOOP((#4504,#4502,#4588,#4589));
#3126=IFCPOLYLOOP((#4545,#4504,#4589,#4590));
#3125=IFCPOLYLOOP((#4502,#4501,#4587,#4588));
#3124=IFCPOLYLOOP((#4462,#4576,#4584,#4463));
#3118=IFCPOLYLOOP((#4480,#4479,#4581,#4582));
#3123=IFCPOLYLOOP((#4501,#4499,#4586,#4587));
#3122=IFCPOLYLOOP((#4499,#4498,#4583,#4586));
#3121=IFCPOLYLOOP((#4482,#4481,#4579,#4580));
#3120=IFCPOLYLOOP((#4463,#4584,#4585,#4464));
#3119=IFCPOLYLOOP((#4498,#4480,#4582,#4583));
#3117=IFCPOLYLOOP((#4479,#4482,#4580,#4581));
#3116=IFCPOLYLOOP((#4481,#4505,#4578,#4579));
#3114=IFCPOLYLOOP((#4535,#4534,#4567,#4569));
#3115=IFCPOLYLOOP((#4473,#4539,#4577,#4505));
#3131=IFCPOLYLOOP((#4464,#4585,#4593,#4465));
#3130=IFCPOLYLOOP((#4548,#4547,#4592,#4594));
#3133=IFCPOLYLOOP((#4465,#4593,#4595,#4466));
#3134=IFCPOLYLOOP((#4466,#4595,#4596,#4467));
#3132=IFCPOLYLOOP((#4558,#4548,#4594,#4597));
#3135=IFCPOLYLOOP((#4557,#4558,#4597,#4598));
#3137=IFCPOLYLOOP((#4467,#4596,#4599,#4468));
#3136=IFCPOLYLOOP((#4555,#4557,#4598,#4600));
#3139=IFCPOLYLOOP((#4560,#4559,#4601,#4602));
#3138=IFCPOLYLOOP((#4559,#4556,#4603,#4601));
#3141=IFCPOLYLOOP((#4567,#4565,#4604,#4605));
#3142=IFCPOLYLOOP((#4468,#4599,#4606,#4469));
#3140=IFCPOLYLOOP((#4556,#4555,#4600,#4603));
#3143=IFCPOLYLOOP((#4469,#4606,#4607,#4470));
#3144=IFCPOLYLOOP((#4563,#4560,#4602,#4608));
#3145=IFCPOLYLOOP((#4569,#4567,#4605,#4609));
#3127=IFCPOLYLOOP((#4546,#4545,#4590,#4591));
#3147=IFCPOLYLOOP((#4574,#4573,#4610,#4611));
#3148=IFCPOLYLOOP((#4570,#4569,#4609,#4612));
#3150=IFCPOLYLOOP((#4579,#4578,#4613,#4614,#4615));
#3151=IFCPOLYLOOP((#4565,#4563,#4608,#4604));
#3149=IFCPOLYLOOP((#4577,#4574,#4611,#4616));
#3153=IFCPOLYLOOP((#4505,#4577,#4616,#4578));
#3154=IFCPOLYLOOP((#4581,#4580,#4617,#4618));
#3155=IFCPOLYLOOP((#4582,#4581,#4618,#4619));
#3156=IFCPOLYLOOP((#4586,#4583,#4620,#4621));
#3146=IFCPOLYLOOP((#4573,#4570,#4612,#4610));
#3158=IFCPOLYLOOP((#4587,#4586,#4621,#4622));
#3159=IFCPOLYLOOP((#4588,#4587,#4622,#4623));
#3157=IFCPOLYLOOP((#4583,#4582,#4619,#4620));
#3161=IFCPOLYLOOP((#4591,#4590,#4624,#4625));
#3162=IFCPOLYLOOP((#4592,#4591,#4625,#4626));
#3160=IFCPOLYLOOP((#4589,#4588,#4623,#4627));
#3164=IFCPOLYLOOP((#4590,#4589,#4627,#4624));
#3152=IFCPOLYLOOP((#4580,#4579,#4615,#4617));
#3165=IFCPOLYLOOP((#4597,#4594,#4628,#4630));
#3166=IFCPOLYLOOP((#4600,#4598,#4629,#4631));
#3167=IFCPOLYLOOP((#4598,#4597,#4630,#4632,#4629));
#3168=IFCPOLYLOOP((#4603,#4600,#4631));
#3169=IFCPOLYLOOP((#4602,#4601,#4631));
#3171=IFCPOLYLOOP((#4604,#4608,#4631,#4629));
#3170=IFCPOLYLOOP((#4608,#4602,#4631));
#3173=IFCPOLYLOOP((#4601,#4603,#4631));
#3174=IFCPOLYLOOP((#4609,#4605,#4613,#4633));
#3172=IFCPOLYLOOP((#4605,#4604,#4629,#4632,#4614,#4613));
#3176=IFCPOLYLOOP((#4611,#4610,#4633));
#3175=IFCPOLYLOOP((#4610,#4612,#4633));
#3177=IFCPOLYLOOP((#4616,#4611,#4633));
#3178=IFCPOLYLOOP((#4615,#4614,#4634,#4635));
#3163=IFCPOLYLOOP((#4594,#4592,#4626,#4628));
#3181=IFCPOLYLOOP((#4618,#4617,#4636,#4637));
#3180=IFCPOLYLOOP((#4617,#4615,#4635,#4636));
#3182=IFCPOLYLOOP((#4612,#4609,#4633));
#3179=IFCPOLYLOOP((#4578,#4616,#4633,#4613));
#3185=IFCPOLYLOOP((#4627,#4623,#4638,#4639));
#3184=IFCPOLYLOOP((#4621,#4620,#4640,#4641));
#3186=IFCPOLYLOOP((#4622,#4621,#4641,#4642));
#3183=IFCPOLYLOOP((#4620,#4619,#4643,#4640));
#3188=IFCPOLYLOOP((#4626,#4625,#4644,#4645));
#3189=IFCPOLYLOOP((#4623,#4622,#4642,#4638));
#3191=IFCPOLYLOOP((#4630,#4628,#4646,#4647));
#3192=IFCPOLYLOOP((#4628,#4626,#4645,#4646));
#3193=IFCPOLYLOOP((#4625,#4624,#4648,#4644));
#3190=IFCPOLYLOOP((#4619,#4618,#4637,#4643));
#3187=IFCPOLYLOOP((#4624,#4627,#4639,#4648));
#3195=IFCPOLYLOOP((#4470,#4607,#4650,#4471));
#3196=IFCPOLYLOOP((#4632,#4630,#4647,#4649));
#3197=IFCPOLYLOOP((#4472,#4651,#4452,#4443));
#3199=IFCPOLYLOOP((#4471,#4650,#4651,#4472));
#3198=IFCPOLYLOOP((#4614,#4632,#4649,#4634));
#3200=IFCPOLYLOOP((#4452,#4652,#4653,#4453));
#3201=IFCPOLYLOOP((#4475,#4654,#4655,#4492));
#3202=IFCPOLYLOOP((#4453,#4653,#4654,#4475));
#3204=IFCPOLYLOOP((#4497,#4656,#4657,#4500));
#3194=IFCPOLYLOOP((#4635,#4634,#4649,#4647,#4646,#4645,#4644,#4648,#4639,#4638,#4642,#4641,#4640,#4643,#4637,#4636));
#3205=IFCPOLYLOOP((#4500,#4657,#4658,#4503));
#3206=IFCPOLYLOOP((#4659,#4674,#4675,#4660));
#3203=IFCPOLYLOOP((#4492,#4655,#4656,#4497));
#3208=IFCPOLYLOOP((#4661,#4678,#4679,#4662));
#3209=IFCPOLYLOOP((#4552,#4676,#4680,#4553));
#3210=IFCPOLYLOOP((#4503,#4658,#4676,#4552));
#3212=IFCPOLYLOOP((#4564,#4681,#4682,#4561));
#3211=IFCPOLYLOOP((#4660,#4675,#4678,#4661));
#3213=IFCPOLYLOOP((#4566,#4683,#4684,#4568));
#3215=IFCPOLYLOOP((#4568,#4684,#4687,#4571));
#3214=IFCPOLYLOOP((#4553,#4680,#4681,#4564));
#3216=IFCPOLYLOOP((#4561,#4682,#4689,#4562));
#3207=IFCPOLYLOOP((#4659,#4660,#4661,#4662,#4663,#4664,#4665,#4666,#4667,#4668,#4669,#4670,#4671,#4672,#4673,#4677,#4685,#4686,#4688,#4690,#4691,#4692,#4693,#4694,#4695,#4696,#4697,#4698));
#3218=IFCPOLYLOOP((#4571,#4687,#4700,#4572));
#3219=IFCPOLYLOOP((#4575,#4699,#4701,#4576));
#3220=IFCPOLYLOOP((#4572,#4700,#4699,#4575));
#3221=IFCPOLYLOOP((#4576,#4701,#4702,#4584));
#3222=IFCPOLYLOOP((#4584,#4702,#4703,#4585));
#3224=IFCPOLYLOOP((#4663,#4705,#4706,#4664));
#3223=IFCPOLYLOOP((#4585,#4703,#4704,#4593));
#3226=IFCPOLYLOOP((#4664,#4706,#4707,#4665));
#3227=IFCPOLYLOOP((#4666,#4708,#4709,#4667));
#3228=IFCPOLYLOOP((#4667,#4709,#4710,#4668));
#3229=IFCPOLYLOOP((#4665,#4707,#4708,#4666));
#3217=IFCPOLYLOOP((#4562,#4689,#4683,#4566));
#3231=IFCPOLYLOOP((#4669,#4711,#4712,#4670));
#3225=IFCPOLYLOOP((#4662,#4679,#4705,#4663));
#3232=IFCPOLYLOOP((#4671,#4713,#4714,#4672));
#3230=IFCPOLYLOOP((#4668,#4710,#4711,#4669));
#3235=IFCPOLYLOOP((#4672,#4714,#4715,#4673));
#3236=IFCPOLYLOOP((#4593,#4704,#4716,#4595));
#3234=IFCPOLYLOOP((#4673,#4715,#4717,#4677));
#3237=IFCPOLYLOOP((#4685,#4718,#4719,#4686));
#3239=IFCPOLYLOOP((#4677,#4717,#4718,#4685));
#3240=IFCPOLYLOOP((#4686,#4719,#4722,#4688));
#3241=IFCPOLYLOOP((#4688,#4722,#4720,#4690));
#3238=IFCPOLYLOOP((#4690,#4720,#4721,#4691));
#3233=IFCPOLYLOOP((#4670,#4712,#4713,#4671));
#3242=IFCPOLYLOOP((#4691,#4721,#4723,#4692));
#3244=IFCPOLYLOOP((#4693,#4725,#4726,#4694));
#3245=IFCPOLYLOOP((#4695,#4724,#4727,#4696));
#3246=IFCPOLYLOOP((#4696,#4727,#4728,#4697));
#3247=IFCPOLYLOOP((#4510,#4509,#4554,#4729));
#3248=IFCPOLYLOOP((#4697,#4728,#4730,#4698));
#3249=IFCPOLYLOOP((#4694,#4726,#4724,#4695));
#3251=IFCPOLYLOOP((#4513,#4512,#4731,#4732));
#3250=IFCPOLYLOOP((#4511,#4510,#4729,#4733));
#3243=IFCPOLYLOOP((#4692,#4723,#4725,#4693));
#3252=IFCPOLYLOOP((#4514,#4513,#4732,#4734));
#3254=IFCPOLYLOOP((#4515,#4514,#4734,#4735));
#3253=IFCPOLYLOOP((#4512,#4511,#4733,#4731));
#3256=IFCPOLYLOOP((#4518,#4517,#4736,#4738));
#3255=IFCPOLYLOOP((#4516,#4515,#4735,#4737));
#3257=IFCPOLYLOOP((#4517,#4516,#4737,#4736));
#3258=IFCPOLYLOOP((#4698,#4730,#4674,#4659));
#3260=IFCPOLYLOOP((#4674,#4739,#4740,#4675));
#3261=IFCPOLYLOOP((#4679,#4741,#4742,#4705));
#3259=IFCPOLYLOOP((#4675,#4740,#4743,#4678));
#3263=IFCPOLYLOOP((#4678,#4743,#4741,#4679));
#3262=IFCPOLYLOOP((#4705,#4742,#4744,#4706));
#3264=IFCPOLYLOOP((#4519,#4518,#4738,#4745));
#3266=IFCPOLYLOOP((#4520,#4519,#4745,#4746));
#3267=IFCPOLYLOOP((#4522,#4521,#4747,#4748));
#3265=IFCPOLYLOOP((#4706,#4744,#4749,#4707));
#3270=IFCPOLYLOOP((#4525,#4524,#4750,#4751));
#3269=IFCPOLYLOOP((#4521,#4520,#4746,#4747));
#3271=IFCPOLYLOOP((#4523,#4522,#4748,#4752));
#3268=IFCPOLYLOOP((#4708,#4753,#4754,#4709));
#3274=IFCPOLYLOOP((#4527,#4526,#4755,#4756));
#3273=IFCPOLYLOOP((#4526,#4525,#4751,#4755));
#3276=IFCPOLYLOOP((#4528,#4527,#4756,#4757));
#3277=IFCPOLYLOOP((#4540,#4528,#4757,#4758));
#3278=IFCPOLYLOOP((#4541,#4540,#4758,#4759));
#3275=IFCPOLYLOOP((#4707,#4749,#4753,#4708));
#3279=IFCPOLYLOOP((#4542,#4541,#4759,#4760));
#3281=IFCPOLYLOOP((#4709,#4754,#4761,#4710));
#3282=IFCPOLYLOOP((#4710,#4761,#4762,#4711));
#3283=IFCPOLYLOOP((#4550,#4549,#4763,#4764));
#3284=IFCPOLYLOOP((#4506,#4544,#4765,#4549));
#3285=IFCPOLYLOOP((#4551,#4550,#4764,#4766));
#3286=IFCPOLYLOOP((#4554,#4551,#4766,#4767));
#3287=IFCPOLYLOOP((#4543,#4542,#4760,#4768));
#3288=IFCPOLYLOOP((#4713,#4769,#4770,#4714));
#3289=IFCPOLYLOOP((#4712,#4771,#4769,#4713));
#3290=IFCPOLYLOOP((#4714,#4770,#4772,#4715));
#3291=IFCPOLYLOOP((#4711,#4762,#4771,#4712));
#3292=IFCPOLYLOOP((#4733,#4729,#4773,#4774));
#3293=IFCPOLYLOOP((#4729,#4554,#4767,#4773));
#3294=IFCPOLYLOOP((#4715,#4772,#4775,#4717));
#3295=IFCPOLYLOOP((#4734,#4732,#4776,#4777));
#3296=IFCPOLYLOOP((#4735,#4734,#4777,#4778));
#3297=IFCPOLYLOOP((#4731,#4733,#4774,#4779));
#3298=IFCPOLYLOOP((#4738,#4736,#4780,#4781));
#3299=IFCPOLYLOOP((#4737,#4735,#4778,#4782));
#3300=IFCPOLYLOOP((#4745,#4738,#4781,#4783));
#3301=IFCPOLYLOOP((#4732,#4731,#4779,#4776));
#3302=IFCPOLYLOOP((#4747,#4746,#4784,#4785));
#3303=IFCPOLYLOOP((#4748,#4747,#4785,#4786));
#3304=IFCPOLYLOOP((#4752,#4748,#4786,#4787));
#3305=IFCPOLYLOOP((#4750,#4752,#4787,#4788));
#3306=IFCPOLYLOOP((#4746,#4745,#4783,#4784));
#3280=IFCPOLYLOOP((#4544,#4543,#4768,#4765));
#3307=IFCPOLYLOOP((#4736,#4737,#4782,#4780));
#3308=IFCPOLYLOOP((#4751,#4750,#4788,#4789));
#3309=IFCPOLYLOOP((#4756,#4755,#4790,#4791));
#3310=IFCPOLYLOOP((#4717,#4775,#4792,#4718));
#3311=IFCPOLYLOOP((#4718,#4792,#4793,#4719));
#3313=IFCPOLYLOOP((#4722,#4794,#4795,#4720));
#3314=IFCPOLYLOOP((#4720,#4795,#4796,#4721));
#3315=IFCPOLYLOOP((#4721,#4796,#4797,#4723));
#3316=IFCPOLYLOOP((#4723,#4797,#4798,#4725));
#3317=IFCPOLYLOOP((#4726,#4799,#4800,#4724));
#3318=IFCPOLYLOOP((#4725,#4798,#4799,#4726));
#3319=IFCPOLYLOOP((#4724,#4800,#4801,#4727));
#3320=IFCPOLYLOOP((#4755,#4751,#4789,#4790));
#3321=IFCPOLYLOOP((#4727,#4801,#4802,#4728));
#3322=IFCPOLYLOOP((#4730,#4803,#4739,#4674));
#3323=IFCPOLYLOOP((#4739,#4804,#4805,#4740));
#3324=IFCPOLYLOOP((#4728,#4802,#4803,#4730));
#3325=IFCPOLYLOOP((#4740,#4805,#4743));
#3326=IFCPOLYLOOP((#4743,#4805,#4741));
#3327=IFCPOLYLOOP((#4741,#4805,#4742));
#3328=IFCPOLYLOOP((#4742,#4805,#4744));
#3312=IFCPOLYLOOP((#4719,#4793,#4794,#4722));
#3329=IFCPOLYLOOP((#4749,#4804,#4806,#4807,#4808,#4753));
#3330=IFCPOLYLOOP((#4753,#4808,#4809,#4754));
#3331=IFCPOLYLOOP((#4754,#4809,#4761));
#3332=IFCPOLYLOOP((#4761,#4809,#4762));
#3334=IFCPOLYLOOP((#4771,#4809,#4769));
#3333=IFCPOLYLOOP((#4762,#4809,#4771));
#3336=IFCPOLYLOOP((#4770,#4808,#4807,#4810,#4772));
#3335=IFCPOLYLOOP((#4769,#4809,#4808,#4770));
#3337=IFCPOLYLOOP((#4772,#4810,#4811,#4775));
#3338=IFCPOLYLOOP((#4775,#4811,#4812,#4792));
#3339=IFCPOLYLOOP((#4792,#4812,#4813,#4793));
#3340=IFCPOLYLOOP((#4744,#4805,#4804,#4749));
#3342=IFCPOLYLOOP((#4794,#4814,#4815,#4795));
#3341=IFCPOLYLOOP((#4793,#4813,#4814,#4794));
#3344=IFCPOLYLOOP((#4796,#4816,#4817,#4797));
#3343=IFCPOLYLOOP((#4795,#4815,#4816,#4796));
#3346=IFCPOLYLOOP((#4799,#4818,#4819,#4800));
#3347=IFCPOLYLOOP((#4798,#4820,#4818,#4799));
#3348=IFCPOLYLOOP((#4800,#4819,#4821,#4801));
#3362=IFCPOLYLOOP((#4817,#4833,#4834,#4820));
#3356=IFCPOLYLOOP((#4812,#4828,#4829,#4813));
#3359=IFCPOLYLOOP((#4814,#4830,#4831,#4815));
#3361=IFCPOLYLOOP((#4820,#4834,#4835,#4818));
#3360=IFCPOLYLOOP((#4816,#4832,#4833,#4817));
#3358=IFCPOLYLOOP((#4815,#4831,#4832,#4816));
#3345=IFCPOLYLOOP((#4797,#4817,#4820,#4798));
#3357=IFCPOLYLOOP((#4813,#4829,#4830,#4814));
#3355=IFCPOLYLOOP((#4811,#4827,#4828,#4812));
#3354=IFCPOLYLOOP((#4810,#4826,#4827,#4811));
#3353=IFCPOLYLOOP((#4807,#4824,#4826,#4810));
#3352=IFCPOLYLOOP((#4806,#4825,#4824,#4807));
#3272=IFCPOLYLOOP((#4524,#4523,#4752,#4750));
#3351=IFCPOLYLOOP((#4803,#4823,#4806,#4804,#4739));
#3350=IFCPOLYLOOP((#4802,#4822,#4823,#4803));
#3349=IFCPOLYLOOP((#4801,#4821,#4822,#4802));
#3378=IFCPOLYLOOP((#4841,#4840,#4877,#4860));
#3380=IFCPOLYLOOP((#4853,#4852,#4878,#4879));
#3377=IFCPOLYLOOP((#4851,#4848,#4875,#4876));
#3375=IFCPOLYLOOP((#4848,#4847,#4874,#4875));
#3376=IFCPOLYLOOP((#4844,#4843,#4850,#4861));
#3373=IFCPOLYLOOP((#4846,#4845,#4862,#4873));
#3368=IFCPOLYLOOP((#4838,#4839,#4837,#4836,#4835,#4834,#4833,#4832,#4831,#4830,#4829,#4828,#4827,#4826,#4824,#4825));
#3369=IFCPOLYLOOP((#4840,#4841,#4842,#4843,#4844,#4845,#4846,#4847,#4848,#4851,#4852,#4853,#4854,#4855,#4856,#4857,#4858,#4859,#4863,#4864,#4865,#4866,#4867,#4868,#4869,#4870,#4871,#4872));
#3372=IFCPOLYLOOP((#4845,#4844,#4861,#4862));
#3371=IFCPOLYLOOP((#4842,#4841,#4860,#4849));
#3370=IFCPOLYLOOP((#4843,#4842,#4849,#4850));
#3366=IFCPOLYLOOP((#4822,#4839,#4838,#4823));
#3367=IFCPOLYLOOP((#4821,#4837,#4839,#4822));
#3365=IFCPOLYLOOP((#4823,#4838,#4825,#4806));
#3363=IFCPOLYLOOP((#4818,#4835,#4836,#4819));
#3364=IFCPOLYLOOP((#4819,#4836,#4837,#4821));
#3392=IFCPOLYLOOP((#4869,#4868,#4891,#4894));
#3394=IFCPOLYLOOP((#4872,#4871,#4892,#4893));
#3391=IFCPOLYLOOP((#4854,#4853,#4879,#4880));
#3389=IFCPOLYLOOP((#4867,#4866,#4889,#4890));
#3395=IFCPOLYLOOP((#4866,#4865,#4888,#4889));
#3396=IFCPOLYLOOP((#4840,#4872,#4893,#4877));
#3386=IFCPOLYLOOP((#4858,#4857,#4886,#4882));
#3390=IFCPOLYLOOP((#4868,#4867,#4890,#4891));
#3387=IFCPOLYLOOP((#4864,#4863,#4885,#4887));
#3388=IFCPOLYLOOP((#4865,#4864,#4887,#4888));
#3383=IFCPOLYLOOP((#4859,#4858,#4882,#4884));
#3384=IFCPOLYLOOP((#4857,#4856,#4883,#4886));
#3385=IFCPOLYLOOP((#4863,#4859,#4884,#4885));
#3382=IFCPOLYLOOP((#4856,#4855,#4881,#4883));
#3381=IFCPOLYLOOP((#4855,#4854,#4880,#4881));
#3374=IFCPOLYLOOP((#4847,#4846,#4873,#4874));
#3379=IFCPOLYLOOP((#4852,#4851,#4876,#4878));
#3412=IFCPOLYLOOP((#4861,#4850,#4905,#4906));
#3411=IFCPOLYLOOP((#4876,#4875,#4909,#4910));
#3413=IFCPOLYLOOP((#4764,#4763,#4912,#4913,#4914));
#3410=IFCPOLYLOOP((#4874,#4873,#4908,#4911));
#3408=IFCPOLYLOOP((#4873,#4862,#4907,#4908));
#3409=IFCPOLYLOOP((#4862,#4861,#4906,#4907));
#3407=IFCPOLYLOOP((#4850,#4849,#4898,#4905));
#3406=IFCPOLYLOOP((#4758,#4757,#4899,#4904));
#3404=IFCPOLYLOOP((#4765,#4768,#4902,#4903));
#3405=IFCPOLYLOOP((#4549,#4765,#4903,#4763));
#3403=IFCPOLYLOOP((#4768,#4760,#4901,#4902));
#3401=IFCPOLYLOOP((#4760,#4759,#4900,#4901));
#3399=IFCPOLYLOOP((#4870,#4869,#4894,#4895));
#3400=IFCPOLYLOOP((#4757,#4756,#4791,#4899));
#3398=IFCPOLYLOOP((#4849,#4860,#4897,#4898));
#3397=IFCPOLYLOOP((#4860,#4877,#4896,#4897));
#3393=IFCPOLYLOOP((#4871,#4870,#4895,#4892));
#3427=IFCPOLYLOOP((#4883,#4881,#4927,#4929));
#3428=IFCPOLYLOOP((#4780,#4782,#4926,#4928));
#3425=IFCPOLYLOOP((#4881,#4880,#4924,#4927));
#3426=IFCPOLYLOOP((#4782,#4778,#4925,#4926));
#3429=IFCPOLYLOOP((#4781,#4780,#4928,#4930));
#3423=IFCPOLYLOOP((#4778,#4777,#4921,#4925));
#3422=IFCPOLYLOOP((#4879,#4878,#4922,#4923));
#3424=IFCPOLYLOOP((#4880,#4879,#4923,#4924));
#3421=IFCPOLYLOOP((#4878,#4876,#4910,#4922));
#3420=IFCPOLYLOOP((#4777,#4776,#4920,#4921));
#3417=IFCPOLYLOOP((#4767,#4766,#4916,#4915));
#3419=IFCPOLYLOOP((#4779,#4774,#4918,#4919));
#3418=IFCPOLYLOOP((#4776,#4779,#4919,#4920));
#3416=IFCPOLYLOOP((#4774,#4773,#4917,#4918));
#3415=IFCPOLYLOOP((#4773,#4767,#4915,#4917));
#3414=IFCPOLYLOOP((#4766,#4764,#4914,#4916));
#3402=IFCPOLYLOOP((#4759,#4758,#4904,#4900));
#3446=IFCPOLYLOOP((#4888,#4887,#4940,#4941));
#3444=IFCPOLYLOOP((#4890,#4889,#4942,#4943));
#3443=IFCPOLYLOOP((#4889,#4888,#4941,#4942));
#3445=IFCPOLYLOOP((#4891,#4890,#4943,#4944));
#3441=IFCPOLYLOOP((#4887,#4885,#4939,#4940));
#3438=IFCPOLYLOOP((#4884,#4882,#4937,#4938));
#3440=IFCPOLYLOOP((#4789,#4788,#4935));
#3436=IFCPOLYLOOP((#4788,#4787,#4935));
#3439=IFCPOLYLOOP((#4885,#4884,#4938,#4939));
#3431=IFCPOLYLOOP((#4875,#4874,#4911,#4909));
#3437=IFCPOLYLOOP((#4882,#4886,#4936,#4937));
#3435=IFCPOLYLOOP((#4886,#4883,#4929,#4936));
#3434=IFCPOLYLOOP((#4786,#4785,#4934,#4935));
#3433=IFCPOLYLOOP((#4785,#4784,#4932,#4933,#4934));
#3432=IFCPOLYLOOP((#4784,#4783,#4931,#4932));
#3430=IFCPOLYLOOP((#4783,#4781,#4930,#4931));
#3460=IFCPOLYLOOP((#4595,#4716,#4957,#4596));
#3461=IFCPOLYLOOP((#4606,#4959,#4960,#4607));
#3459=IFCPOLYLOOP((#4599,#4958,#4959,#4606));
#3458=IFCPOLYLOOP((#4596,#4957,#4958,#4599));
#3457=IFCPOLYLOOP((#4911,#4908,#4955,#4956));
#3456=IFCPOLYLOOP((#4908,#4907,#4954,#4955));
#3455=IFCPOLYLOOP((#4898,#4897,#4953,#4949));
#3454=IFCPOLYLOOP((#4907,#4906,#4951,#4954));
#3451=IFCPOLYLOOP((#4897,#4896,#4952,#4953));
#3453=IFCPOLYLOOP((#4906,#4905,#4950,#4951));
#3452=IFCPOLYLOOP((#4905,#4898,#4949,#4950));
#3450=IFCPOLYLOOP((#4892,#4895,#4946,#4947));
#3449=IFCPOLYLOOP((#4893,#4892,#4947,#4948));
#3448=IFCPOLYLOOP((#4895,#4894,#4945,#4946));
#3447=IFCPOLYLOOP((#4894,#4891,#4944,#4945));
#3476=IFCPOLYLOOP((#4676,#4972,#4973,#4680));
#3475=IFCPOLYLOOP((#4658,#4969,#4970,#4971,#4972,#4676));
#3474=IFCPOLYLOOP((#4657,#4968,#4969,#4658));
#3473=IFCPOLYLOOP((#4655,#4968,#4656));
#3468=IFCPOLYLOOP((#4651,#4965,#4652,#4452));
#3471=IFCPOLYLOOP((#4653,#4968,#4654));
#3469=IFCPOLYLOOP((#4652,#4969,#4968,#4653));
#3470=IFCPOLYLOOP((#4654,#4968,#4655));
#3442=IFCPOLYLOOP((#4787,#4786,#4935));
#3467=IFCPOLYLOOP((#4650,#4964,#4965,#4651));
#3466=IFCPOLYLOOP((#4924,#4923,#4966,#4967));
#3465=IFCPOLYLOOP((#4607,#4960,#4964,#4650));
#3464=IFCPOLYLOOP((#4910,#4909,#4961,#4962));
#3462=IFCPOLYLOOP((#4909,#4911,#4956,#4961));
#3463=IFCPOLYLOOP((#4922,#4910,#4962,#4963));
#3492=IFCPOLYLOOP((#4957,#4981,#4983,#4958));
#3491=IFCPOLYLOOP((#4703,#4979,#4982,#4704));
#3490=IFCPOLYLOOP((#4716,#4980,#4981,#4957));
#3493=IFCPOLYLOOP((#4704,#4982,#4980,#4716));
#3487=IFCPOLYLOOP((#4877,#4893,#4948,#4896));
#3488=IFCPOLYLOOP((#4702,#4978,#4979,#4703));
#3486=IFCPOLYLOOP((#4701,#4977,#4978,#4702));
#3485=IFCPOLYLOOP((#4699,#4976,#4977,#4701));
#3484=IFCPOLYLOOP((#4700,#4975,#4976,#4699));
#3483=IFCPOLYLOOP((#4687,#4974,#4975,#4700));
#3482=IFCPOLYLOOP((#4684,#4972,#4971,#4974,#4687));
#3479=IFCPOLYLOOP((#4689,#4973,#4683));
#3480=IFCPOLYLOOP((#4682,#4973,#4689));
#3472=IFCPOLYLOOP((#4656,#4968,#4657));
#3477=IFCPOLYLOOP((#4680,#4973,#4681));
#3478=IFCPOLYLOOP((#4681,#4973,#4682));
#3500=IFCPOLYLOOP((#4965,#4988,#4970,#4969,#4652));
#3507=IFCPOLYLOOP((#4937,#4936,#4990,#4991));
#3506=IFCPOLYLOOP((#4941,#4940,#4996,#4997));
#3504=IFCPOLYLOOP((#4940,#4939,#4995,#4996));
#3502=IFCPOLYLOOP((#4970,#4993,#4994,#4971));
#3503=IFCPOLYLOOP((#4938,#4937,#4991,#4992));
#3501=IFCPOLYLOOP((#4936,#4929,#4989,#4990));
#3498=IFCPOLYLOOP((#4929,#4927,#4987,#4989));
#3499=IFCPOLYLOOP((#4964,#4986,#4988,#4965));
#3497=IFCPOLYLOOP((#4960,#4985,#4986,#4964));
#3496=IFCPOLYLOOP((#4927,#4924,#4967,#4987));
#3494=IFCPOLYLOOP((#4959,#4984,#4985,#4960));
#3495=IFCPOLYLOOP((#4958,#4983,#4984,#4959));
#3481=IFCPOLYLOOP((#4683,#4973,#4972,#4684));
#3508=IFCPOLYLOOP((#4942,#4941,#4997,#4998));
#3505=IFCPOLYLOOP((#4939,#4938,#4992,#4995));
#3489=IFCPOLYLOOP((#4923,#4922,#4963,#4966));
#3523=IFCPOLYLOOP((#4961,#4956,#5012,#5013));
#3525=IFCPOLYLOOP((#4963,#4962,#5014,#5015));
#3517=IFCPOLYLOOP((#4950,#4949,#5006,#5008));
#3524=IFCPOLYLOOP((#4962,#4961,#5013,#5014));
#3520=IFCPOLYLOOP((#4949,#4953,#5007,#5006));
#3522=IFCPOLYLOOP((#4956,#4955,#5011,#5012));
#3521=IFCPOLYLOOP((#4955,#4954,#5010,#5011));
#3519=IFCPOLYLOOP((#4954,#4951,#5009,#5010));
#3518=IFCPOLYLOOP((#4951,#4950,#5008,#5009));
#3516=IFCPOLYLOOP((#4953,#4952,#5005,#5007));
#3511=IFCPOLYLOOP((#4945,#4944,#5000,#5001));
#3515=IFCPOLYLOOP((#4943,#4942,#4998,#4999));
#3514=IFCPOLYLOOP((#4948,#4947,#5004,#5003));
#3512=IFCPOLYLOOP((#4947,#4946,#5002,#5004));
#3513=IFCPOLYLOOP((#4896,#4948,#5003,#4952));
#3510=IFCPOLYLOOP((#4946,#4945,#5001,#5002));
#3509=IFCPOLYLOOP((#4944,#4943,#4999,#5000));
#3537=IFCPOLYLOOP((#4999,#4998,#5025,#5027));
#3541=IFCPOLYLOOP((#5004,#5002,#5030,#5032));
#3540=IFCPOLYLOOP((#5002,#5001,#5029,#5030));
#3539=IFCPOLYLOOP((#5001,#5000,#5028,#5029));
#3530=IFCPOLYLOOP((#4966,#4963,#5015,#5016));
#3538=IFCPOLYLOOP((#5000,#4999,#5027,#5028));
#3536=IFCPOLYLOOP((#4997,#4996,#5026,#5024));
#3534=IFCPOLYLOOP((#4996,#4995,#5022,#5026));
#3535=IFCPOLYLOOP((#4998,#4997,#5024,#5025));
#3533=IFCPOLYLOOP((#4992,#4991,#5023,#5021));
#3532=IFCPOLYLOOP((#4991,#4990,#5020,#5023));
#3528=IFCPOLYLOOP((#4989,#4987,#5018,#5019));
#3531=IFCPOLYLOOP((#4995,#4992,#5021,#5022));
#3529=IFCPOLYLOOP((#4990,#4989,#5019,#5020));
#3527=IFCPOLYLOOP((#4987,#4967,#5017,#5018));
#3526=IFCPOLYLOOP((#4967,#4966,#5016,#5017));
#3548=IFCPOLYLOOP((#5041,#5033,#5036,#5042));
#3547=IFCPOLYLOOP((#5037,#5038,#5039,#5040));
#3543=IFCPOLYLOOP((#5007,#5005,#5031,#5032,#5030,#5029,#5028,#5027,#5025,#5024,#5026,#5022,#5021,#5023,#5020,#5019,#5018,#5017,#5016,#5015,#5014,#5013,#5012,#5011,#5010,#5009,#5008,#5006));
#3544=IFCPOLYLOOP((#5033,#5034,#5035,#5036));
#3542=IFCPOLYLOOP((#4952,#5003,#5031,#5005));
#3549=IFCPOLYLOOP((#5043,#5044,#5045,#5046));
#3550=IFCPOLYLOOP((#5003,#5004,#5032,#5031));
#3552=IFCPOLYLOOP((#5049,#5047,#5048,#5050));
#3551=IFCPOLYLOOP((#5047,#5043,#5046,#5048));
#3545=IFCPOLYLOOP((#5034,#5033,#5041,#5038,#5037,#5044,#5043,#5047,#5049,#5051,#5052,#5053,#5054,#5055,#5056,#5057,#5058,#5059,#5060,#5061,#5062,#5063,#5064,#5065,#5066,#5067,#5069,#5070));
#3553=IFCPOLYLOOP((#5051,#5049,#5050,#5068));
#3558=IFCPOLYLOOP((#5057,#5056,#5074,#5075));
#3557=IFCPOLYLOOP((#5044,#5037,#5040,#5045));
#3554=IFCPOLYLOOP((#5053,#5052,#5072,#5071));
#3555=IFCPOLYLOOP((#5054,#5053,#5071,#5073));
#3559=IFCPOLYLOOP((#5056,#5055,#5076,#5074));
#3560=IFCPOLYLOOP((#5058,#5057,#5075,#5077));
#3556=IFCPOLYLOOP((#5055,#5054,#5073,#5076));
#3546=IFCPOLYLOOP((#5038,#5041,#5042,#5039));
#3561=IFCPOLYLOOP((#5059,#5058,#5077,#5078));
#3562=IFCPOLYLOOP((#5052,#5051,#5068,#5072));
#3563=IFCPOLYLOOP((#5060,#5059,#5078,#5079));
#3572=IFCPOLYLOOP((#5069,#5067,#5088,#5086));
#3570=IFCPOLYLOOP((#5067,#5066,#5085,#5088));
#3571=IFCPOLYLOOP((#5070,#5069,#5086,#5087));
#3569=IFCPOLYLOOP((#5066,#5065,#5084,#5085));
#3565=IFCPOLYLOOP((#5062,#5061,#5080,#5083));
#3567=IFCPOLYLOOP((#5065,#5064,#5082,#5084));
#3564=IFCPOLYLOOP((#5063,#5062,#5083,#5081));
#3566=IFCPOLYLOOP((#5064,#5063,#5081,#5082));
#3574=IFCPOLYLOOP((#5040,#5039,#5089,#5090));
#3573=IFCPOLYLOOP((#5034,#5070,#5087,#5035));
#3576=IFCPOLYLOOP((#5045,#5040,#5090,#5094));
#3582=IFCPOLYLOOP((#5068,#5050,#5097,#5098));
#3581=IFCPOLYLOOP((#5050,#5048,#5096,#5097));
#3580=IFCPOLYLOOP((#5048,#5046,#5095,#5096));
#3579=IFCPOLYLOOP((#5046,#5045,#5094,#5095));
#3578=IFCPOLYLOOP((#5042,#5036,#5093,#5091));
#3577=IFCPOLYLOOP((#5036,#5035,#5092,#5093));
#3568=IFCPOLYLOOP((#5061,#5060,#5079,#5080));
#3575=IFCPOLYLOOP((#5039,#5042,#5091,#5089));
#3588=IFCPOLYLOOP((#5077,#5075,#5104,#5105));
#3586=IFCPOLYLOOP((#5074,#5076,#5100,#5103));
#3585=IFCPOLYLOOP((#5071,#5072,#5101,#5102));
#3584=IFCPOLYLOOP((#5076,#5073,#5099,#5100));
#3589=IFCPOLYLOOP((#5078,#5077,#5105,#5106));
#3593=IFCPOLYLOOP((#5081,#5083,#5109,#5110));
#3592=IFCPOLYLOOP((#5083,#5080,#5108,#5109));
#3587=IFCPOLYLOOP((#5075,#5074,#5103,#5104));
#3591=IFCPOLYLOOP((#5073,#5071,#5102,#5099));
#3590=IFCPOLYLOOP((#5079,#5078,#5106,#5107));
#3599=IFCPOLYLOOP((#5035,#5087,#5114,#5092));
#3598=IFCPOLYLOOP((#5080,#5079,#5107,#5108));
#3596=IFCPOLYLOOP((#5085,#5084,#5112,#5113));
#3583=IFCPOLYLOOP((#5072,#5068,#5098,#5101));
#3595=IFCPOLYLOOP((#5084,#5082,#5111,#5112));
#3600=IFCPOLYLOOP((#5087,#5086,#5116,#5114));
#3597=IFCPOLYLOOP((#5086,#5088,#5115,#5116));
#3603=IFCPOLYLOOP((#5088,#5085,#5113,#5115));
#3602=IFCPOLYLOOP((#5093,#5092,#5119,#5117));
#3601=IFCPOLYLOOP((#5091,#5093,#5117,#5118));
#3594=IFCPOLYLOOP((#5082,#5081,#5110,#5111));
#3604=IFCPOLYLOOP((#5090,#5089,#5120,#5121));
#3605=IFCPOLYLOOP((#5095,#5094,#5122,#5125));
#3607=IFCPOLYLOOP((#5094,#5090,#5121,#5122));
#3608=IFCPOLYLOOP((#5098,#5097,#5124,#5126));
#3609=IFCPOLYLOOP((#5102,#5101,#5127,#5128));
#3606=IFCPOLYLOOP((#5097,#5096,#5123,#5124));
#3611=IFCPOLYLOOP((#5099,#5102,#5128,#5129));
#3610=IFCPOLYLOOP((#5089,#5091,#5118,#5120));
#3613=IFCPOLYLOOP((#5103,#5100,#5130,#5131));
#3615=IFCPOLYLOOP((#5101,#5098,#5126,#5127));
#3614=IFCPOLYLOOP((#5100,#5099,#5129,#5130));
#3616=IFCPOLYLOOP((#5104,#5103,#5131,#5132));
#3618=IFCPOLYLOOP((#5107,#5106,#5133,#5134));
#3612=IFCPOLYLOOP((#5096,#5095,#5125,#5123));
#3617=IFCPOLYLOOP((#5105,#5104,#5132,#5135));
#3620=IFCPOLYLOOP((#5109,#5108,#5136,#5137));
#3621=IFCPOLYLOOP((#4971,#4994,#5138,#4974));
#3623=IFCPOLYLOOP((#5113,#5112,#5139,#5140));
#3622=IFCPOLYLOOP((#5112,#5111,#5141,#5139));
#3624=IFCPOLYLOOP((#5110,#5109,#5137,#5142));
#3619=IFCPOLYLOOP((#5108,#5107,#5134,#5136));
#3626=IFCPOLYLOOP((#5106,#5105,#5135,#5133));
#3628=IFCPOLYLOOP((#5116,#5115,#5143,#5144));
#3625=IFCPOLYLOOP((#5111,#5110,#5142,#5141));
#3630=IFCPOLYLOOP((#4975,#5145,#5146,#4976));
#3629=IFCPOLYLOOP((#4974,#5138,#5145,#4975));
#3631=IFCPOLYLOOP((#4977,#5147,#5148,#4978));
#3627=IFCPOLYLOOP((#5092,#5114,#5149,#5119));
#3632=IFCPOLYLOOP((#4976,#5146,#5147,#4977));
#3634=IFCPOLYLOOP((#5114,#5116,#5144,#5149));
#3633=IFCPOLYLOOP((#4978,#5148,#5150,#4979));
#3637=IFCPOLYLOOP((#5118,#5117,#5151,#5152));
#3636=IFCPOLYLOOP((#4981,#5153,#5154,#4983));
#3638=IFCPOLYLOOP((#5120,#5118,#5152,#5155));
#3639=IFCPOLYLOOP((#5121,#5120,#5155,#5156));
#3640=IFCPOLYLOOP((#5117,#5119,#5157,#5151));
#3641=IFCPOLYLOOP((#5122,#5121,#5156,#5158));
#3642=IFCPOLYLOOP((#5125,#5122,#5158,#5160));
#3644=IFCPOLYLOOP((#5126,#5124,#5161,#5162));
#3643=IFCPOLYLOOP((#4980,#5159,#5153,#4981));
#3645=IFCPOLYLOOP((#5124,#5123,#5163,#5161));
#3646=IFCPOLYLOOP((#5123,#5125,#5160,#5163));
#3647=IFCPOLYLOOP((#5127,#5126,#5162,#5164));
#3648=IFCPOLYLOOP((#5128,#5127,#5164,#5165));
#3650=IFCPOLYLOOP((#5131,#5130,#5166,#5167));
#3635=IFCPOLYLOOP((#4979,#5150,#5168,#4982));
#3652=IFCPOLYLOOP((#5132,#5131,#5167,#5170));
#3651=IFCPOLYLOOP((#5130,#5129,#5169,#5166));
#3653=IFCPOLYLOOP((#4982,#5168,#5159,#4980));
#3654=IFCPOLYLOOP((#5134,#5133,#5171,#5172));
#3656=IFCPOLYLOOP((#5136,#5134,#5172,#5173));
#3649=IFCPOLYLOOP((#5129,#5128,#5165,#5169));
#3655=IFCPOLYLOOP((#5135,#5132,#5170,#5174));
#3657=IFCPOLYLOOP((#5133,#5135,#5174,#5171));
#3658=IFCPOLYLOOP((#5142,#5137,#5175,#5176));
#3659=IFCPOLYLOOP((#5139,#5141,#5177,#5178));
#3660=IFCPOLYLOOP((#5141,#5142,#5176,#5177));
#3662=IFCPOLYLOOP((#5143,#5140,#5179,#5180));
#3663=IFCPOLYLOOP((#5140,#5139,#5178,#5179));
#3664=IFCPOLYLOOP((#5144,#5143,#5180,#5181));
#3665=IFCPOLYLOOP((#5119,#5149,#5182,#5157));
#3666=IFCPOLYLOOP((#5149,#5144,#5181,#5182));
#3661=IFCPOLYLOOP((#5137,#5136,#5173,#5175));
#3667=IFCPOLYLOOP((#5151,#5157,#5183,#5184));
#3670=IFCPOLYLOOP((#5115,#5113,#5140,#5143));
#3671=IFCPOLYLOOP((#5158,#5156,#5185,#5186));
#3672=IFCPOLYLOOP((#5156,#5155,#5187,#5185));
#3668=IFCPOLYLOOP((#5152,#5151,#5184,#5188));
#3673=IFCPOLYLOOP((#5160,#5158,#5186,#5190));
#3674=IFCPOLYLOOP((#5161,#5163,#5189,#5191));
#3676=IFCPOLYLOOP((#5164,#5162,#5192,#5193));
#3677=IFCPOLYLOOP((#5165,#5164,#5193,#5194));
#3675=IFCPOLYLOOP((#5162,#5161,#5191,#5192));
#3678=IFCPOLYLOOP((#5163,#5160,#5190,#5189));
#3679=IFCPOLYLOOP((#5166,#5169,#5195,#5196));
#3680=IFCPOLYLOOP((#5167,#5166,#5196,#5197));
#3682=IFCPOLYLOOP((#5170,#5167,#5197,#5198));
#3683=IFCPOLYLOOP((#5171,#5174,#5199,#5200));
#3681=IFCPOLYLOOP((#5169,#5165,#5194,#5195));
#3684=IFCPOLYLOOP((#5174,#5170,#5198,#5199));
#3685=IFCPOLYLOOP((#5172,#5171,#5200,#5201));
#3686=IFCPOLYLOOP((#5173,#5172,#5201,#5204));
#3687=IFCPOLYLOOP((#5178,#5177,#5202,#5203));
#3688=IFCPOLYLOOP((#5177,#5176,#5205,#5202));
#3689=IFCPOLYLOOP((#5179,#5178,#5203,#5206));
#3669=IFCPOLYLOOP((#5155,#5152,#5188,#5187));
#3692=IFCPOLYLOOP((#5182,#5181,#5207,#5208));
#3693=IFCPOLYLOOP((#5181,#5180,#5209,#5207));
#3690=IFCPOLYLOOP((#5175,#5173,#5204,#5215));
#3708=IFCPOLYLOOP((#5223,#5251,#5252,#5224));
#3707=IFCPOLYLOOP((#5222,#5250,#5251,#5223));
#3709=IFCPOLYLOOP((#5217,#5245,#5246,#5218));
#3710=IFCPOLYLOOP((#5224,#5252,#5253,#5225));
#3691=IFCPOLYLOOP((#5180,#5179,#5206,#5209));
#3706=IFCPOLYLOOP((#5221,#5249,#5250,#5222));
#3703=IFCPOLYLOOP((#5218,#5246,#5247,#5219));
#3705=IFCPOLYLOOP((#5220,#5248,#5249,#5221));
#3704=IFCPOLYLOOP((#5219,#5247,#5248,#5220));
#3695=IFCPOLYLOOP((#5188,#5184,#5183,#5208,#5207,#5209,#5206,#5203,#5202,#5205,#5215,#5204,#5201,#5200,#5199,#5198,#5197,#5196,#5195,#5194,#5193,#5192,#5191,#5189,#5190,#5186,#5185,#5187));
#3702=IFCPOLYLOOP((#5214,#5243,#5244,#5216));
#3701=IFCPOLYLOOP((#5216,#5244,#5245,#5217));
#3700=IFCPOLYLOOP((#5212,#5241,#5242,#5213));
#3699=IFCPOLYLOOP((#5213,#5242,#5243,#5214));
#3698=IFCPOLYLOOP((#5211,#5240,#5241,#5212));
#3697=IFCPOLYLOOP((#5210,#5239,#5240,#5211));
#3696=IFCPOLYLOOP((#5157,#5182,#5208,#5183));
#3694=IFCPOLYLOOP((#5210,#5211,#5212,#5213,#5214,#5216,#5217,#5218,#5219,#5220,#5221,#5222,#5223,#5224,#5225,#5226,#5227,#5228,#5229,#5230,#5231,#5232,#5233,#5234,#5235,#5236,#5237,#5238));
#3711=IFCPOLYLOOP((#5225,#5253,#5254,#5226));
#3712=IFCPOLYLOOP((#5226,#5254,#5255,#5227));
#3715=IFCPOLYLOOP((#5230,#5256,#5257,#5231));
#3714=IFCPOLYLOOP((#5229,#5258,#5256,#5230));
#3713=IFCPOLYLOOP((#5228,#5259,#5258,#5229));
#3716=IFCPOLYLOOP((#5232,#5260,#5261,#5233));
#3718=IFCPOLYLOOP((#5227,#5255,#5259,#5228));
#3719=IFCPOLYLOOP((#5233,#5261,#5262,#5234));
#3717=IFCPOLYLOOP((#5231,#5257,#5260,#5232));
#3720=IFCPOLYLOOP((#5234,#5262,#5263,#5235));
#3722=IFCPOLYLOOP((#5237,#5264,#5265,#5238));
#3723=IFCPOLYLOOP((#5238,#5265,#5239,#5210));
#3725=IFCPOLYLOOP((#5240,#5266,#5267,#5241));
#3724=IFCPOLYLOOP((#5236,#5268,#5264,#5237));
#3726=IFCPOLYLOOP((#5239,#5269,#5266,#5240));
#3727=IFCPOLYLOOP((#5242,#5270,#5271,#5243));
#3728=IFCPOLYLOOP((#5244,#5272,#5273,#5245));
#3730=IFCPOLYLOOP((#5241,#5267,#5270,#5242));
#3731=IFCPOLYLOOP((#4790,#4789,#4935));
#3721=IFCPOLYLOOP((#5235,#5263,#5268,#5236));
#3732=IFCPOLYLOOP((#5246,#5274,#5275,#5247));
#3734=IFCPOLYLOOP((#5248,#5276,#5277,#5249));
#3729=IFCPOLYLOOP((#5243,#5271,#5272,#5244));
#3733=IFCPOLYLOOP((#5245,#5273,#5274,#5246));
#3736=IFCPOLYLOOP((#5247,#5275,#5276,#5248));
#3735=IFCPOLYLOOP((#4791,#4790,#4935,#4934));
#3737=IFCPOLYLOOP((#4904,#4899,#4912,#5278));
#3738=IFCPOLYLOOP((#5250,#5279,#5280,#5251));
#3739=IFCPOLYLOOP((#4899,#4791,#4934,#4933,#4913,#4912));
#3740=IFCPOLYLOOP((#5249,#5277,#5279,#5250));
#3741=IFCPOLYLOOP((#4900,#4904,#5278));
#3743=IFCPOLYLOOP((#4902,#4901,#5278));
#3745=IFCPOLYLOOP((#4914,#4913,#5281,#5282));
#3744=IFCPOLYLOOP((#4763,#4903,#5278,#4912));
#3747=IFCPOLYLOOP((#4915,#4916,#5283,#5284));
#3746=IFCPOLYLOOP((#4916,#4914,#5282,#5283));
#3748=IFCPOLYLOOP((#5251,#5280,#5285,#5252));
#3742=IFCPOLYLOOP((#4901,#4900,#5278));
#3751=IFCPOLYLOOP((#4917,#4915,#5284,#5286));
#3752=IFCPOLYLOOP((#4918,#4917,#5286,#5287));
#3750=IFCPOLYLOOP((#5253,#5288,#5289,#5254));
#3749=IFCPOLYLOOP((#5252,#5285,#5288,#5253));
#3754=IFCPOLYLOOP((#5255,#5290,#5291,#5259));
#3755=IFCPOLYLOOP((#5259,#5291,#5292,#5258));
#3757=IFCPOLYLOOP((#4920,#4919,#5293,#5294));
#3756=IFCPOLYLOOP((#4919,#4918,#5287,#5293));
#3753=IFCPOLYLOOP((#5254,#5289,#5290,#5255));
#3759=IFCPOLYLOOP((#4903,#4902,#5278));
#3758=IFCPOLYLOOP((#5258,#5292,#5295,#5256));
#3762=IFCPOLYLOOP((#5261,#5297,#5298,#5262));
#3760=IFCPOLYLOOP((#5256,#5295,#5296,#5257));
#3761=IFCPOLYLOOP((#5257,#5296,#5299,#5260));
#3763=IFCPOLYLOOP((#5260,#5299,#5297,#5261));
#3764=IFCPOLYLOOP((#5262,#5298,#5300,#5263));
#3765=IFCPOLYLOOP((#5263,#5300,#5301,#5268));
#3766=IFCPOLYLOOP((#5265,#5302,#5269,#5239));
#3767=IFCPOLYLOOP((#5268,#5301,#5303,#5264));
#3769=IFCPOLYLOOP((#5269,#5304,#5305,#5266));
#3770=IFCPOLYLOOP((#5266,#5305,#5306,#5267));
#3772=IFCPOLYLOOP((#5264,#5303,#5302,#5265));
#3771=IFCPOLYLOOP((#5270,#5307,#5308,#5271));
#3774=IFCPOLYLOOP((#5273,#5309,#5310,#5274));
#3768=IFCPOLYLOOP((#5176,#5175,#5215,#5205));
#3773=IFCPOLYLOOP((#5267,#5306,#5307,#5270));
#3775=IFCPOLYLOOP((#5271,#5308,#5311,#5272));
#3778=IFCPOLYLOOP((#5279,#5314,#5315,#5280));
#3777=IFCPOLYLOOP((#5276,#5312,#5313,#5277));
#3780=IFCPOLYLOOP((#5285,#5316,#5317,#5288));
#3779=IFCPOLYLOOP((#5280,#5315,#5316,#5285));
#3781=IFCPOLYLOOP((#5288,#5317,#5318,#5289));
#3782=IFCPOLYLOOP((#5289,#5318,#5319,#5290));
#3784=IFCPOLYLOOP((#5274,#5310,#5320,#5275));
#3783=IFCPOLYLOOP((#5277,#5313,#5314,#5279));
#3786=IFCPOLYLOOP((#5292,#5321,#5322,#5295));
#3787=IFCPOLYLOOP((#5291,#5323,#5321,#5292));
#3788=IFCPOLYLOOP((#5296,#5324,#5325,#5299));
#3785=IFCPOLYLOOP((#5290,#5319,#5323,#5291));
#3789=IFCPOLYLOOP((#5295,#5322,#5324,#5296));
#3790=IFCPOLYLOOP((#5299,#5325,#5326,#5297));
#3791=IFCPOLYLOOP((#5275,#5320,#5312,#5276));
#3792=IFCPOLYLOOP((#5300,#5328,#5327,#5301));
#3793=IFCPOLYLOOP((#5301,#5327,#5329,#5303));
#3794=IFCPOLYLOOP((#5297,#5326,#5330,#5298));
#3795=IFCPOLYLOOP((#5303,#5329,#5331,#5302));
#3796=IFCPOLYLOOP((#5304,#5332,#5333,#5305));
#3797=IFCPOLYLOOP((#5306,#5334,#5335,#5307));
#3799=IFCPOLYLOOP((#5298,#5330,#5328,#5300));
#3798=IFCPOLYLOOP((#5302,#5331,#5304,#5269));
#3801=IFCPOLYLOOP((#5307,#5335,#5336,#5308));
#3800=IFCPOLYLOOP((#5308,#5336,#5337,#5311));
#3802=IFCPOLYLOOP((#5311,#5337,#5338,#5309));
#3776=IFCPOLYLOOP((#5272,#5311,#5309,#5273));
#3803=IFCPOLYLOOP((#5309,#5338,#5339,#5310));
#3805=IFCPOLYLOOP((#5310,#5339,#5340,#5320));
#3804=IFCPOLYLOOP((#5320,#5340,#5341,#5312));
#3808=IFCPOLYLOOP((#5313,#5342,#5343,#5314));
#3809=IFCPOLYLOOP((#5316,#5344,#5345,#5317));
#3810=IFCPOLYLOOP((#5317,#5345,#5346,#5318));
#3811=IFCPOLYLOOP((#5318,#5346,#5347,#5319));
#3812=IFCPOLYLOOP((#5319,#5347,#5348,#5323));
#3807=IFCPOLYLOOP((#5314,#5343,#5349,#5315));
#3813=IFCPOLYLOOP((#5323,#5348,#5350,#5321));
#3806=IFCPOLYLOOP((#5312,#5341,#5342,#5313));
#3815=IFCPOLYLOOP((#5324,#5351,#5352,#5325));
#3816=IFCPOLYLOOP((#5325,#5352,#5353,#5326));
#3817=IFCPOLYLOOP((#5322,#5354,#5351,#5324));
#3818=IFCPOLYLOOP((#5326,#5353,#5355,#5330));
#3814=IFCPOLYLOOP((#5321,#5350,#5354,#5322));
#3821=IFCPOLYLOOP((#5315,#5349,#5344,#5316));
#3822=IFCPOLYLOOP((#5327,#5357,#5358,#5329));
#3820=IFCPOLYLOOP((#5328,#5356,#5357,#5327));
#3824=IFCPOLYLOOP((#5333,#5360,#5361,#5334));
#3819=IFCPOLYLOOP((#5330,#5355,#5356,#5328));
#3825=IFCPOLYLOOP((#5331,#5359,#5332,#5304));
#3826=IFCPOLYLOOP((#5332,#5362,#5360,#5333));
#3823=IFCPOLYLOOP((#5329,#5358,#5359,#5331));
#3827=IFCPOLYLOOP((#5335,#5363,#5364,#5336));
#3828=IFCPOLYLOOP((#5334,#5361,#5363,#5335));
#3829=IFCPOLYLOOP((#5336,#5364,#5365,#5337));
#3831=IFCPOLYLOOP((#5338,#5366,#5367,#5339));
#3833=IFCPOLYLOOP((#5340,#5368,#5369,#5341));
#3832=IFCPOLYLOOP((#5339,#5367,#5368,#5340));
#3834=IFCPOLYLOOP((#5341,#5369,#5370,#5342));
#3835=IFCPOLYLOOP((#5342,#5370,#5371,#5343));
#3830=IFCPOLYLOOP((#5337,#5365,#5366,#5338));
#3836=IFCPOLYLOOP((#5343,#5371,#5372,#5349));
#3838=IFCPOLYLOOP((#5305,#5333,#5334,#5306));
#3839=IFCPOLYLOOP((#5345,#5373,#5375,#5346));
#3840=IFCPOLYLOOP((#5346,#5375,#5376,#5347));
#3837=IFCPOLYLOOP((#5344,#5374,#5373,#5345));
#3843=IFCPOLYLOOP((#5354,#5377,#5378,#5351));
#3841=IFCPOLYLOOP((#5348,#5379,#5380,#5350));
#3844=IFCPOLYLOOP((#5351,#5378,#5381,#5352));
#3845=IFCPOLYLOOP((#5347,#5376,#5379,#5348));
#3847=IFCPOLYLOOP((#5355,#5382,#5383,#5356));
#3846=IFCPOLYLOOP((#5350,#5380,#5377,#5354));
#3842=IFCPOLYLOOP((#5349,#5372,#5374,#5344));
#3849=IFCPOLYLOOP((#5356,#5383,#5385,#5357));
#3848=IFCPOLYLOOP((#5353,#5384,#5382,#5355));
#3850=IFCPOLYLOOP((#5358,#5386,#5387,#5359));
#3851=IFCPOLYLOOP((#5357,#5385,#5386,#5358));
#3854=IFCPOLYLOOP((#4921,#4920,#5294,#5388));
#3852=IFCPOLYLOOP((#5359,#5387,#5362,#5332));
#3855=IFCPOLYLOOP((#4925,#4921,#5388,#5389));
#3857=IFCPOLYLOOP((#5390,#5391,#5392,#5393));
#3856=IFCPOLYLOOP((#4926,#4925,#5389,#5394));
#3858=IFCPOLYLOOP((#5395,#5396,#5391,#5390));
#3859=IFCPOLYLOOP((#5352,#5381,#5384,#5353));
#3861=IFCPOLYLOOP((#5393,#5392,#5397,#5398));
#3862=IFCPOLYLOOP((#5398,#5397,#5399,#5400));
#3863=IFCPOLYLOOP((#5400,#5399,#5408,#5401));
#3864=IFCPOLYLOOP((#5401,#5408,#5411,#5402));
#3865=IFCPOLYLOOP((#4928,#4926,#5394,#5415));
#3860=IFCPOLYLOOP((#5395,#5390,#5393,#5398,#5400,#5401,#5402,#5403,#5404,#5405,#5406,#5407,#5409,#5410,#5412,#5413,#5414,#5417,#5418,#5419,#5420,#5421,#5422,#5423,#5424,#5425,#5426,#5427));
#3866=IFCPOLYLOOP((#4931,#4930,#5416,#5428));
#3867=IFCPOLYLOOP((#4930,#4928,#5415,#5416));
#3868=IFCPOLYLOOP((#4932,#4931,#5428,#5429));
#3869=IFCPOLYLOOP((#4933,#4932,#5429,#5430));
#3871=IFCPOLYLOOP((#5402,#5411,#5431,#5403));
#3853=IFCPOLYLOOP((#5386,#5385,#5383,#5382,#5384,#5381,#5378,#5377,#5380,#5379,#5376,#5375,#5373,#5374,#5372,#5371,#5370,#5369,#5368,#5367,#5366,#5365,#5364,#5363,#5361,#5360,#5362,#5387));
#3870=IFCPOLYLOOP((#4913,#4933,#5430,#5281));
#3872=IFCCARTESIANPOINT((-14104.07667476444,14817.01295362526,0.));
#3874=IFCDIRECTION((0.9978689432675026,0.0652500732735035,0.));
#3873=IFCDIRECTION((0.,0.,1.));
#3877=IFCPOLYLOOP((#5404,#5432,#5433,#5405));
#3876=IFCPOLYLOOP((#5403,#5431,#5432,#5404));
#3878=IFCPOLYLOOP((#5405,#5433,#5434,#5406));
#3880=IFCPOLYLOOP((#4984,#5435,#5436,#4985));
#3875=IFCPOLYLOOP((#5282,#5281,#5430,#5429,#5428,#5416,#5415,#5394,#5389,#5388,#5294,#5293,#5287,#5286,#5284,#5283));
#3881=IFCPOLYLOOP((#4983,#5154,#5435,#4984));
#3883=IFCPOLYLOOP((#4986,#5437,#5438,#4988));
#3884=IFCPOLYLOOP((#5409,#5439,#5440,#5410));
#3885=IFCPOLYLOOP((#5410,#5440,#5441,#5412));
#3886=IFCPOLYLOOP((#5412,#5441,#5442,#5413));
#3887=IFCPOLYLOOP((#5413,#5442,#5443,#5414));
#3888=IFCPOLYLOOP((#5414,#5443,#5444,#5417));
#3889=IFCPOLYLOOP((#5418,#5445,#5446,#5419));
#3890=IFCPOLYLOOP((#5417,#5444,#5445,#5418));
#3891=IFCPOLYLOOP((#5419,#5446,#5447,#5420));
#3892=IFCPOLYLOOP((#5420,#5447,#5448,#5421));
#3893=IFCPOLYLOOP((#5421,#5448,#5449,#5422));
#3894=IFCPOLYLOOP((#5422,#5449,#5450,#5423));
#3895=IFCPOLYLOOP((#5407,#5451,#5439,#5409));
#3896=IFCPOLYLOOP((#5424,#5452,#5453,#5425));
#3897=IFCPOLYLOOP((#5425,#5453,#5454,#5426));
#3898=IFCPOLYLOOP((#5423,#5450,#5452,#5424));
#3899=IFCPOLYLOOP((#5427,#5455,#5396,#5395));
#3900=IFCPOLYLOOP((#5426,#5454,#5455,#5427));
#3901=IFCPOLYLOOP((#5396,#5456,#5457,#5391));
#3902=IFCPOLYLOOP((#5391,#5457,#5458,#5392));
#3903=IFCPOLYLOOP((#5392,#5458,#5459,#5397));
#3904=IFCPOLYLOOP((#5399,#5460,#5461,#5408));
#3905=IFCPOLYLOOP((#5397,#5459,#5460,#5399));
#3906=IFCPOLYLOOP((#5411,#5462,#5463,#5431));
#3907=IFCPOLYLOOP((#5431,#5463,#5464,#5432));
#3908=IFCPOLYLOOP((#5432,#5464,#5465,#5433));
#3909=IFCPOLYLOOP((#5408,#5461,#5462,#5411));
#3910=IFCPOLYLOOP((#5434,#5466,#5467,#5451));
#3911=IFCPOLYLOOP((#5451,#5467,#5468,#5439));
#3912=IFCPOLYLOOP((#5439,#5468,#5469,#5440));
#3913=IFCPOLYLOOP((#5433,#5465,#5466,#5434));
#3914=IFCPOLYLOOP((#5440,#5469,#5470,#5441));
#3915=IFCPOLYLOOP((#5441,#5470,#5471,#5442));
#3879=IFCPOLYLOOP((#5406,#5434,#5451,#5407));
#3916=IFCPOLYLOOP((#5442,#5471,#5473,#5443));
#3918=IFCPOLYLOOP((#5443,#5473,#5472,#5444));
#3917=IFCPOLYLOOP((#5444,#5472,#5474,#5445));
#3920=IFCPOLYLOOP((#5447,#5475,#5477,#5448));
#3882=IFCPOLYLOOP((#4985,#5436,#5437,#4986));
#3919=IFCPOLYLOOP((#5445,#5474,#5476,#5446));
#3922=IFCPOLYLOOP((#5448,#5477,#5478,#5449));
#3923=IFCPOLYLOOP((#5449,#5478,#5479,#5450));
#3924=IFCPOLYLOOP((#5450,#5479,#5480,#5452));
#3926=IFCPOLYLOOP((#5453,#5481,#5482,#5454));
#3925=IFCPOLYLOOP((#5452,#5480,#5481,#5453));
#3928=IFCPOLYLOOP((#5455,#5483,#5456,#5396));
#3927=IFCPOLYLOOP((#5454,#5482,#5483,#5455));
#3930=IFCPOLYLOOP((#5457,#5485,#5486,#5458));
#3929=IFCPOLYLOOP((#5456,#5484,#5485,#5457));
#3931=IFCPOLYLOOP((#5458,#5486,#5487,#5459));
#3932=IFCPOLYLOOP((#5459,#5487,#5488,#5460));
#3934=IFCPOLYLOOP((#5461,#5489,#5490,#5462));
#3933=IFCPOLYLOOP((#5460,#5488,#5489,#5461));
#3936=IFCPOLYLOOP((#5463,#5491,#5492,#5464));
#3937=IFCPOLYLOOP((#5464,#5492,#5493,#5465));
#3935=IFCPOLYLOOP((#5462,#5490,#5491,#5463));
#3938=IFCPOLYLOOP((#5465,#5493,#5494,#5466));
#3940=IFCPOLYLOOP((#5467,#5495,#5496,#5468));
#3941=IFCPOLYLOOP((#5468,#5496,#5497,#5469));
#3942=IFCPOLYLOOP((#5469,#5497,#5498,#5470));
#3921=IFCPOLYLOOP((#5446,#5476,#5475,#5447));
#3944=IFCPOLYLOOP((#5473,#5500,#5501,#5472));
#3943=IFCPOLYLOOP((#5470,#5498,#5499,#5471));
#3945=IFCPOLYLOOP((#5472,#5501,#5502,#5474));
#3946=IFCPOLYLOOP((#5474,#5502,#5503,#5476));
#3947=IFCPOLYLOOP((#5471,#5499,#5500,#5473));
#3939=IFCPOLYLOOP((#5466,#5494,#5495,#5467));
#3949=IFCPOLYLOOP((#5475,#5504,#5505,#5477));
#3948=IFCPOLYLOOP((#5476,#5503,#5504,#5475));
#3952=IFCPOLYLOOP((#5479,#5507,#5508,#5480));
#3950=IFCPOLYLOOP((#5477,#5505,#5506,#5478));
#3953=IFCPOLYLOOP((#5480,#5508,#5509,#5481));
#3951=IFCPOLYLOOP((#5478,#5506,#5507,#5479));
#3956=IFCPOLYLOOP((#5483,#5511,#5484,#5456));
#3954=IFCPOLYLOOP((#5481,#5509,#5510,#5482));
#3955=IFCPOLYLOOP((#5482,#5510,#5511,#5483));
#3959=IFCPOLYLOOP((#5486,#5514,#5515,#5487));
#3960=IFCPOLYLOOP((#5488,#5516,#5517,#5489));
#3957=IFCPOLYLOOP((#5484,#5512,#5513,#5485));
#3961=IFCPOLYLOOP((#5487,#5515,#5516,#5488));
#3962=IFCPOLYLOOP((#5489,#5517,#5518,#5490));
#3963=IFCPOLYLOOP((#5490,#5518,#5519,#5491));
#3958=IFCPOLYLOOP((#5485,#5513,#5514,#5486));
#3965=IFCPOLYLOOP((#5492,#5520,#5521,#5493));
#3966=IFCPOLYLOOP((#5494,#5522,#5523,#5495));
#3968=IFCPOLYLOOP((#5496,#5524,#5525,#5497));
#3969=IFCPOLYLOOP((#5497,#5525,#5526,#5498));
#3970=IFCPOLYLOOP((#5498,#5526,#5527,#5499));
#3967=IFCPOLYLOOP((#5493,#5521,#5522,#5494));
#3972=IFCPOLYLOOP((#5500,#5528,#5529,#5501));
#3971=IFCPOLYLOOP((#5499,#5527,#5528,#5500));
#3973=IFCPOLYLOOP((#5495,#5523,#5524,#5496));
#3974=IFCPOLYLOOP((#5501,#5529,#5530,#5502));
#3975=IFCPOLYLOOP((#5502,#5530,#5531,#5503));
#3977=IFCPOLYLOOP((#5504,#5532,#5533,#5505));
#3976=IFCPOLYLOOP((#5503,#5531,#5532,#5504));
#3978=IFCPOLYLOOP((#5505,#5533,#5534,#5506));
#3979=IFCPOLYLOOP((#5506,#5534,#5535,#5507));
#3980=IFCPOLYLOOP((#5507,#5535,#5536,#5508));
#3982=IFCPOLYLOOP((#5509,#5537,#5538,#5510));
#3983=IFCPOLYLOOP((#5510,#5538,#5539,#5511));
#3981=IFCPOLYLOOP((#5508,#5536,#5537,#5509));
#3985=IFCPOLYLOOP((#5511,#5539,#5512,#5484));
#3984=IFCPOLYLOOP((#5539,#5538,#5537,#5536,#5535,#5534,#5533,#5532,#5531,#5530,#5529,#5528,#5527,#5526,#5525,#5524,#5523,#5522,#5521,#5520,#5519,#5518,#5517,#5516,#5515,#5514,#5513,#5512));
#3986=IFCCARTESIANPOINT((0.,0.,-385.));
#3987=IFCDIRECTION((0.,0.,1.));
#3988=IFCDIRECTION((-1.,0.,0.));
#3990=IFCPROPERTYSINGLEVALUE('Lnw',$,IFCLABEL(''),$);
#3991=IFCPROPERTYSINGLEVALUE('Ra \X2\044204400430043D\X0\.',$,IFCLABEL(''),$);
#3989=IFCMATERIALLAYERSET((#5540),'\X2\04160435043B04350437043E043104350442043E043D\X0\ - \X2\041A043E043D0441044204400443043A04460438043E043D043D044B0439\X0\ 120');
#3993=IFCPROPERTYSINGLEVALUE('\X2\04140438043D0430043C0438044704350441043A04380439\X0\ ID \X2\043F043E\X0\ \X2\041A043B043004410441043804440438043A0430044604380438\X0\',$,IFCLABEL('\X2\042104420435043D0430\X0\ -003'),$);
#3992=IFCCLASSIFICATION('www.graphisoft.com','v 2.0',#5541,'\X2\041A043B043004410441043804440438043A043004460438044F\X0\ Archicad');
#3994=IFCPROPERTYSINGLEVALUE('ID \X2\041A043B043004410441043804440438043A0430044604380438\X0\',$,IFCLABEL('\X2\042104420435043D0430\X0\'),$);
#3995=IFCPROPERTYSINGLEVALUE('\X2\041D04300438043C0435043D043E04320430043D04380435\X0\ \X2\041A043B043004410441043804440438043A0430044604380438\X0\',$,IFCLABEL('\X2\042104420435043D0430\X0\'),$);
#3997=IFCPROPERTYSINGLEVALUE('IsExternal',$,IFCBOOLEAN(.T.),$);
#3996=IFCPROPERTYSINGLEVALUE('\X2\041F043E043A0440044B044204380435\X0\ \X2\0422043E04400446043E0432\X0\ (\X2\041E0431044904350435\X0\)',$,IFCLABEL('\X2\041104350442043E043D\X0\ - 02'),$);
#3998=IFCPROPERTYSINGLEVALUE('LoadBearing',$,IFCBOOLEAN(.F.),$);
#3999=IFCPROPERTYSINGLEVALUE('Renovation Status',$,IFCLABEL('Existing'),$);
#4000=IFCQUANTITYAREA('\X2\041F043B043E044904300434044C\X0\ \X2\0412043504400445043D04350439\X0\ \X2\041F043E0432043504400445043D043E044104420438\X0\ (\X2\041E043104490430044F\X0\)',$,$,0.5644799394378084);
#4001=IFCQUANTITYAREA('\X2\041F043B043E044904300434044C\X0\ \X2\0422043E0440044604350432044B0445\X0\ \X2\041F043E0432043504400445043D043E0441044204350439\X0\ (\X2\041E043104490430044F\X0\)',$,$,1.068960000000001);
#4002=IFCQUANTITYAREA('\X2\041F043B043E044904300434044C\X0\ \X2\041D04380436043D04350439\X0\ \X2\041F043E0432043504400445043D043E044104420438\X0\ (\X2\041E043104490430044F\X0\)',$,$,0.5644799394378084);
#4017=IFCDIRECTION((0.,0.,1.));
#3964=IFCPOLYLOOP((#5491,#5519,#5520,#5492));
#4015=IFCPROPERTYSINGLEVALUE('\X2\041D04300438043C0435043D043E04320430043D04380435\X0\ \X2\041A043B043004410441043804440438043A0430044604380438\X0\',$,IFCLABEL('\X2\041C043504310435043B044C\X0\'),$);
#4014=IFCPROPERTYSINGLEVALUE('ID \X2\041A043B043004410441043804440438043A0430044604380438\X0\',$,IFCLABEL('\X2\041C043504310435043B044C\X0\'),$);
#4012=IFCPROPERTYSINGLEVALUE('\X2\042004300441043F043E043B043E04360435043D04380435\X0\ \X2\043F0440043E04340443043A04420430\X0\',$,IFCLABEL(' \X2\041D04300438043C0435043D043E04320430043D04380435\X0\ \X2\041E0431044A0435043A04420430\X0\: \X2\041704340430043D04380435\X0\:  \X2\042D044204300436\X0\: 1-\X2\0439\X0\ \X2\044D044204300436\X0\ \X2\041F043E043C043504490435043D04380435\X0\: '),$);
#4013=IFCPROPERTYSINGLEVALUE('\X2\04140438043D0430043C0438044704350441043A04380439\X0\ ID \X2\043F043E\X0\ \X2\041A043B043004410441043804440438043A0430044604380438\X0\',$,IFCLABEL('\X2\041C043504310435043B044C\X0\ -0001'),$);
#4011=IFCPROPERTYSINGLEVALUE('\X2\0412043504310441043004390442\X0\ \X2\041F0440043E043804370432043E0434043804420435043B044F\X0\',$,IFCLABEL('www.graphisoft.com'),$);
#4010=IFCCOLOURRGB($,0.4980392156862745,0.4980392156862745,0.4980392156862745);
#4009=IFCRELDEFINESBYPROPERTIES('0mMprOdLgArl61MEgwyoyI',#2,$,$,(#2713),#5548);
#4006=IFCRELDEFINESBYPROPERTIES('0csPFl14444aF7PWobhrVu',#2,$,$,(#2713),#5547);
#4008=IFCRELDEFINESBYPROPERTIES('0C91rQelLbHcqJfDMOeQZI',#2,$,$,(#2713),#5546);
#4007=IFCRELDEFINESBYPROPERTIES('2PUxYGTxmLlbcuO2P7uYfP',#2,$,$,(#2713),#5545);
#4005=IFCRELDEFINESBYPROPERTIES('1zCGBXI6BqTeC2BJxUY4Sz',#2,$,$,(#2713),#5544);
#4004=IFCRELDEFINESBYPROPERTIES('3bH8drXcjNRduQ5lGkUzRX',#2,$,$,(#2713),#5543);
#4003=IFCRELASSOCIATESCLASSIFICATION('3UPjLU3Pkt4U_YZtBLSEjY',#2,'\X2\041A043B043004410441043804440438043A043004460438044F\X0\ Archicad v 2.0',$,(#2713),#5542);
#4019=IFCPROPERTYSINGLEVALUE('Renovation Status',$,IFCLABEL('Existing'),$);
#4016=IFCCARTESIANPOINT((-5244.,0.,-385.));
#4020=IFCPROPERTYSINGLEVALUE('Lnw',$,IFCLABEL(''),$);
#4021=IFCPROPERTYSINGLEVALUE('Ra \X2\044204400430043D\X0\.',$,IFCLABEL(''),$);
#4018=IFCDIRECTION((0.,1.,0.));
#4023=IFCPROPERTYSINGLEVALUE('ID \X2\041A043B043004410441043804440438043A0430044604380438\X0\',$,IFCLABEL('\X2\042104420435043D0430\X0\'),$);
#4022=IFCPROPERTYSINGLEVALUE('\X2\04140438043D0430043C0438044704350441043A04380439\X0\ ID \X2\043F043E\X0\ \X2\041A043B043004410441043804440438043A0430044604380438\X0\',$,IFCLABEL('\X2\042104420435043D0430\X0\ -004'),$);
#4025=IFCPROPERTYSINGLEVALUE('Renovation Status',$,IFCLABEL('Existing'),$);
#4027=IFCPROPERTYSINGLEVALUE('IsExternal',$,IFCBOOLEAN(.T.),$);
#4028=IFCPROPERTYSINGLEVALUE('LoadBearing',$,IFCBOOLEAN(.F.),$);
#4026=IFCPROPERTYSINGLEVALUE('\X2\041F043E043A0440044B044204380435\X0\ \X2\0422043E04400446043E0432\X0\ (\X2\041E0431044904350435\X0\)',$,IFCLABEL('\X2\041104350442043E043D\X0\ - 02'),$);
#4024=IFCPROPERTYSINGLEVALUE('\X2\041D04300438043C0435043D043E04320430043D04380435\X0\ \X2\041A043B043004410441043804440438043A0430044604380438\X0\',$,IFCLABEL('\X2\042104420435043D0430\X0\'),$);
#4030=IFCDIRECTION((0.,0.,1.));
#4029=IFCCARTESIANPOINT((-5244.,1098.999999999998,-385.));
#4031=IFCDIRECTION((1.,0.,0.));
#4032=IFCPROPERTYSINGLEVALUE('Lnw',$,IFCLABEL(''),$);
#4033=IFCPROPERTYSINGLEVALUE('Ra \X2\044204400430043D\X0\.',$,IFCLABEL(''),$);
#4034=IFCQUANTITYAREA('\X2\041F043B043E044904300434044C\X0\ \X2\0412043504400445043D04350439\X0\ \X2\041F043E0432043504400445043D043E044104420438\X0\ (\X2\041E043104490430044F\X0\)',$,$,0.1174800000000005);
#4036=IFCQUANTITYAREA('\X2\041F043B043E044904300434044C\X0\ \X2\041D04380436043D04350439\X0\ \X2\041F043E0432043504400445043D043E044104420438\X0\ (\X2\041E043104490430044F\X0\)',$,$,0.1174800000000005);
#4035=IFCQUANTITYAREA('\X2\041F043B043E044904300434044C\X0\ \X2\0422043E0440044604350432044B0445\X0\ \X2\041F043E0432043504400445043D043E0441044204350439\X0\ (\X2\041E043104490430044F\X0\)',$,$,0.1174800000000001);
#4038=IFCPROPERTYSINGLEVALUE('ID \X2\041A043B043004410441043804440438043A0430044604380438\X0\',$,IFCLABEL('\X2\042104420435043D0430\X0\'),$);
#4037=IFCPROPERTYSINGLEVALUE('\X2\04140438043D0430043C0438044704350441043A04380439\X0\ ID \X2\043F043E\X0\ \X2\041A043B043004410441043804440438043A0430044604380438\X0\',$,IFCLABEL('\X2\042104420435043D0430\X0\ -005'),$);
#4041=IFCPROPERTYSINGLEVALUE('IsExternal',$,IFCBOOLEAN(.T.),$);
#4039=IFCPROPERTYSINGLEVALUE('\X2\041D04300438043C0435043D043E04320430043D04380435\X0\ \X2\041A043B043004410441043804440438043A0430044604380438\X0\',$,IFCLABEL('\X2\042104420435043D0430\X0\'),$);
#4042=IFCPROPERTYSINGLEVALUE('LoadBearing',$,IFCBOOLEAN(.F.),$);
#4040=IFCPROPERTYSINGLEVALUE('\X2\041F043E043A0440044B044204380435\X0\ \X2\0422043E04400446043E0432\X0\ (\X2\041E0431044904350435\X0\)',$,IFCLABEL('\X2\041104350442043E043D\X0\ - 02'),$);
#4043=IFCPROPERTYSINGLEVALUE('Renovation Status',$,IFCLABEL('Existing'),$);
#4044=IFCPOLYLOOP((#4988,#5438,#4993,#4970));
#4046=IFCQUANTITYAREA('\X2\041F043B043E044904300434044C\X0\ \X2\0412043504400445043D04350439\X0\ \X2\041F043E0432043504400445043D043E044104420438\X0\ (\X2\041E043104490430044F\X0\)',$,$,0.5500800409841929);
#4045=IFCPOLYLOOP((#5438,#5437,#5436,#5435,#5154,#5153,#5159,#5168,#5150,#5148,#5147,#5146,#5145,#5138,#4994,#4993));
#4047=IFCQUANTITYAREA('\X2\041F043B043E044904300434044C\X0\ \X2\0422043E0440044604350432044B0445\X0\ \X2\041F043E0432043504400445043D043E0441044204350439\X0\ (\X2\041E043104490430044F\X0\)',$,$,1.054560000000001);
#4048=IFCQUANTITYAREA('\X2\041F043B043E044904300434044C\X0\ \X2\041D04380436043D04350439\X0\ \X2\041F043E0432043504400445043D043E044104420438\X0\ (\X2\041E043104490430044F\X0\)',$,$,0.5500800409841929);
#4049=IFCCARTESIANPOINT((0.,1098.999999999998,-385.));
#4051=IFCDIRECTION((0.,-1.,0.));
#4050=IFCDIRECTION((0.,0.,1.));
#4053=IFCPROPERTYSINGLEVALUE('Lnw',$,IFCLABEL(''),$);
#4054=IFCPROPERTYSINGLEVALUE('Ra \X2\044204400430043D\X0\.',$,IFCLABEL(''),$);
#4052=IFCMATERIALLAYERSET((#5549),'\X2\04160435043B04350437043E043104350442043E043D\X0\ - \X2\041A043E043D0441044204400443043A04460438043E043D043D044B0439\X0\ 540');
#4055=IFCPROPERTYSINGLEVALUE('\X2\04140438043D0430043C0438044704350441043A04380439\X0\ ID \X2\043F043E\X0\ \X2\041A043B043004410441043804440438043A0430044604380438\X0\',$,IFCLABEL('\X2\042104420435043D0430\X0\ -006'),$);
#4056=IFCPROPERTYSINGLEVALUE('ID \X2\041A043B043004410441043804440438043A0430044604380438\X0\',$,IFCLABEL('\X2\042104420435043D0430\X0\'),$);
#4057=IFCPROPERTYSINGLEVALUE('\X2\041D04300438043C0435043D043E04320430043D04380435\X0\ \X2\041A043B043004410441043804440438043A0430044604380438\X0\',$,IFCLABEL('\X2\042104420435043D0430\X0\'),$);
#4059=IFCPROPERTYSINGLEVALUE('Renovation Status',$,IFCLABEL('Existing'),$);
#4060=IFCPROPERTYSINGLEVALUE('IsExternal',$,IFCBOOLEAN(.T.),$);
#4058=IFCPROPERTYSINGLEVALUE('\X2\041F043E043A0440044B044204380435\X0\ \X2\0422043E04400446043E0432\X0\ (\X2\041E0431044904350435\X0\)',$,IFCLABEL('\X2\041104350442043E043D\X0\ - 02'),$);
#4061=IFCPROPERTYSINGLEVALUE('LoadBearing',$,IFCBOOLEAN(.F.),$);
#4062=IFCPOLYLOOP((#5550,#5551,#5552,#5553));
#4063=IFCCOLOURRGB($,0.6588235294117647,0.6627450980392157,0.6196078431372549);
#4064=IFCQUANTITYAREA('\X2\041F043B043E044904300434044C\X0\ \X2\0412043504400445043D04350439\X0\ \X2\041F043E0432043504400445043D043E044104420438\X0\ (\X2\041E043104490430044F\X0\)',$,$,0.5934599999999991);
#4065=IFCQUANTITYAREA('\X2\041F043B043E044904300434044C\X0\ \X2\0422043E0440044604350432044B0445\X0\ \X2\041F043E0432043504400445043D043E0441044204350439\X0\ (\X2\041E043104490430044F\X0\)',$,$,1.186919999999998);
#4066=IFCQUANTITYAREA('\X2\041F043B043E044904300434044C\X0\ \X2\041D04380436043D04350439\X0\ \X2\041F043E0432043504400445043D043E044104420438\X0\ (\X2\041E043104490430044F\X0\)',$,$,0.5934599999999991);
#4067=IFCPOLYLOOP((#5551,#5554,#5555,#5552));
#4068=IFCPOLYLOOP((#5550,#5556,#5554,#5551));
#4069=IFCPOLYLOOP((#5556,#5550,#5553,#5557));
#4071=IFCPOLYLOOP((#5554,#5556,#5557,#5555));
#4070=IFCCARTESIANPOINT((-10950.5723892824,-6472.097659966816,-385.));
#4072=IFCDIRECTION((0.,0.,1.));
#4073=IFCDIRECTION((1.,0.,0.));
#4074=IFCCARTESIANPOINT((0.,499.9999999999999,0.));
#4077=IFCDIRECTION((0.,1.,0.));
#4075=IFCDIRECTION((0.,0.,1.));
#4076=IFCPOLYLOOP((#5553,#5552,#5555,#5557));
#4078=IFCPOLYLOOP((#5558,#5559,#5560,#5561));
#4080=IFCCOLOURRGB($,0.8,0.7450980392156863,0.6745098039215687);
#4079=IFCPOLYLOOP((#5558,#5562,#5563,#5559));
#4081=IFCPOLYLOOP((#5559,#5563,#5564,#5560));
#4084=IFCPOLYLOOP((#5565,#5566,#5567,#5568));
#4082=IFCPOLYLOOP((#5561,#5560,#5564,#5571));
#4085=IFCPOLYLOOP((#5565,#5569,#5570,#5566));
#4083=IFCPOLYLOOP((#5562,#5558,#5561,#5571));
#4087=IFCPOLYLOOP((#5563,#5562,#5571,#5564));
#4089=IFCPOLYLOOP((#5568,#5567,#5572,#5573));
#4086=IFCPOLYLOOP((#5566,#5570,#5572,#5567));
#4090=IFCMATERIALLAYERSET((#5574),'\X2\041104350442043E043D\X0\ - \X2\041A043E043D0441044204400443043A04460438043E043D043D044B0439\X0\ 385');
#4088=IFCPOLYLOOP((#5569,#5565,#5568,#5573));
#4091=IFCPROPERTYSINGLEVALUE('Renovation Status',$,IFCLABEL('Existing'),$);
#4092=IFCPOLYLOOP((#5570,#5569,#5573,#5572));
#4094=IFCDIRECTION((0.,0.,1.));
#4095=IFCDIRECTION((0.,1.,0.));
#4096=IFCPROPERTYSINGLEVALUE('Lnw',$,IFCLABEL(''),$);
#4097=IFCPROPERTYSINGLEVALUE('Ra \X2\044204400430043D\X0\.',$,IFCLABEL(''),$);
#4093=IFCCARTESIANPOINT((-269.9999999999998,500.0000000000002,184.9764585552578));
#4099=IFCPROPERTYSINGLEVALUE('\X2\041F043E043A0440044B044204380435\X0\ \X2\0422043E04400446043E0432\X0\ (\X2\041E0431044904350435\X0\)',$,IFCLABEL('\X2\041104350442043E043D\X0\ - 04'),$);
#4098=IFCPROPERTYSINGLEVALUE('\X2\041F043E043A0440044B044204380435\X0\ \X2\04120435044004450430\X0\ (\X2\041E0431044904350435\X0\)',$,IFCLABEL('\X2\041104350442043E043D\X0\ - 04'),$);
#4100=IFCPROPERTYSINGLEVALUE('\X2\041F043E043A0440044B044204380435\X0\ \X2\041D043804370430\X0\ (\X2\041E0431044904350435\X0\)',$,IFCLABEL('\X2\041104350442043E043D\X0\ - 04'),$);
#4101=IFCPROPERTYSINGLEVALUE('Renovation Status',$,IFCLABEL('Existing'),$);
#4102=IFCPROPERTYSINGLEVALUE('\X2\04140438043D0430043C0438044704350441043A04380439\X0\ ID \X2\043F043E\X0\ \X2\041A043B043004410441043804440438043A0430044604380438\X0\',$,IFCLABEL('\X2\041F043504400435043A0440044B044204380435\X0\ -001'),$);
#4103=IFCPROPERTYSINGLEVALUE('ID \X2\041A043B043004410441043804440438043A0430044604380438\X0\',$,IFCLABEL('\X2\041F043504400435043A0440044B044204380435\X0\'),$);
#4104=IFCPROPERTYSINGLEVALUE('\X2\041D04300438043C0435043D043E04320430043D04380435\X0\ \X2\041A043B043004410441043804440438043A0430044604380438\X0\',$,IFCLABEL('\X2\041F043504400435043A0440044B044204380435\X0\'),$);
#4105=IFCPROPERTYSINGLEVALUE('IsExternal',$,IFCBOOLEAN(.F.),$);
#4107=IFCQUANTITYAREA('\X2\041F043B043E044904300434044C\X0\ \X2\0412043504400445043D04350439\X0\ \X2\041F043E0432043504400445043D043E044104420438\X0\ (\X2\041E043104490430044F\X0\)',$,$,128.8372017868591);
#4106=IFCPOLYLOOP((#5575,#5576,#5577,#5578));
#4108=IFCQUANTITYAREA('\X2\04230441043B043E0432043D0430044F\X0\ \X2\041F043B043E044904300434044C\X0\ \X2\0412043504400445043D04350439\X0\ \X2\041F043E0432043504400445043D043E044104420438\X0\ (\X2\041E043104490430044F\X0\)',$,$,128.8372017868591);
#4109=IFCQUANTITYAREA('\X2\041F043B043E044904300434044C\X0\ \X2\0422043E0440044604350432044B0445\X0\ \X2\041F043E0432043504400445043D043E0441044204350439\X0\ (\X2\041E043104490430044F\X0\)',$,$,18.50609013728269);
#4110=IFCCARTESIANPOINT((-539.9999999999998,500.0000000000002,369.9529171105156));
#4111=IFCDIRECTION((0.,0.,1.));
#4112=IFCDIRECTION((0.,1.,0.));
#4115=IFCPOLYLOOP((#5576,#5579,#5580,#5577));
#4114=IFCQUANTITYAREA('\X2\04230441043B043E0432043D0430044F\X0\ \X2\041F043B043E044904300434044C\X0\ \X2\041D04380436043D04350439\X0\ \X2\041F043E0432043504400445043D043E044104420438\X0\ (\X2\041E043104490430044F\X0\)',$,$,128.8372017868591);
#4113=IFCQUANTITYAREA('\X2\041F043B043E044904300434044C\X0\ \X2\041D04380436043D04350439\X0\ \X2\041F043E0432043504400445043D043E044104420438\X0\ (\X2\041E043104490430044F\X0\)',$,$,128.8372017868591);
#4116=IFCPOLYLOOP((#5575,#5581,#5579,#5576));
#4117=IFCPROPERTYSINGLEVALUE('Renovation Status',$,IFCLABEL('Existing'),$);
#4118=IFCPOLYLOOP((#5578,#5577,#5580,#5582));
#4121=IFCPOLYLOOP((#5583,#5584,#5585,#5586));
#4120=IFCPOLYLOOP((#5579,#5581,#5582,#5580));
#4123=IFCDIRECTION((0.,0.,1.));
#4122=IFCCARTESIANPOINT((-809.9999999999999,500.0000000000005,554.9293756657731));
#4125=IFCPOLYLOOP((#5583,#5587,#5588,#5584));
#4124=IFCDIRECTION((0.,1.,0.));
#4127=IFCPOLYLOOP((#5586,#5585,#5589,#5590));
#4126=IFCPOLYLOOP((#5584,#5588,#5589,#5585));
#4128=IFCPOLYLOOP((#5587,#5583,#5586,#5590));
#4129=IFCPROPERTYSINGLEVALUE('Renovation Status',$,IFCLABEL('Existing'),$);
#4130=IFCPOLYLOOP((#5591,#5592,#5593,#5594));
#4131=IFCPOLYLOOP((#5591,#5595,#5596,#5592));
#4133=IFCPOLYLOOP((#5594,#5593,#5597,#5598));
#4132=IFCPROPERTYSINGLEVALUE('Renovation Status',$,IFCLABEL('Existing'),$);
#4134=IFCPOLYLOOP((#5592,#5596,#5597,#5593));
#4119=IFCPOLYLOOP((#5581,#5575,#5578,#5582));
#4136=IFCDIRECTION((0.,0.,1.));
#4137=IFCDIRECTION((0.,1.,0.));
#4135=IFCCARTESIANPOINT((-1080.,500.0000000000007,739.905834221031));
#4139=IFCPOLYLOOP((#5596,#5595,#5598,#5597));
#4138=IFCPOLYLOOP((#5588,#5587,#5590,#5589));
#4141=IFCPOLYLOOP((#5599,#5600,#5601,#5602));
#4140=IFCPOLYLOOP((#5595,#5591,#5594,#5598));
#4142=IFCPROPERTYSINGLEVALUE('Renovation Status',$,IFCLABEL('Existing'),$);
#4144=IFCDIRECTION((0.,0.,1.));
#4143=IFCCARTESIANPOINT((-1350.,500.0000000000007,924.8822927762888));
#4145=IFCDIRECTION((0.,1.,0.));
#4146=IFCPOLYLOOP((#5600,#5603,#5604,#5601));
#4147=IFCPOLYLOOP((#5599,#5605,#5603,#5600));
#4150=IFCPOLYLOOP((#5603,#5605,#5606,#5604));
#4151=IFCPOLYLOOP((#5607,#5608,#5609,#5610));
#4148=IFCPOLYLOOP((#5602,#5601,#5604,#5606));
#4152=IFCPOLYLOOP((#5607,#5611,#5612,#5608));
#4149=IFCPOLYLOOP((#5605,#5599,#5602,#5606));
#4153=IFCPOLYLOOP((#5610,#5609,#5613,#5614));
#4154=IFCPROPERTYSINGLEVALUE('Renovation Status',$,IFCLABEL('Existing'),$);
#4155=IFCPOLYLOOP((#5611,#5607,#5610,#5614));
#4156=IFCPOLYLOOP((#5608,#5612,#5613,#5609));
#4157=IFCPOLYLOOP((#5612,#5611,#5614,#5613));
#4159=IFCDIRECTION((0.,0.,1.));
#4158=IFCCARTESIANPOINT((-1620.,500.0000000000009,1109.858751331547));
#4160=IFCDIRECTION((0.,1.,0.));
#4162=IFCPOLYLOOP((#5615,#5617,#5618,#5616));
#4164=IFCPOLYLOOP((#5619,#5620,#5621,#5622));
#4163=IFCPOLYLOOP((#5616,#5618,#5621,#5620));
#4165=IFCPOLYLOOP((#5617,#5615,#5619,#5622));
#4166=IFCCARTESIANPOINT((-1890.,500.0000000000009,1294.835209886804));
#4161=IFCPOLYLOOP((#5615,#5616,#5620,#5619));
#4167=IFCDIRECTION((0.,0.,1.));
#4168=IFCDIRECTION((0.,1.,0.));
#4169=IFCPOLYLOOP((#5618,#5617,#5622,#5621));
#4171=IFCPOLYLOOP((#5623,#5626,#5627,#5624));
#4170=IFCPOLYLOOP((#5623,#5624,#5625,#5628));
#4172=IFCPROPERTYSINGLEVALUE('Renovation Status',$,IFCLABEL('Existing'),$);
#4174=IFCPOLYLOOP((#5624,#5627,#5629,#5625));
#4173=IFCPROPERTYSINGLEVALUE('Renovation Status',$,IFCLABEL('Existing'),$);
#4175=IFCPOLYLOOP((#5628,#5625,#5629,#5630));
#4176=IFCCARTESIANPOINT((-2160.,500.0000000000011,1479.811668442062));
#4177=IFCDIRECTION((0.,0.,1.));
#4178=IFCDIRECTION((0.,1.,0.));
#4179=IFCPOLYLOOP((#5627,#5626,#5630,#5629));
#4181=IFCPROPERTYSINGLEVALUE('Renovation Status',$,IFCLABEL('Existing'),$);
#4180=IFCPOLYLOOP((#5631,#5632,#5633,#5634));
#4182=IFCPOLYLOOP((#5631,#5635,#5636,#5632));
#4183=IFCPOLYLOOP((#5632,#5636,#5637,#5633));
#4185=IFCPOLYLOOP((#5636,#5635,#5638,#5637));
#4184=IFCPOLYLOOP((#5634,#5633,#5637,#5638));
#4186=IFCCARTESIANPOINT((-2430.,500.0000000000011,1664.78812699732));
#4187=IFCPOLYLOOP((#5635,#5631,#5634,#5638));
#4188=IFCDIRECTION((0.,0.,1.));
#4189=IFCDIRECTION((0.,1.,0.));
#4192=IFCPOLYLOOP((#5639,#5641,#5643,#5644));
#4193=IFCPOLYLOOP((#5644,#5643,#5645,#5646));
#4191=IFCPOLYLOOP((#5641,#5642,#5645,#5643));
#4190=IFCPOLYLOOP((#5639,#5640,#5642,#5641));
#4194=IFCCARTESIANPOINT((-2700.,500.0000000000013,1849.764585552578));
#4195=IFCDIRECTION((0.,0.,1.));
#4196=IFCDIRECTION((0.,1.,0.));
#4198=IFCPOLYLOOP((#5626,#5623,#5628,#5630));
#4199=IFCPOLYLOOP((#5647,#5648,#5649,#5650));
#4201=IFCPOLYLOOP((#5647,#5651,#5652,#5648));
#4202=IFCPROPERTYSINGLEVALUE('Renovation Status',$,IFCLABEL('Existing'),$);
#4200=IFCPOLYLOOP((#5642,#5640,#5646,#5645));
#4203=IFCPROPERTYSINGLEVALUE('Renovation Status',$,IFCLABEL('Existing'),$);
#4219=IFCPOLYLOOP((#5660,#5659,#5661,#5662));
#4220=IFCPOLYLOOP((#5663,#5664,#5665,#5666));
#4218=IFCDIRECTION((0.,1.,0.));
#4217=IFCDIRECTION((0.,0.,1.));
#4221=IFCPROPERTYSINGLEVALUE('Renovation Status',$,IFCLABEL('Existing'),$);
#4210=IFCPOLYLOOP((#5648,#5652,#5654,#5649));
#4197=IFCPOLYLOOP((#5640,#5639,#5644,#5646));
#4216=IFCCARTESIANPOINT((-2970.,500.0000000000015,2034.741044107835));
#4215=IFCPOLYLOOP((#5657,#5656,#5662,#5661));
#4214=IFCPOLYLOOP((#5656,#5655,#5660,#5662));
#4213=IFCPOLYLOOP((#5658,#5657,#5661,#5659));
#4212=IFCPOLYLOOP((#5655,#5658,#5659,#5660));
#4211=IFCPOLYLOOP((#5655,#5656,#5657,#5658));
#4209=IFCPOLYLOOP((#5650,#5649,#5654,#5653));
#4208=IFCDIRECTION((0.,1.,0.));
#4207=IFCDIRECTION((0.,0.,1.));
#4206=IFCCARTESIANPOINT((-3240.,500.0000000000015,2219.717502663093));
#4205=IFCPOLYLOOP((#5652,#5651,#5653,#5654));
#4204=IFCPOLYLOOP((#5651,#5647,#5650,#5653));
#4223=IFCCARTESIANPOINT((-3510.,500.0000000000018,2404.693961218351));
#4222=IFCPOLYLOOP((#5663,#5667,#5668,#5664));
#4224=IFCDIRECTION((0.,0.,1.));
#4225=IFCDIRECTION((0.,1.,0.));
#4227=IFCPROPERTYSINGLEVALUE('Renovation Status',$,IFCLABEL('Existing'),$);
#4226=IFCPOLYLOOP((#5664,#5668,#5669,#5665));
#4228=IFCPOLYLOOP((#5666,#5665,#5669,#5670));
#4230=IFCCARTESIANPOINT((-3780.,500.0000000000018,2589.670419773609));
#4231=IFCDIRECTION((0.,0.,1.));
#4232=IFCDIRECTION((0.,1.,0.));
#4229=IFCPOLYLOOP((#5668,#5667,#5670,#5669));
#4233=IFCPOLYLOOP((#5667,#5663,#5666,#5670));
#4235=IFCPOLYLOOP((#5671,#5672,#5673,#5674));
#4234=IFCPROPERTYSINGLEVALUE('Renovation Status',$,IFCLABEL('Existing'),$);
#4236=IFCPOLYLOOP((#5671,#5675,#5676,#5672));
#4238=IFCPOLYLOOP((#5674,#5673,#5677,#5678));
#4239=IFCPOLYLOOP((#5679,#5680,#5681,#5682));
#4237=IFCPOLYLOOP((#5672,#5676,#5677,#5673));
#4240=IFCPOLYLOOP((#5676,#5675,#5678,#5677));
#4241=IFCPOLYLOOP((#5675,#5671,#5674,#5678));
#4242=IFCPROPERTYSINGLEVALUE('Renovation Status',$,IFCLABEL('Existing'),$);
#4243=IFCPOLYLOOP((#5680,#5683,#5684,#5681));
#4244=IFCPOLYLOOP((#5679,#5685,#5683,#5680));
#4245=IFCPOLYLOOP((#5682,#5681,#5684,#5686));
#4247=IFCPOLYLOOP((#5687,#5688,#5689,#5690));
#4248=IFCCARTESIANPOINT((-4050.000000000001,500.000000000002,2774.646878328866));
#4249=IFCPOLYLOOP((#5687,#5691,#5692,#5688));
#4250=IFCDIRECTION((0.,0.,1.));
#4246=IFCPOLYLOOP((#5685,#5679,#5682,#5686));
#4251=IFCDIRECTION((0.,1.,0.));
#4252=IFCPOLYLOOP((#5688,#5692,#5693,#5689));
#4253=IFCCARTESIANPOINT((-4320.,500.000000000002,2959.623336884124));
#4254=IFCPROPERTYSINGLEVALUE('Renovation Status',$,IFCLABEL('Existing'),$);
#4255=IFCDIRECTION((0.,0.,1.));
#4256=IFCDIRECTION((0.,1.,0.));
#4257=IFCPROPERTYSINGLEVALUE('Renovation Status',$,IFCLABEL('Existing'),$);
#4260=IFCPOLYLOOP((#5694,#5697,#5698,#5699));
#4259=IFCPOLYLOOP((#5694,#5695,#5696,#5697));
#4262=IFCPOLYLOOP((#5696,#5695,#5700,#5701));
#4263=IFCPOLYLOOP((#5695,#5694,#5699,#5700));
#4264=IFCCARTESIANPOINT((-4590.,500.0000000000022,3144.599795439382));
#4261=IFCPOLYLOOP((#5699,#5698,#5701,#5700));
#4265=IFCDIRECTION((0.,0.,1.));
#4266=IFCDIRECTION((0.,1.,0.));
#4267=IFCPOLYLOOP((#5702,#5703,#5704,#5705));
#4268=IFCCARTESIANPOINT((-4860.,500.0000000000024,3329.57625399464));
#4269=IFCDIRECTION((0.,0.,1.));
#4270=IFCPROPERTYSINGLEVALUE('Renovation Status',$,IFCLABEL('Existing'),$);
#4271=IFCPOLYLOOP((#5702,#5706,#5707,#5703));
#4272=IFCDIRECTION((0.,1.,0.));
#4273=IFCPOLYLOOP((#5703,#5707,#5708,#5704));
#4274=IFCPOLYLOOP((#5705,#5704,#5708,#5709));
#4258=IFCPOLYLOOP((#5697,#5696,#5701,#5698));
#4276=IFCDIRECTION((0.,0.,1.));
#4275=IFCCARTESIANPOINT((-5130.000000000001,500.0000000000024,3514.552712549897));
#4277=IFCDIRECTION((0.,1.,0.));
#4278=IFCPROPERTYSINGLEVALUE('Renovation Status',$,IFCLABEL('Existing'),$);
#4280=IFCPOLYLOOP((#5710,#5711,#5712,#5713));
#4282=IFCPOLYLOOP((#5710,#5714,#5715,#5711));
#4281=IFCPOLYLOOP((#5707,#5706,#5709,#5708));
#4279=IFCPOLYLOOP((#5706,#5702,#5705,#5709));
#4283=IFCPOLYLOOP((#5713,#5712,#5716,#5717));
#4285=IFCPOLYLOOP((#5714,#5710,#5713,#5717));
#4284=IFCPOLYLOOP((#5711,#5715,#5716,#5712));
#4286=IFCPOLYLOOP((#5715,#5714,#5717,#5716));
#4287=IFCPROPERTYSINGLEVALUE('Renovation Status',$,IFCLABEL('Existing'),$);
#4288=IFCCARTESIANPOINT((-5400.,500.0000000000027,3699.529171105155));
#4289=IFCDIRECTION((0.,0.,1.));
#4290=IFCDIRECTION((0.,1.,0.));
#4291=IFCCARTESIANPOINT((-4824.,0.,-385.));
#4292=IFCDIRECTION((0.,0.,1.));
#4294=IFCPOLYLOOP((#5683,#5685,#5686,#5684));
#4293=IFCDIRECTION((0.,1.,0.));
#4297=IFCPROPERTYSINGLEVALUE('Lnw',$,IFCLABEL(''),$);
#4296=IFCPROPERTYSINGLEVALUE('Renovation Status',$,IFCLABEL('Existing'),$);
#4298=IFCPROPERTYSINGLEVALUE('Ra \X2\044204400430043D\X0\.',$,IFCLABEL(''),$);
#4295=IFCMATERIALLAYERSET((#5718),'\X2\04160435043B04350437043E043104350442043E043D\X0\ - \X2\041A043E043D0441044204400443043A04460438043E043D043D044B0439\X0\ 80');
#4300=IFCPROPERTYSINGLEVALUE('ID \X2\041A043B043004410441043804440438043A0430044604380438\X0\',$,IFCLABEL('\X2\042104420435043D0430\X0\'),$);
#4299=IFCPROPERTYSINGLEVALUE('\X2\04140438043D0430043C0438044704350441043A04380439\X0\ ID \X2\043F043E\X0\ \X2\041A043B043004410441043804440438043A0430044604380438\X0\',$,IFCLABEL('\X2\042104420435043D0430\X0\ -003'),$);
#4301=IFCPROPERTYSINGLEVALUE('\X2\041F043E043A0440044B044204380435\X0\ \X2\0422043E04400446043E0432\X0\ (\X2\041E0431044904350435\X0\)',$,IFCLABEL('\X2\041104350442043E043D\X0\ - 02'),$);
#4302=IFCPROPERTYSINGLEVALUE('\X2\041D04300438043C0435043D043E04320430043D04380435\X0\ \X2\041A043B043004410441043804440438043A0430044604380438\X0\',$,IFCLABEL('\X2\042104420435043D0430\X0\'),$);
#4303=IFCPROPERTYSINGLEVALUE('IsExternal',$,IFCBOOLEAN(.T.),$);
#4304=IFCPROPERTYSINGLEVALUE('Renovation Status',$,IFCLABEL('Existing'),$);
#4305=IFCPROPERTYSINGLEVALUE('LoadBearing',$,IFCBOOLEAN(.F.),$);
#4308=IFCQUANTITYAREA('\X2\041F043B043E044904300434044C\X0\ \X2\041D04380436043D04350439\X0\ \X2\041F043E0432043504400445043D043E044104420438\X0\ (\X2\041E043104490430044F\X0\)',$,$,0.);
#4306=IFCQUANTITYAREA('\X2\041F043B043E044904300434044C\X0\ \X2\0412043504400445043D04350439\X0\ \X2\041F043E0432043504400445043D043E044104420438\X0\ (\X2\041E043104490430044F\X0\)',$,$,0.);
#4307=IFCQUANTITYAREA('\X2\041F043B043E044904300434044C\X0\ \X2\0422043E0440044604350432044B0445\X0\ \X2\041F043E0432043504400445043D043E0441044204350439\X0\ (\X2\041E043104490430044F\X0\)',$,$,0.06872000000000004);
#4310=IFCPOLYLOOP((#5692,#5691,#5719,#5693));
#4309=IFCPOLYLOOP((#5690,#5689,#5693,#5719));
#4313=IFCDIRECTION((0.,0.,1.));
#4311=IFCPOLYLOOP((#5691,#5687,#5690,#5719));
#4312=IFCCARTESIANPOINT((527.3820274068835,0.,1285.));
#4314=IFCCARTESIANPOINT((0.,-4824.,385.));
#4315=IFCDIRECTION((0.,0.,1.));
#4316=IFCDIRECTION((0.,-1.,0.));
#4317=IFCDIRECTION((1.,0.,0.));
#4319=IFCDIRECTION((0.,0.,1.));
#4318=IFCCARTESIANPOINT((-5244.,0.,-305.));
#4320=IFCDIRECTION((1.,0.,0.));
#4321=IFCPROPERTYSINGLEVALUE('\X2\0412043504310441043004390442\X0\ \X2\041F0440043E043804370432043E0434043804420435043B044F\X0\',$,IFCLABEL('www.graphisoft.com'),$);
#4323=IFCPROPERTYSINGLEVALUE('ID \X2\041A043B043004410441043804440438043A0430044604380438\X0\',$,IFCLABEL('\X2\041E04420432043504400441044204380435\X0\'),$);
#4322=IFCPROPERTYSINGLEVALUE('\X2\04140438043D0430043C0438044704350441043A04380439\X0\ ID \X2\043F043E\X0\ \X2\041A043B043004410441043804440438043A0430044604380438\X0\',$,IFCLABEL('\X2\041E04420432043504400441044204380435\X0\ -003'),$);
#4325=IFCPROPERTYSINGLEVALUE('Renovation Status',$,IFCLABEL('Existing'),$);
#4324=IFCPROPERTYSINGLEVALUE('\X2\041D04300438043C0435043D043E04320430043D04380435\X0\ \X2\041A043B043004410441043804440438043A0430044604380438\X0\',$,IFCLABEL('\X2\041E04420432043504400441044204380435\X0\'),$);
#4326=IFCPROPERTYSINGLEVALUE('Lnw',$,IFCLABEL(''),$);
#4327=IFCPROPERTYSINGLEVALUE('Ra \X2\044204400430043D\X0\.',$,IFCLABEL(''),$);
#4329=IFCPROPERTYSINGLEVALUE('ID \X2\041A043B043004410441043804440438043A0430044604380438\X0\',$,IFCLABEL('\X2\041F043504400435043A0440044B044204380435\X0\'),$);
#4330=IFCPROPERTYSINGLEVALUE('\X2\041D04300438043C0435043D043E04320430043D04380435\X0\ \X2\041A043B043004410441043804440438043A0430044604380438\X0\',$,IFCLABEL('\X2\041F043504400435043A0440044B044204380435\X0\'),$);
#4332=IFCPROPERTYSINGLEVALUE('\X2\041F043E043A0440044B044204380435\X0\ \X2\0422043E04400446043E0432\X0\ (\X2\041E0431044904350435\X0\)',$,IFCLABEL('\X2\041104350442043E043D\X0\ - 02'),$);
#4331=IFCPROPERTYSINGLEVALUE('\X2\041F043E043A0440044B044204380435\X0\ \X2\04120435044004450430\X0\ (\X2\041E0431044904350435\X0\)',$,IFCLABEL('\X2\041104350442043E043D\X0\ - 02'),$);
#4334=IFCPROPERTYSINGLEVALUE('Renovation Status',$,IFCLABEL('Existing'),$);
#4335=IFCPROPERTYSINGLEVALUE('IsExternal',$,IFCBOOLEAN(.F.),$);
#4333=IFCPROPERTYSINGLEVALUE('\X2\041F043E043A0440044B044204380435\X0\ \X2\041D043804370430\X0\ (\X2\041E0431044904350435\X0\)',$,IFCLABEL('\X2\041104350442043E043D\X0\ - 02'),$);
#4328=IFCPROPERTYSINGLEVALUE('\X2\04140438043D0430043C0438044704350441043A04380439\X0\ ID \X2\043F043E\X0\ \X2\041A043B043004410441043804440438043A0430044604380438\X0\',$,IFCLABEL('\X2\041F043504400435043A0440044B044204380435\X0\ -002'),$);
#4336=IFCQUANTITYAREA('\X2\041F043B043E044904300434044C\X0\ \X2\0412043504400445043D04350439\X0\ \X2\041F043E0432043504400445043D043E044104420438\X0\ (\X2\041E043104490430044F\X0\)',$,$,0.5494999999999991);
#4338=IFCQUANTITYAREA('\X2\041F043B043E044904300434044C\X0\ \X2\0422043E0440044604350432044B0445\X0\ \X2\041F043E0432043504400445043D043E0441044204350439\X0\ (\X2\041E043104490430044F\X0\)',$,$,0.2558399999999997);
#4337=IFCQUANTITYAREA('\X2\04230441043B043E0432043D0430044F\X0\ \X2\041F043B043E044904300434044C\X0\ \X2\0412043504400445043D04350439\X0\ \X2\041F043E0432043504400445043D043E044104420438\X0\ (\X2\041E043104490430044F\X0\)',$,$,0.5494999999999991);
#4339=IFCQUANTITYAREA('\X2\041F043B043E044904300434044C\X0\ \X2\041D04380436043D04350439\X0\ \X2\041F043E0432043504400445043D043E044104420438\X0\ (\X2\041E043104490430044F\X0\)',$,$,0.5494999999999991);
#4340=IFCQUANTITYAREA('\X2\04230441043B043E0432043D0430044F\X0\ \X2\041F043B043E044904300434044C\X0\ \X2\041D04380436043D04350439\X0\ \X2\041F043E0432043504400445043D043E044104420438\X0\ (\X2\041E043104490430044F\X0\)',$,$,0.5494999999999991);
#4342=IFCCARTESIANPOINT((-10950.5723892824,1598.999999999998,-385.));
#4343=IFCDIRECTION((0.,0.,1.));
#4344=IFCDIRECTION((1.,0.,0.));
#4345=IFCMATERIALLAYERSET((#5721),'\X2\041104350442043E043D\X0\ \X2\041B04350433043A04380439\X0\ 500');
#4341=IFCSURFACESTYLERENDERING(#5720,0.,IFCNORMALISEDRATIOMEASURE(0.95),$,$,$,IFCNORMALISEDRATIOMEASURE(0.01),$,.NOTDEFINED.);
#4346=IFCPROPERTYSINGLEVALUE('\X2\04140438043D0430043C0438044704350441043A04380439\X0\ ID \X2\043F043E\X0\ \X2\041A043B043004410441043804440438043A0430044604380438\X0\',$,IFCLABEL('\X2\042104420435043D0430\X0\ -004'),$);
#4347=IFCPROPERTYSINGLEVALUE('ID \X2\041A043B043004410441043804440438043A0430044604380438\X0\',$,IFCLABEL('\X2\042104420435043D0430\X0\'),$);
#4349=IFCPROPERTYSINGLEVALUE('Lnw',$,IFCLABEL(''),$);
#4350=IFCPROPERTYSINGLEVALUE('Ra \X2\044204400430043D\X0\.',$,IFCLABEL(''),$);
#4348=IFCPROPERTYSINGLEVALUE('\X2\041D04300438043C0435043D043E04320430043D04380435\X0\ \X2\041A043B043004410441043804440438043A0430044604380438\X0\',$,IFCLABEL('\X2\042104420435043D0430\X0\'),$);
#4352=IFCPROPERTYSINGLEVALUE('IsExternal',$,IFCBOOLEAN(.T.),$);
#4351=IFCPROPERTYSINGLEVALUE('\X2\041F043E043A0440044B044204380435\X0\ \X2\0422043E04400446043E0432\X0\ (\X2\041E0431044904350435\X0\)',$,IFCLABEL('\X2\041104350442043E043D\X0\ - 04'),$);
#4353=IFCPROPERTYSINGLEVALUE('LoadBearing',$,IFCBOOLEAN(.F.),$);
#4354=IFCPROPERTYSINGLEVALUE('Renovation Status',$,IFCLABEL('Existing'),$);
#4356=IFCQUANTITYAREA('\X2\041F043B043E044904300434044C\X0\ \X2\0422043E0440044604350432044B0445\X0\ \X2\041F043E0432043504400445043D043E0441044204350439\X0\ (\X2\041E043104490430044F\X0\)',$,$,20.37678563520551);
#4355=IFCQUANTITYAREA('\X2\041F043B043E044904300434044C\X0\ \X2\0412043504400445043D04350439\X0\ \X2\041F043E0432043504400445043D043E044104420438\X0\ (\X2\041E043104490430044F\X0\)',$,$,7.981392817602757);
#4357=IFCQUANTITYAREA('\X2\041F043B043E044904300434044C\X0\ \X2\041D04380436043D04350439\X0\ \X2\041F043E0432043504400445043D043E044104420438\X0\ (\X2\041E043104490430044F\X0\)',$,$,7.981392817602757);
#4358=IFCPOLYLOOP((#5722,#5723,#5724,#5725));
#4361=IFCPOLYLOOP((#5728,#5729,#5725,#5724,#5727));
#4360=IFCPOLYLOOP((#5723,#5726,#5727,#5724));
#4362=IFCPOLYLOOP((#5730,#5722,#5725,#5729));
#4359=IFCPOLYLOOP((#5726,#5723,#5722,#5730,#5731));
#4363=IFCPOLYLOOP((#5731,#5730,#5729,#5728));
#4365=IFCCARTESIANPOINT((11840.5723892824,0.,385.));
#4366=IFCDIRECTION((0.,0.,1.));
#4367=IFCDIRECTION((1.,0.,0.));
#4364=IFCPOLYLOOP((#5726,#5731,#5728,#5727));
#4368=IFCTRIMMEDCURVE(#5732,(#5733,IFCPARAMETERVALUE(0.)),(#5735,IFCPARAMETERVALUE(90.)),.T.,.CARTESIAN.);
#4369=IFCTRIMMEDCURVE(#5734,(#5736,IFCPARAMETERVALUE(0.)),(#5733,IFCPARAMETERVALUE(90.)),.T.,.CARTESIAN.);
#4370=IFCTRIMMEDCURVE(#5737,(#5735,IFCPARAMETERVALUE(0.)),(#5738,IFCPARAMETERVALUE(90.)),.T.,.CARTESIAN.);
#4372=IFCCARTESIANPOINT((0.,0.,0.));
#4373=IFCDIRECTION((0.,0.,1.));
#4374=IFCDIRECTION((1.,0.,0.));
#4375=IFCPROPERTYSINGLEVALUE('Lnw',$,IFCLABEL(''),$);
#4371=IFCTRIMMEDCURVE(#5739,(#5738,IFCPARAMETERVALUE(0.)),(#5736,IFCPARAMETERVALUE(90.)),.T.,.CARTESIAN.);
#4376=IFCPROPERTYSINGLEVALUE('Ra \X2\044204400430043D\X0\.',$,IFCLABEL(''),$);
#4378=IFCCOLOURRGB($,0.6588235294117647,0.6588235294117647,0.6588235294117647);
#4377=IFCSURFACESTYLERENDERING(#5740,0.,IFCNORMALISEDRATIOMEASURE(0.67),$,$,$,IFCNORMALISEDRATIOMEASURE(0.5),$,.NOTDEFINED.);
#4379=IFCPROPERTYSINGLEVALUE('\X2\04140438043D0430043C0438044704350441043A04380439\X0\ ID \X2\043F043E\X0\ \X2\041A043B043004410441043804440438043A0430044604380438\X0\',$,IFCLABEL('\X2\041F043504400435043A0440044B044204380435\X0\ -002'),$);
#4380=IFCPROPERTYSINGLEVALUE('ID \X2\041A043B043004410441043804440438043A0430044604380438\X0\',$,IFCLABEL('\X2\041F043504400435043A0440044B044204380435\X0\'),$);
#4382=IFCPROPERTYSINGLEVALUE('IsExternal',$,IFCBOOLEAN(.F.),$);
#4381=IFCPROPERTYSINGLEVALUE('\X2\041D04300438043C0435043D043E04320430043D04380435\X0\ \X2\041A043B043004410441043804440438043A0430044604380438\X0\',$,IFCLABEL('\X2\041F043504400435043A0440044B044204380435\X0\'),$);
#4383=IFCCARTESIANPOINT((-744.5000000000005,1098.999999999998,115.));
#4384=IFCDIRECTION((0.,0.,1.));
#4385=IFCDIRECTION((-1.,0.,0.));
#4386=IFCQUANTITYAREA('\X2\041F043B043E044904300434044C\X0\ \X2\0412043504400445043D04350439\X0\ \X2\041F043E0432043504400445043D043E044104420438\X0\ (\X2\041E043104490430044F\X0\)',$,$,3.611235971935245);
#4387=IFCQUANTITYAREA('\X2\041F043B043E044904300434044C\X0\ \X2\041D04380436043D04350439\X0\ \X2\041F043E0432043504400445043D043E044104420438\X0\ (\X2\041E043104490430044F\X0\)',$,$,3.611235971935245);
#4389=IFCPROPERTYSINGLEVALUE('ID \X2\041A043B043004410441043804440438043A0430044604380438\X0\',$,IFCLABEL('\X2\04110430043B043A0430\X0\'),$);
#4388=IFCPROPERTYSINGLEVALUE('\X2\04140438043D0430043C0438044704350441043A04380439\X0\ ID \X2\043F043E\X0\ \X2\041A043B043004410441043804440438043A0430044604380438\X0\',$,IFCLABEL('\X2\04110430043B043A0430\X0\ -\X2\04120432043E0434\X0\ \X2\0432043E0434044B\X0\ (\X2\04420440044304310430\X0\ \X2\041F04120425\X0\ 25 \X2\043C043C\X0\) '),$);
#4390=IFCPROPERTYSINGLEVALUE('\X2\041D04300438043C0435043D043E04320430043D04380435\X0\ \X2\041A043B043004410441043804440438043A0430044604380438\X0\',$,IFCLABEL('\X2\04110430043B043A0430\X0\'),$);
#4391=IFCPROPERTYSINGLEVALUE('Renovation Status',$,IFCLABEL('Existing'),$);
#4392=IFCPROPERTYSINGLEVALUE('IsExternal',$,IFCBOOLEAN(.F.),$);
#4393=IFCPROPERTYSINGLEVALUE('Renovation Status',$,IFCLABEL('Existing'),$);
#4394=IFCPROPERTYSINGLEVALUE('Reference',$,IFCIDENTIFIER('\X2\0421043F0435044604380430043B044C043D044B0439\X0\ \X2\041F0440043E04440438043B044C\X0\ 25 x 25'),$);
#4396=IFCQUANTITYAREA('\X2\041F043B043E044904300434044C\X0\ \X2\041D04380436043D04350439\X0\ \X2\041F043E0432043504400445043D043E044104420438\X0\ (\X2\041E043104490430044F\X0\)',$,$,0.0002578947731147023);
#4395=IFCQUANTITYAREA('\X2\041F043B043E044904300434044C\X0\ \X2\0412043504400445043D04350439\X0\ \X2\041F043E0432043504400445043D043E044104420438\X0\ (\X2\041E043104490430044F\X0\)',$,$,0.);
#4411=IFCCARTESIANPOINT((-0.1287982109428043,411.0132951916524,0.));
#4410=IFCDIRECTION((1.,0.,0.));
#4409=IFCDIRECTION((0.,0.,1.));
#4408=IFCCARTESIANPOINT((-269.9999999999987,98.99999999999825,364.9999999999999));
#4413=IFCCARTESIANPOINT((-0.1287982109428043,430.9800812110624,300.0000000000001));
#4412=IFCCARTESIANPOINT((-0.1287982109428043,391.0465091722424,300.0000000000001));
#4406=IFCCARTESIANPOINT((-0.1287982109428043,71.57793286168202,300.0000000000001));
#4407=IFCCOLOURRGB($,0.8549019607843137,0.792156862745098,0.6784313725490196);
#4405=IFCCARTESIANPOINT((41.086629290757,71.57793286168202,300.0000000000001));
#4404=IFCCARTESIANPOINT((20.4789155399071,51.611146842272,0.));
#4403=IFCCARTESIANPOINT((-0.1287982109428043,51.611146842272,0.));
#4402=IFCCARTESIANPOINT((-0.1287982109428043,31.64436082286198,300.0000000000001));
#4401=IFCCARTESIANPOINT((41.086629290757,31.64436082286198,300.0000000000001));
#4398=IFCQUANTITYLENGTH('\X2\041C0430043A04410438043C0430043B044C043D044B0439\X0\ \X2\043F0440043E043B04350442\X0\ \X2\04310430043B043A0438\X0\',$,$,130.3157909069282);
#4400=IFCCARTESIANPOINT((20.4789155399071,31.64436082286198,0.));
#4399=IFCCARTESIANPOINT((-0.1287982109428043,31.64436082286198,0.));
#4397=IFCQUANTITYLENGTH('\X2\04120435043B043804470438043D0430\X0\ \X2\0437043004340435043B043A0438\X0\ \X2\04310430043B043A0438\X0\',$,$,100.);
#4415=IFCCARTESIANPOINT((20.4789155399071,430.9800812110624,0.));
#4414=IFCCARTESIANPOINT((-0.1287982109428043,430.9800812110624,0.));
#4416=IFCCARTESIANPOINT((41.086629290757,430.9800812110624,300.0000000000001));
#4417=IFCCARTESIANPOINT((41.086629290757,391.0465091722424,300.0000000000001));
#4418=IFCCARTESIANPOINT((20.4789155399071,411.0132951916524,0.));
#4421=IFCCARTESIANPOINT((556.2794730620045,51.611146842272,0.));
#4420=IFCCARTESIANPOINT((556.2794730620045,31.64436082286198,300.0000000000001));
#4419=IFCCARTESIANPOINT((556.2794730620045,31.64436082286198,0.));
#4423=IFCCARTESIANPOINT((515.0640455603047,31.64436082286198,300.0000000000001));
#4424=IFCCARTESIANPOINT((535.6717593111546,31.64436082286198,0.));
#4422=IFCCARTESIANPOINT((556.2794730620045,71.57793286168202,300.0000000000001));
#4425=IFCCARTESIANPOINT((556.2794730620045,430.9800812110624,0.));
#4426=IFCCARTESIANPOINT((556.2794730620045,411.0132951916524,0.));
#4428=IFCCARTESIANPOINT((535.6717593111546,430.9800812110624,0.));
#4430=IFCCARTESIANPOINT((515.0640455603047,430.9800812110624,300.0000000000001));
#4429=IFCCARTESIANPOINT((515.0640455603047,391.0465091722424,300.0000000000001));
#4427=IFCCARTESIANPOINT((535.6717593111546,411.0132951916524,0.));
#4431=IFCCARTESIANPOINT((556.2794730620045,430.9800812110624,300.0000000000001));
#4432=IFCCARTESIANPOINT((556.2794730620045,391.0465091722424,300.0000000000001));
#4433=IFCCARTESIANPOINT((515.0640455603047,71.57793286168202,300.0000000000001));
#4435=IFCCARTESIANPOINT((556.2794730620045,31.64436082286198,300.0000000000001));
#4434=IFCCARTESIANPOINT((535.6717593111546,51.611146842272,0.));
#4436=IFCCARTESIANPOINT((-0.1287982109428043,31.64436082286198,300.0000000000001));
#4437=IFCCARTESIANPOINT((-0.1287982109428043,430.9800812110624,300.0000000000001));
#4438=IFCCARTESIANPOINT((556.2794730620045,430.9800812110624,300.0000000000001));
#4439=IFCCARTESIANPOINT((-0.1287982109428043,31.64436082286198,330.0000000000001));
#4440=IFCCARTESIANPOINT((-0.1287982109428043,430.9800812110624,330.0000000000001));
#4441=IFCCARTESIANPOINT((556.2794730620045,31.64436082286198,330.0000000000001));
#4443=IFCCARTESIANPOINT((530.5198308734423,31.64436082286198,332.0000000000001));
#4442=IFCCARTESIANPOINT((556.2794730620045,430.9800812110624,330.0000000000001));
#4444=IFCCARTESIANPOINT((530.5198308734423,31.71239599638942,331.482361909795));
#4447=IFCCARTESIANPOINT((530.5198308734423,32.64270012383248,330.2679491924312));
#4445=IFCCARTESIANPOINT((530.5198308734423,31.91186503232928,331.0000000000001));
#4446=IFCCARTESIANPOINT((530.5198308734423,32.22917444552043,330.585786437627));
#4448=IFCCARTESIANPOINT((530.5198308734423,33.12426097567197,330.0681483474219));
#4449=IFCCARTESIANPOINT((530.5198308734423,33.64103942480298,330.0000000000001));
#4450=IFCCARTESIANPOINT((530.5198308734423,428.9834026091214,330.0000000000001));
#4451=IFCCARTESIANPOINT((530.5198308734423,429.5001810582524,330.0681483474219));
#4452=IFCCARTESIANPOINT((510.9425028101349,31.6443604339925,331.9999999383093));
#4453=IFCCARTESIANPOINT((510.9425028101349,31.71239585775673,331.4823615381122));
#4454=IFCCARTESIANPOINT((530.5198308734423,429.9817419100918,330.2679491924312));
#4455=IFCCARTESIANPOINT((530.5198308734423,430.3952675884039,330.585786437627));
#4456=IFCCARTESIANPOINT((530.5198308734423,430.7125770015951,331.0000000000001));
#4457=IFCCARTESIANPOINT((530.5198308734423,430.912046037535,331.482361909795));
#4458=IFCCARTESIANPOINT((530.5198308734423,430.9800812110624,332.0000000000001));
#4459=IFCCARTESIANPOINT((530.5198308734423,430.9800812110624,500.));
#4460=IFCCARTESIANPOINT((530.5198308734423,429.2792018728765,512.940952255126));
#4462=IFCCARTESIANPOINT((530.5198308734423,416.3597406446013,535.3553390593274));
#4461=IFCCARTESIANPOINT((530.5198308734423,424.29247597438,525.0000000000001));
#4463=IFCCARTESIANPOINT((530.5198308734423,406.0215986867999,543.301270189222));
#4464=IFCCARTESIANPOINT((530.5198308734423,393.9825773908125,548.2962913144535));
#4465=IFCCARTESIANPOINT((530.5198308734423,381.0631161625374,550.));
#4466=IFCCARTESIANPOINT((530.5198308734423,81.56132587138704,550.));
#4467=IFCCARTESIANPOINT((530.5198308734423,68.64186464311187,548.2962913144535));
#4470=IFCCARTESIANPOINT((530.5198308734423,38.33196605954442,525.0000000000001));
#4469=IFCCARTESIANPOINT((530.5198308734423,46.26470138932309,535.3553390593274));
#4468=IFCCARTESIANPOINT((530.5198308734423,56.60284334712449,543.3012701892219));
#4471=IFCCARTESIANPOINT((530.5198308734423,33.34524016104793,512.940952255126));
#4472=IFCCARTESIANPOINT((530.5198308734423,31.64436082286198,500.));
#4473=IFCCARTESIANPOINT((25.63084397761957,31.64436082286198,332.0000000000001));
#4474=IFCCARTESIANPOINT((25.63084397761956,31.64436082286198,500.));
#4475=IFCCARTESIANPOINT((510.9425028101349,31.91186533649588,330.9999997743965));
#4477=IFCCARTESIANPOINT((25.63084397761956,46.26470138932309,535.3553390593274));
#4478=IFCCARTESIANPOINT((25.63084397761956,38.33196605954442,525.0000000000001));
#4476=IFCCARTESIANPOINT((25.63084397761956,33.34524016104793,512.940952255126));
#4479=IFCCARTESIANPOINT((45.20817204092697,38.33196626061031,524.9999999085069));
#4480=IFCCARTESIANPOINT((45.20817204092697,46.26470104666404,535.355339294076));
#4482=IFCCARTESIANPOINT((45.20817204092697,33.34524044944263,512.940952090323));
#4481=IFCCARTESIANPOINT((45.20817204092697,31.6443604339925,499.9999995359779));
#4484=IFCCARTESIANPOINT((25.63084397761956,56.60284334712449,543.3012701892219));
#4483=IFCCOLOURRGB($,0.8470588235294118,0.8117647058823529,0.7803921568627451);
#4485=IFCCARTESIANPOINT((25.63084397761956,68.64186464311187,548.2962913144535));
#4486=IFCCARTESIANPOINT((25.63084397761956,81.56132587138704,550.));
#4488=IFCCARTESIANPOINT((25.63084397761958,393.9825773908125,548.2962913144535));
#4487=IFCCARTESIANPOINT((25.63084397761958,381.0631161625374,550.));
#4489=IFCCARTESIANPOINT((25.63084397761958,406.0215986867999,543.301270189222));
#4490=IFCCARTESIANPOINT((25.63084397761958,416.3597406446013,535.3553390593274));
#4491=IFCCARTESIANPOINT((25.63084397761959,424.29247597438,525.0000000000001));
#4492=IFCCARTESIANPOINT((510.9425028101349,32.22917461636492,330.5857866087557));
#4493=IFCCARTESIANPOINT((25.63084397761959,429.2792018728765,512.940952255126));
#4494=IFCCARTESIANPOINT((25.63084397761959,430.9800812110624,500.));
#4495=IFCCARTESIANPOINT((25.6308439776196,430.9800812110624,332.0000000000001));
#4496=IFCCARTESIANPOINT((25.6308439776196,430.912046037535,331.482361909795));
#4497=IFCCARTESIANPOINT((510.9425028101349,32.64269989860357,330.2679494971038));
#4498=IFCCARTESIANPOINT((45.20817204092697,56.60284333016539,543.3012698793411));
#4500=IFCCARTESIANPOINT((510.9425028101349,33.12426060460643,330.0681482085586));
#4499=IFCCARTESIANPOINT((45.20817204092697,68.64186469934094,548.2962909170985));
#4501=IFCCARTESIANPOINT((45.20817204092697,81.56132622633828,550.0000002810359));
#4502=IFCCARTESIANPOINT((45.20817204092699,381.0631163315334,550.0000002810359));
#4503=IFCCARTESIANPOINT((510.9425028101349,33.64103936321463,329.9999996104837));
#4504=IFCCARTESIANPOINT((45.20817204092699,393.9825769287548,548.2962909170985));
#4505=IFCCARTESIANPOINT((45.20817204092698,31.6443604339925,331.9999999383093));
#4507=IFCCARTESIANPOINT((530.5198308734423,31.64436082286198,500.));
#4506=IFCCARTESIANPOINT((530.5198308734423,31.64436082286198,332.0000000000001));
#4508=IFCCARTESIANPOINT((530.5198308734423,33.34524016104793,512.940952255126));
#4510=IFCCARTESIANPOINT((530.5198308734423,46.26470138932309,535.3553390593274));
#4509=IFCCARTESIANPOINT((530.5198308734423,38.33196605954442,525.0000000000001));
#4513=IFCCARTESIANPOINT((530.5198308734423,81.56132587138704,550.));
#4512=IFCCARTESIANPOINT((530.5198308734423,68.64186464311187,548.2962913144535));
#4511=IFCCARTESIANPOINT((530.5198308734423,56.60284334712449,543.3012701892219));
#4514=IFCCARTESIANPOINT((530.5198308734423,381.0631161625374,550.));
#4515=IFCCARTESIANPOINT((530.5198308734423,393.9825773908125,548.2962913144535));
#4516=IFCCARTESIANPOINT((530.5198308734423,406.0215986867999,543.301270189222));
#4517=IFCCARTESIANPOINT((530.5198308734423,416.3597406446013,535.3553390593274));
#4518=IFCCARTESIANPOINT((530.5198308734423,424.29247597438,525.0000000000001));
#4519=IFCCARTESIANPOINT((530.5198308734423,429.2792018728765,512.940952255126));
#4520=IFCCARTESIANPOINT((530.5198308734423,430.9800812110624,500.));
#4521=IFCCARTESIANPOINT((530.5198308734423,430.9800812110624,332.0000000000001));
#4522=IFCCARTESIANPOINT((530.5198308734423,430.912046037535,331.482361909795));
#4523=IFCCARTESIANPOINT((530.5198308734423,430.7125770015951,331.0000000000001));
#4524=IFCCARTESIANPOINT((530.5198308734423,430.3952675884039,330.585786437627));
#4525=IFCCARTESIANPOINT((530.5198308734423,429.9817419100918,330.2679491924312));
#4527=IFCCARTESIANPOINT((530.5198308734423,428.9834026091214,330.0000000000001));
#4526=IFCCARTESIANPOINT((530.5198308734423,429.5001810582524,330.0681483474219));
#4528=IFCCARTESIANPOINT((530.5198308734423,33.64103942480298,330.0000000000001));
#4529=IFCCARTESIANPOINT((25.6308439776196,430.7125770015951,331.0000000000001));
#4531=IFCCARTESIANPOINT((25.6308439776196,429.9817419100918,330.2679491924312));
#4530=IFCCARTESIANPOINT((25.6308439776196,430.3952675884039,330.585786437627));
#4532=IFCCARTESIANPOINT((25.6308439776196,429.5001810582524,330.0681483474219));
#4534=IFCCARTESIANPOINT((25.63084397761957,33.64103942480298,330.0000000000001));
#4533=IFCCARTESIANPOINT((25.6308439776196,428.9834026091214,330.0000000000001));
#4535=IFCCARTESIANPOINT((25.63084397761957,33.12426097567197,330.0681483474219));
#4536=IFCCARTESIANPOINT((25.63084397761957,32.64270012383248,330.2679491924312));
#4538=IFCCARTESIANPOINT((25.63084397761957,31.91186503232928,331.0000000000001));
#4537=IFCCARTESIANPOINT((25.63084397761957,32.22917444552043,330.585786437627));
#4539=IFCCARTESIANPOINT((25.63084397761957,31.71239599638942,331.482361909795));
#4540=IFCCARTESIANPOINT((530.5198308734423,33.12426097567197,330.0681483474219));
#4541=IFCCARTESIANPOINT((530.5198308734423,32.64270012383248,330.2679491924312));
#4542=IFCCARTESIANPOINT((530.5198308734423,32.22917444552043,330.585786437627));
#4544=IFCCARTESIANPOINT((530.5198308734423,31.71239599638942,331.482361909795));
#4543=IFCCARTESIANPOINT((530.5198308734423,31.91186503232928,331.0000000000001));
#4545=IFCCARTESIANPOINT((45.20817204092699,406.0215982979303,543.3012698793411));
#4546=IFCCARTESIANPOINT((45.20817204092699,416.3597405814317,535.355339294076));
#4548=IFCCARTESIANPOINT((45.208172040927,429.279202108429,512.940952090323));
#4547=IFCCARTESIANPOINT((45.208172040927,424.2924762972614,524.9999999085069));
#4549=IFCCARTESIANPOINT((550.0971589367496,31.6443604339925,331.9999999383093));
#4550=IFCCARTESIANPOINT((550.0971589367496,31.6443604339925,499.9999995359779));
#4552=IFCCARTESIANPOINT((510.9425028101349,428.9834022648811,329.9999996104837));
#4551=IFCCARTESIANPOINT((550.0971589367496,33.34524044944263,512.940952090323));
#4554=IFCCARTESIANPOINT((550.0971589367496,38.33196626061031,524.9999999085069));
#4553=IFCCARTESIANPOINT((510.9425028101349,429.5001810234893,330.0681482085586));
#4555=IFCCARTESIANPOINT((45.208172040927,430.912045770339,331.4823615381122));
#4556=IFCCARTESIANPOINT((45.208172040927,430.7125772213758,330.9999997743965));
#4557=IFCCARTESIANPOINT((45.208172040927,430.9800811941033,331.9999999383093));
#4559=IFCCARTESIANPOINT((45.208172040927,430.3952679415067,330.5857866087557));
#4558=IFCCARTESIANPOINT((45.208172040927,430.9800811941033,499.9999995359779));
#4561=IFCCARTESIANPOINT((510.9425028101349,430.3952679415067,330.5857866087557));
#4560=IFCCARTESIANPOINT((45.208172040927,429.9817417294922,330.2679494971038));
#4562=IFCCARTESIANPOINT((510.9425028101349,430.7125772213758,330.9999997743965));
#4563=IFCCARTESIANPOINT((45.208172040927,429.5001810234893,330.0681482085586));
#4565=IFCCARTESIANPOINT((45.208172040927,428.9834022648811,329.9999996104837));
#4564=IFCCARTESIANPOINT((510.9425028101349,429.9817417294922,330.2679494971038));
#4567=IFCCARTESIANPOINT((45.20817204092698,33.64103936321463,329.9999996104837));
#4566=IFCCARTESIANPOINT((510.9425028101349,430.912045770339,331.4823615381122));
#4568=IFCCARTESIANPOINT((510.9425028101349,430.9800811941033,331.9999999383093));
#4569=IFCCARTESIANPOINT((45.20817204092698,33.12426060460643,330.0681482085586));
#4570=IFCCARTESIANPOINT((45.20817204092698,32.64269989860357,330.2679494971038));
#4571=IFCCARTESIANPOINT((510.9425028101349,430.9800811941033,499.9999995359779));
#4572=IFCCARTESIANPOINT((510.9425028101349,429.279202108429,512.940952090323));
#4573=IFCCARTESIANPOINT((45.20817204092698,32.22917461636492,330.5857866087557));
#4574=IFCCARTESIANPOINT((45.20817204092698,31.91186533649588,330.9999997743965));
#4575=IFCCARTESIANPOINT((510.9425028101349,424.2924762972614,524.9999999085069));
#4576=IFCCARTESIANPOINT((510.9425028101349,416.3597405814317,535.355339294076));
#4577=IFCCARTESIANPOINT((45.20817204092698,31.71239585775673,331.4823615381122));
#4578=IFCCARTESIANPOINT((47.57404123033873,32.10032471540538,332.0299352209379));
#4579=IFCCARTESIANPOINT((47.57404123033871,32.10032471540538,499.9700643336053));
#4581=IFCCARTESIANPOINT((47.57404123033871,38.73025029205036,524.7696680188399));
#4580=IFCCARTESIANPOINT((47.57404123033871,33.78946855371434,512.8217235161818));
#4582=IFCCARTESIANPOINT((47.57404123033871,46.58989859417843,535.0296007929489));
#4583=IFCCARTESIANPOINT((47.57404123033871,56.83279270788682,542.9023233177335));
#4584=IFCCARTESIANPOINT((510.9425028101349,406.0215982979303,543.3012698793411));
#4585=IFCCARTESIANPOINT((510.9425028101349,393.9825769287548,548.2962909170985));
#4586=IFCCARTESIANPOINT((47.57404123033871,68.76089527070484,547.851323856461));
#4587=IFCCARTESIANPOINT((47.57404123033871,81.5912117153494,549.5432775205779));
#4588=IFCCARTESIANPOINT((47.57404123033874,381.0332308403899,549.5432775205779));
#4589=IFCCARTESIANPOINT((47.57404123033874,393.8635463553953,547.8513238572891));
#4590=IFCCARTESIANPOINT((47.57404123033874,405.7916489202089,542.9023233177335));
#4591=IFCCARTESIANPOINT((47.57404123033874,416.0345430443333,535.0296007849432));
#4592=IFCCARTESIANPOINT((47.57404123033874,423.8941922708456,524.76966800669));
#4593=IFCCARTESIANPOINT((510.9425028101349,381.0631163315334,550.0000002810359));
#4595=IFCCARTESIANPOINT((510.9425028101349,81.56132622633828,550.0000002810359));
#4596=IFCCARTESIANPOINT((510.9425028101349,68.64186469934094,548.2962909170985));
#4594=IFCCARTESIANPOINT((47.57404123033874,428.8349739978786,512.8217235313653));
#4597=IFCCARTESIANPOINT((47.57404123033874,430.5241169126903,499.9700643498292));
#4599=IFCCARTESIANPOINT((510.9425028101349,56.60284333016539,543.3012698793411));
#4598=IFCCARTESIANPOINT((47.57404123033876,430.5241169126903,332.0299352209379));
#4600=IFCCARTESIANPOINT((47.57404123033876,430.4678176744902,331.6015900151341));
#4602=IFCCARTESIANPOINT((47.57404123033876,429.7517923528104,330.6668960005515));
#4616=IFCCARTESIANPOINT((47.57404123033873,32.15662390371472,331.6015903947217));
#4618=IFCCARTESIANPOINT((50.91988552480546,41.56194290373935,523.1320700768678));
#4615=IFCCARTESIANPOINT((50.91988552480546,35.34210842988931,499.7572330755856));
#4614=IFCCARTESIANPOINT((50.91988552480547,35.34210842988931,333.7038986679506));
#4619=IFCCARTESIANPOINT((50.91988552480546,48.90196591283625,532.7136874392322));
#4617=IFCCARTESIANPOINT((50.91988552480546,36.94781119733622,511.9740403407422));
#4613=IFCCARTESIANPOINT((49.30875685026923,33.78108833656408,332.1402818777394));
#4611=IFCCARTESIANPOINT((47.57404123033873,32.31014921349102,331.2303318960942));
#4612=IFCCARTESIANPOINT((47.57404123033873,32.87264950797032,330.6668959040097));
#4610=IFCCARTESIANPOINT((47.57404123033873,32.55437215069394,330.9115250966754));
#4620=IFCCARTESIANPOINT((50.91988552480546,58.46767109254591,540.0659202942961));
#4609=IFCCARTESIANPOINT((47.57404123033873,33.24329145796943,330.5131152107854));
#4608=IFCCARTESIANPOINT((47.57404123033876,429.3811501701263,330.5131152107854));
#4607=IFCCARTESIANPOINT((510.9425028101349,38.33196626061031,524.9999999085069));
#4606=IFCCARTESIANPOINT((510.9425028101349,46.26470104666404,535.355339294076));
#4605=IFCCARTESIANPOINT((47.57404123033873,33.67092493234849,330.4567223709416));
#4604=IFCCARTESIANPOINT((47.57404123033876,428.9535166957472,330.4567223709416));
#4603=IFCCARTESIANPOINT((47.57404123033876,430.3142931116954,331.2303315923486));
#4601=IFCCARTESIANPOINT((47.57404123033876,430.0700705604983,330.911525296819));
#4621=IFCCARTESIANPOINT((50.91988552480546,69.60717069951761,544.6877274313263));
#4622=IFCCARTESIANPOINT((50.91988552480546,81.80368952470543,546.2961012235689));
#4623=IFCCARTESIANPOINT((50.91988552480547,380.8207530158733,546.2961012235689));
#4624=IFCCARTESIANPOINT((50.91988552480547,404.1567705355498,540.0659202942961));
#4625=IFCCARTESIANPOINT((50.91988552480547,413.7224757997301,532.7136873743078));
#4626=IFCCARTESIANPOINT((50.91988552480548,421.0624996948778,523.1320699783361));
#4627=IFCCARTESIANPOINT((50.91988552480547,393.0172709123941,544.6877274380411));
#4629=IFCCARTESIANPOINT((49.30875685026925,428.8433532915317,332.1402818777394));
#4630=IFCCARTESIANPOINT((50.91988552480548,427.2823331982064,499.7572332071571));
#4628=IFCCARTESIANPOINT((50.91988552480548,425.6766313096163,511.9740404638764));
#4633=IFCCARTESIANPOINT((49.14658250909634,33.64103966106921,332.0000010648557));
#4631=IFCCARTESIANPOINT((49.14658370560864,428.983400837567,332.0000013679976));
#4632=IFCCARTESIANPOINT((50.91988552480549,427.2823331982064,333.7038986679506));
#4635=IFCCARTESIANPOINT((51.39048580379973,37.63439412689328,499.6067387515894));
#4634=IFCCARTESIANPOINT((51.39048580379973,37.63439412689328,335.9999974940467));
#4636=IFCCARTESIANPOINT((51.39048580379973,39.1810951872174,511.3746382245646));
#4637=IFCCARTESIANPOINT((51.39048580379973,43.56425059721296,521.9741142505568));
#4638=IFCCARTESIANPOINT((51.39048580379975,380.6705086069347,544.0000023974729));
#4639=IFCCARTESIANPOINT((51.39048580379975,392.4188642126965,542.4507284703009));
#4640=IFCCARTESIANPOINT((51.39048580379973,59.62370390273998,538.0602818389864));
#4641=IFCCARTESIANPOINT((51.39048580379973,70.20557738918254,542.4507284594235));
#4642=IFCCARTESIANPOINT((51.39048580379973,81.9539339229238,544.0000023974729));
#4643=IFCCARTESIANPOINT((51.39048580379973,50.53684328648455,531.0760905099528));
#4644=IFCCARTESIANPOINT((51.39048580379975,412.0875984784465,531.0760904047806));
#4646=IFCCARTESIANPOINT((51.39048580379975,423.4433472881697,511.3746384240314));
#4645=IFCCARTESIANPOINT((51.39048580379975,419.0601920266628,521.9741140909438));
#4647=IFCCARTESIANPOINT((51.39048580379975,424.9900475012025,499.6067389647239));
#4648=IFCCARTESIANPOINT((51.39048580379975,403.0007377253557,538.0602818389864));
#4649=IFCCARTESIANPOINT((51.39048580379976,424.9900475012025,335.9999974940467));
#4650=IFCCARTESIANPOINT((510.9425028101349,33.34524044944264,512.940952090323));
#4651=IFCCARTESIANPOINT((510.9425028101349,31.6443604339925,499.9999995359779));
#4653=IFCCARTESIANPOINT((508.576633620723,32.15662390371472,331.6015903947217));
#4652=IFCCARTESIANPOINT((508.576633620723,32.10032471540539,332.0299352209379));
#4654=IFCCARTESIANPOINT((508.576633620723,32.31014921349102,331.2303318960942));
#4656=IFCCARTESIANPOINT((508.576633620723,32.87264950797032,330.6668959040097));
#4655=IFCCARTESIANPOINT((508.576633620723,32.55437215069394,330.9115250966754));
#4657=IFCCARTESIANPOINT((508.576633620723,33.24329145796943,330.5131152107854));
#4659=IFCCARTESIANPOINT((25.63084397761957,31.64436082286198,332.0000000000001));
#4658=IFCCARTESIANPOINT((508.576633620723,33.6709249323485,330.4567223709416));
#4662=IFCCARTESIANPOINT((25.63084397761957,32.22917444552043,330.585786437627));
#4661=IFCCARTESIANPOINT((25.63084397761957,31.91186503232928,331.0000000000001));
#4660=IFCCARTESIANPOINT((25.63084397761957,31.71239599638942,331.482361909795));
#4664=IFCCARTESIANPOINT((25.63084397761957,33.12426097567197,330.0681483474219));
#4665=IFCCARTESIANPOINT((25.63084397761957,33.64103942480298,330.0000000000001));
#4663=IFCCARTESIANPOINT((25.63084397761957,32.64270012383248,330.2679491924312));
#4666=IFCCARTESIANPOINT((25.6308439776196,428.9834026091214,330.0000000000001));
#4667=IFCCARTESIANPOINT((25.6308439776196,429.5001810582524,330.0681483474219));
#4669=IFCCARTESIANPOINT((25.6308439776196,430.3952675884039,330.585786437627));
#4668=IFCCARTESIANPOINT((25.6308439776196,429.9817419100918,330.2679491924312));
#4671=IFCCARTESIANPOINT((25.6308439776196,430.912046037535,331.482361909795));
#4670=IFCCARTESIANPOINT((25.6308439776196,430.7125770015951,331.0000000000001));
#4672=IFCCARTESIANPOINT((25.6308439776196,430.9800812110624,332.0000000000001));
#4674=IFCCARTESIANPOINT((6.053515914312163,31.6443604339925,331.9999999383093));
#4675=IFCCARTESIANPOINT((6.053515914312163,31.71239585775673,331.4823615381122));
#4673=IFCCARTESIANPOINT((25.63084397761959,430.9800812110624,500.));
#4676=IFCCARTESIANPOINT((508.5766336207232,428.9535166957472,330.4567223709416));
#4677=IFCCARTESIANPOINT((25.63084397761959,429.2792018728765,512.940952255126));
#4678=IFCCARTESIANPOINT((6.053515914312163,31.91186533649588,330.9999997743965));
#4679=IFCCARTESIANPOINT((6.053515914312163,32.22917461636492,330.5857866087557));
#4680=IFCCARTESIANPOINT((508.5766336207232,429.3811501701263,330.5131152107854));
#4681=IFCCARTESIANPOINT((508.5766336207232,429.7517923528104,330.6668960005515));
#4683=IFCCARTESIANPOINT((508.5766336207232,430.4678176744902,331.6015900151341));
#4682=IFCCARTESIANPOINT((508.5766336207232,430.0700705604983,330.911525296819));
#4685=IFCCARTESIANPOINT((25.63084397761959,424.29247597438,525.0000000000001));
#4684=IFCCARTESIANPOINT((508.5766336207232,430.5241169126903,332.0299352209379));
#4686=IFCCARTESIANPOINT((25.63084397761958,416.3597406446013,535.3553390593274));
#4687=IFCCARTESIANPOINT((508.5766336207232,430.5241169126903,499.9700643498292));
#4688=IFCCARTESIANPOINT((25.63084397761958,406.0215986867999,543.301270189222));
#4689=IFCCARTESIANPOINT((508.5766336207232,430.3142931116954,331.2303315923486));
#4691=IFCCARTESIANPOINT((25.63084397761958,381.0631161625374,550.));
#4690=IFCCARTESIANPOINT((25.63084397761958,393.9825773908125,548.2962913144535));
#4692=IFCCARTESIANPOINT((25.63084397761956,81.56132587138704,550.));
#4693=IFCCARTESIANPOINT((25.63084397761956,68.64186464311187,548.2962913144535));
#4694=IFCCARTESIANPOINT((25.63084397761956,56.60284334712449,543.3012701892219));
#4695=IFCCARTESIANPOINT((25.63084397761956,46.26470138932309,535.3553390593274));
#4696=IFCCARTESIANPOINT((25.63084397761956,38.33196605954442,525.0000000000001));
#4697=IFCCARTESIANPOINT((25.63084397761956,33.34524016104793,512.940952255126));
#4698=IFCCARTESIANPOINT((25.63084397761956,31.64436082286198,500.));
#4699=IFCCARTESIANPOINT((508.5766336207232,423.8941922708456,524.76966800669));
#4700=IFCCARTESIANPOINT((508.5766336207232,428.8349739978786,512.8217235313653));
#4702=IFCCARTESIANPOINT((508.5766336207232,405.7916489202089,542.9023233177335));
#4701=IFCCARTESIANPOINT((508.5766336207232,416.0345430443333,535.0296007849432));
#4703=IFCCARTESIANPOINT((508.5766336207232,393.8635463553953,547.8513238572891));
#4704=IFCCARTESIANPOINT((508.576633620723,381.0332308403899,549.5432775205779));
#4705=IFCCARTESIANPOINT((6.053515914312163,32.64269989860357,330.2679494971038));
#4706=IFCCARTESIANPOINT((6.053515914312163,33.12426060460643,330.0681482085586));
#4707=IFCCARTESIANPOINT((6.053515914312163,33.64103936321463,329.9999996104837));
#4708=IFCCARTESIANPOINT((6.053515914312188,428.9834022648811,329.9999996104837));
#4711=IFCCARTESIANPOINT((6.053515914312188,430.3952679415067,330.5857866087557));
#4709=IFCCARTESIANPOINT((6.053515914312188,429.5001810234893,330.0681482085586));
#4710=IFCCARTESIANPOINT((6.053515914312188,429.9817417294922,330.2679494971038));
#4712=IFCCARTESIANPOINT((6.053515914312188,430.7125772213758,330.9999997743965));
#4713=IFCCARTESIANPOINT((6.053515914312188,430.912045770339,331.4823615381122));
#4715=IFCCARTESIANPOINT((6.053515914312177,430.9800811941033,499.9999995359779));
#4714=IFCCARTESIANPOINT((6.053515914312188,430.9800811941033,331.9999999383093));
#4716=IFCCARTESIANPOINT((508.576633620723,81.5912117153494,549.5432775205779));
#4717=IFCCARTESIANPOINT((6.053515914312177,429.279202108429,512.940952090323));
#4719=IFCCARTESIANPOINT((6.053515914312174,416.3597405814317,535.355339294076));
#4718=IFCCARTESIANPOINT((6.053515914312177,424.2924762972614,524.9999999085069));
#4720=IFCCARTESIANPOINT((6.053515914312174,393.9825769287548,548.2962909170985));
#4721=IFCCARTESIANPOINT((6.05351591431217,381.0631163315334,550.0000002810359));
#4722=IFCCARTESIANPOINT((6.053515914312174,406.0215982979303,543.3012698793411));
#4724=IFCCARTESIANPOINT((6.053515914312153,46.26470104666404,535.355339294076));
#4725=IFCCARTESIANPOINT((6.053515914312153,68.64186469934094,548.2962909170985));
#4723=IFCCARTESIANPOINT((6.053515914312153,81.56132622633828,550.0000002810359));
#4726=IFCCARTESIANPOINT((6.053515914312153,56.60284333016539,543.3012698793411));
#4727=IFCCARTESIANPOINT((6.053515914312153,38.33196626061031,524.9999999085069));
#4728=IFCCARTESIANPOINT((6.053515914312153,33.34524044944264,512.940952090323));
#4729=IFCCARTESIANPOINT((550.0971589367496,46.26470104666404,535.355339294076));
#4730=IFCCARTESIANPOINT((6.053515914312153,31.6443604339925,499.9999995359779));
#4731=IFCCARTESIANPOINT((550.0971589367496,68.64186469934094,548.2962909170985));
#4732=IFCCARTESIANPOINT((550.0971589367496,81.56132622633828,550.0000002810359));
#4733=IFCCARTESIANPOINT((550.0971589367496,56.60284333016539,543.3012698793411));
#4735=IFCCARTESIANPOINT((550.0971589367496,393.9825769287548,548.2962909170985));
#4734=IFCCARTESIANPOINT((550.0971589367496,381.0631163315334,550.0000002810359));
#4736=IFCCARTESIANPOINT((550.0971589367496,416.3597405814317,535.355339294076));
#4737=IFCCARTESIANPOINT((550.0971589367496,406.0215982979303,543.3012698793411));
#4738=IFCCARTESIANPOINT((550.0971589367497,424.2924762972614,524.9999999085069));
#4739=IFCCARTESIANPOINT((3.687646724900413,32.10032471540539,332.0299352209379));
#4740=IFCCARTESIANPOINT((3.687646724900413,32.15662390371472,331.6015903947217));
#4741=IFCCARTESIANPOINT((3.687646724900413,32.55437215069394,330.9115250966754));
#4742=IFCCARTESIANPOINT((3.687646724900413,32.87264950797032,330.6668959040097));
#4743=IFCCARTESIANPOINT((3.687646724900413,32.31014921349102,331.2303318960942));
#4744=IFCCARTESIANPOINT((3.687646724900413,33.24329145796943,330.5131152107854));
#4745=IFCCARTESIANPOINT((550.0971589367497,429.279202108429,512.940952090323));
#4746=IFCCARTESIANPOINT((550.0971589367497,430.9800811941033,499.9999995359779));
#4747=IFCCARTESIANPOINT((550.0971589367497,430.9800811941033,331.9999999383093));
#4748=IFCCARTESIANPOINT((550.0971589367497,430.912045770339,331.4823615381122));
#4749=IFCCARTESIANPOINT((3.687646724900413,33.6709249323485,330.4567223709416));
#4750=IFCCARTESIANPOINT((550.0971589367497,430.3952679415067,330.5857866087557));
#4752=IFCCARTESIANPOINT((550.0971589367497,430.7125772213758,330.9999997743965));
#4751=IFCCARTESIANPOINT((550.0971589367497,429.9817417294922,330.2679494971038));
#4753=IFCCARTESIANPOINT((3.687646724900437,428.9535166957472,330.4567223709416));
#4754=IFCCARTESIANPOINT((3.687646724900437,429.3811501701263,330.5131152107854));
#4755=IFCCARTESIANPOINT((550.0971589367497,429.5001810234893,330.0681482085586));
#4756=IFCCARTESIANPOINT((550.0971589367497,428.9834022648811,329.9999996104837));
#4757=IFCCARTESIANPOINT((550.0971589367496,33.64103936321463,329.9999996104837));
#4758=IFCCARTESIANPOINT((550.0971589367496,33.12426060460643,330.0681482085586));
#4759=IFCCARTESIANPOINT((550.0971589367496,32.64269989860357,330.2679494971038));
#4760=IFCCARTESIANPOINT((550.0971589367496,32.22917461636492,330.5857866087557));
#4761=IFCCARTESIANPOINT((3.687646724900437,429.7517923528104,330.6668960005515));
#4762=IFCCARTESIANPOINT((3.687646724900437,430.0700705604983,330.911525296819));
#4763=IFCCARTESIANPOINT((552.4630281261615,32.10032471540538,332.0299352209379));
#4764=IFCCARTESIANPOINT((552.4630281261614,32.10032471540538,499.9700643336053));
#4766=IFCCARTESIANPOINT((552.4630281261614,33.78946855371434,512.8217235161818));
#4765=IFCCARTESIANPOINT((550.0971589367496,31.71239585775673,331.4823615381122));
#4769=IFCCARTESIANPOINT((3.687646724900437,430.4678176744902,331.6015900151341));
#4767=IFCCARTESIANPOINT((552.4630281261614,38.73025029205036,524.7696680188399));
#4768=IFCCARTESIANPOINT((550.0971589367496,31.91186533649588,330.9999997743965));
#4770=IFCCARTESIANPOINT((3.687646724900437,430.5241169126903,332.0299352209379));
#4771=IFCCARTESIANPOINT((3.687646724900437,430.3142931116954,331.2303315923486));
#4772=IFCCARTESIANPOINT((3.687646724900427,430.5241169126903,499.9700643498292));
#4773=IFCCARTESIANPOINT((552.4630281261614,46.58989859417843,535.0296007929489));
#4774=IFCCARTESIANPOINT((552.4630281261614,56.83279270788682,542.9023233177335));
#4775=IFCCARTESIANPOINT((3.687646724900427,428.8349739978786,512.8217235313653));
#4776=IFCCARTESIANPOINT((552.4630281261614,81.5912117153494,549.5432775205779));
#4778=IFCCARTESIANPOINT((552.4630281261615,393.8635463553953,547.8513238572891));
#4777=IFCCARTESIANPOINT((552.4630281261615,381.0332308403899,549.5432775205779));
#4779=IFCCARTESIANPOINT((552.4630281261614,68.76089527070484,547.851323856461));
#4780=IFCCARTESIANPOINT((552.4630281261615,416.0345430443333,535.0296007849432));
#4781=IFCCARTESIANPOINT((552.4630281261615,423.8941922708456,524.76966800669));
#4783=IFCCARTESIANPOINT((552.4630281261615,428.8349739978786,512.8217235313653));
#4784=IFCCARTESIANPOINT((552.4630281261615,430.5241169126903,499.9700643498292));
#4782=IFCCARTESIANPOINT((552.4630281261615,405.7916489202089,542.9023233177335));
#4785=IFCCARTESIANPOINT((552.4630281261615,430.5241169126903,332.0299352209379));
#4787=IFCCARTESIANPOINT((552.4630281261615,430.3142931116954,331.2303315923486));
#4786=IFCCARTESIANPOINT((552.4630281261615,430.4678176744902,331.6015900151341));
#4788=IFCCARTESIANPOINT((552.4630281261615,430.0700705604983,330.911525296819));
#4789=IFCCARTESIANPOINT((552.4630281261615,429.7517923528104,330.6668960005515));
#4790=IFCCARTESIANPOINT((552.4630281261615,429.3811501701263,330.5131152107854));
#4791=IFCCARTESIANPOINT((552.4630281261615,428.9535166957472,330.4567223709416));
#4792=IFCCARTESIANPOINT((3.687646724900427,423.8941922708456,524.76966800669));
#4793=IFCCARTESIANPOINT((3.687646724900424,416.0345430443333,535.0296007849432));
#4794=IFCCARTESIANPOINT((3.687646724900424,405.7916489202089,542.9023233177335));
#4795=IFCCARTESIANPOINT((3.687646724900424,393.8635463553953,547.8513238572891));
#4796=IFCCARTESIANPOINT((3.68764672490042,381.0332308403899,549.5432775205779));
#4797=IFCCARTESIANPOINT((3.687646724900403,81.5912117153494,549.5432775205779));
#4798=IFCCARTESIANPOINT((3.687646724900403,68.76089527070484,547.851323856461));
#4801=IFCCARTESIANPOINT((3.687646724900403,38.73025029205037,524.7696680188399));
#4800=IFCCARTESIANPOINT((3.687646724900403,46.58989859417844,535.0296007929489));
#4799=IFCCARTESIANPOINT((3.687646724900403,56.83279270788682,542.9023233177335));
#4802=IFCCARTESIANPOINT((3.687646724900403,33.78946855371434,512.8217235161818));
#4817=IFCCARTESIANPOINT((0.3418024304336665,81.80368952470543,546.2961012235689));
#4816=IFCCARTESIANPOINT((0.3418024304336839,380.8207530158733,546.2961012235689));
#4814=IFCCARTESIANPOINT((0.3418024304336874,404.1567705355498,540.0659202942961));
#4819=IFCCARTESIANPOINT((0.3418024304336665,48.90196591283625,532.7136874392322));
#4820=IFCCARTESIANPOINT((0.3418024304336665,69.60717069951761,544.6877274313263));
#4815=IFCCARTESIANPOINT((0.3418024304336874,393.0172709123941,544.6877274380411));
#4813=IFCCARTESIANPOINT((0.3418024304336874,413.7224757997301,532.7136873743078));
#4812=IFCCARTESIANPOINT((0.3418024304336909,421.0624996948778,523.1320699783361));
#4811=IFCCARTESIANPOINT((0.3418024304336909,425.6766313096163,511.9740404638764));
#4810=IFCCARTESIANPOINT((0.3418024304336909,427.2823331982064,499.7572332071571));
#4807=IFCCARTESIANPOINT((0.3418024304337013,427.2823331982064,333.7038986679506));
#4809=IFCCARTESIANPOINT((2.115104249630552,428.983400837567,332.0000013679976));
#4808=IFCCARTESIANPOINT((1.952931104969937,428.8433532915317,332.1402818777394));
#4805=IFCCARTESIANPOINT((2.115105446142802,33.64103966106921,332.0000010648557));
#4806=IFCCARTESIANPOINT((0.341802430433677,35.34210842988932,333.7038986679506));
#4804=IFCCARTESIANPOINT((1.952931104969916,33.78108833656409,332.1402818777394));
#4803=IFCCARTESIANPOINT((3.687646724900403,32.10032471540539,499.9700643336053));
#4821=IFCCARTESIANPOINT((0.3418024304336665,41.56194290373936,523.1320700768678));
#4818=IFCCARTESIANPOINT((0.3418024304336665,58.46767109254591,540.0659202942961));
#4822=IFCCARTESIANPOINT((0.3418024304336665,36.94781119733622,511.9740403407422));
#4823=IFCCARTESIANPOINT((0.3418024304336665,35.34210842988932,499.7572330755856));
#4824=IFCCARTESIANPOINT((-0.128797848560569,424.9900475012025,335.9999974940467));
#4825=IFCCARTESIANPOINT((-0.1287978485605933,37.63439412689328,335.9999974940467));
#4826=IFCCARTESIANPOINT((-0.1287978485605794,424.9900475012025,499.6067389647239));
#4827=IFCCARTESIANPOINT((-0.1287978485605794,423.4433472881697,511.3746384240314));
#4828=IFCCARTESIANPOINT((-0.1287978485605794,419.0601920266628,521.9741140909438));
#4829=IFCCARTESIANPOINT((-0.1287978485605829,412.0875984784465,531.0760904047806));
#4830=IFCCARTESIANPOINT((-0.1287978485605829,403.0007377253557,538.0602818389864));
#4831=IFCCARTESIANPOINT((-0.1287978485605829,392.4188642126965,542.4507284703009));
#4832=IFCCARTESIANPOINT((-0.1287978485605863,380.6705086069347,544.0000023974729));
#4833=IFCCARTESIANPOINT((-0.1287978485606037,81.9539339229238,544.0000023974729));
#4834=IFCCARTESIANPOINT((-0.1287978485606037,70.20557738918254,542.4507284594235));
#4835=IFCCARTESIANPOINT((-0.1287978485606037,59.62370390273998,538.0602818389864));
#4836=IFCCARTESIANPOINT((-0.1287978485606037,50.53684328648455,531.0760905099528));
#4837=IFCCARTESIANPOINT((-0.1287978485606037,43.56425059721296,521.9741142505568));
#4839=IFCCARTESIANPOINT((-0.1287978485606037,39.18109518721741,511.3746382245646));
#4838=IFCCARTESIANPOINT((-0.1287978485606037,37.63439412689328,499.6067387515894));
#4840=IFCCARTESIANPOINT((51.39048616618192,19.96379100150713,365.0000000000001));
#4842=IFCCARTESIANPOINT((52.09267698431353,384.5337238421975,365.0000000000001));
#4841=IFCCARTESIANPOINT((51.39048616618192,379.3659393508875,365.0000000000001));
#4843=IFCCARTESIANPOINT((54.15139629487791,389.3493323605925,365.0000000000001));
#4844=IFCCARTESIANPOINT((57.42634577905459,393.484589143713,365.0000000000001));
#4846=IFCCARTESIANPOINT((66.66453112229075,398.6523736350231,365.0000000000001));
#4845=IFCCARTESIANPOINT((61.69434304160686,396.6576832756244,365.0000000000001));
#4847=IFCCARTESIANPOINT((71.99819991703183,399.3327253702975,365.0000000000001));
#4848=IFCCARTESIANPOINT((484.1524749340298,399.3327253702975,365.0000000000001));
#4849=IFCCARTESIANPOINT((52.0926772464117,384.5337236471989,395.0000000000001));
#4850=IFCCARTESIANPOINT((54.15139632899896,389.3493325667795,395.0000000000001));
#4851=IFCCARTESIANPOINT((489.4861437287709,398.6523736350231,365.0000000000001));
#4852=IFCCARTESIANPOINT((494.4563318094548,396.6576832756244,365.0000000000001));
#4853=IFCCARTESIANPOINT((498.7243290720071,393.484589143713,365.0000000000001));
#4854=IFCCARTESIANPOINT((501.9992785561838,389.3493323605925,365.0000000000001));
#4855=IFCCARTESIANPOINT((504.0579978667481,384.5337238421975,365.0000000000001));
#4857=IFCCARTESIANPOINT((504.7601886848798,19.96379100150713,365.0000000000001));
#4856=IFCCARTESIANPOINT((504.7601886848798,379.3659393508875,365.0000000000001));
#4858=IFCCARTESIANPOINT((504.0579978667481,14.79600651019706,365.0000000000001));
#4859=IFCCARTESIANPOINT((501.9992785561838,9.980397991802121,365.0000000000001));
#4860=IFCCARTESIANPOINT((51.39048576482984,379.3659397802207,395.0000000000001));
#4862=IFCCARTESIANPOINT((61.69434336956709,396.657682836736,395.0000000000001));
#4863=IFCCARTESIANPOINT((498.7243290720071,5.845141208681551,365.0000000000001));
#4861=IFCCARTESIANPOINT((57.42634539678003,393.4845891082697,395.0000000000001));
#4864=IFCCARTESIANPOINT((494.4563318094548,2.67204707677008,365.0000000000001));
#4865=IFCCARTESIANPOINT((489.4861437287709,0.6773567173714889,365.0000000000001));
#4867=IFCCARTESIANPOINT((71.99819991703183,-0.002995017902893138,365.0000000000001));
#4866=IFCCARTESIANPOINT((484.1524749340298,-0.002995017902893138,365.0000000000001));
#4868=IFCCARTESIANPOINT((66.66453112229075,0.6773567173714855,365.0000000000001));
#4869=IFCCARTESIANPOINT((61.69434304160686,2.67204707677008,365.0000000000001));
#4870=IFCCARTESIANPOINT((57.42634577905459,5.845141208681546,365.0000000000001));
#4872=IFCCARTESIANPOINT((52.09267698431353,14.79600651019707,365.0000000000001));
#4871=IFCCARTESIANPOINT((54.15139629487791,9.980397991802107,365.0000000000001));
#4873=IFCCARTESIANPOINT((66.66453090469312,398.6523739050239,395.0000000000001));
#4874=IFCCARTESIANPOINT((71.99820001468289,399.3327253533383,395.0000000000001));
#4875=IFCCARTESIANPOINT((484.152474455908,399.3327253533383,395.0000000000001));
#4877=IFCCARTESIANPOINT((51.39048576482984,19.96379109612112,395.0000000000001));
#4876=IFCCARTESIANPOINT((489.4861435658978,398.6523739050239,395.0000000000001));
#4878=IFCCARTESIANPOINT((494.4563320606453,396.657682836736,395.0000000000001));
#4880=IFCCARTESIANPOINT((501.999278141592,389.3493325667795,395.0000000000001));
#4879=IFCCARTESIANPOINT((498.7243290738109,393.4845891082697,395.0000000000001));
#4882=IFCCARTESIANPOINT((504.0579981838007,14.796006299367,395.0000000000001));
#4881=IFCCARTESIANPOINT((504.0579981838007,384.5337236471989,395.0000000000001));
#4883=IFCCARTESIANPOINT((504.7601887057611,379.3659397802207,395.0000000000001));
#4884=IFCCARTESIANPOINT((501.999278141592,9.980398309562338,395.0000000000001));
#4885=IFCCARTESIANPOINT((498.7243290738109,5.845140838296242,395.0000000000001));
#4886=IFCCARTESIANPOINT((504.7601887057611,19.96379109612112,395.0000000000001));
#4887=IFCCARTESIANPOINT((494.4563320606453,2.67204710982993,395.0000000000001));
#4888=IFCCARTESIANPOINT((489.4861435658978,0.6773569713180494,395.0000000000001));
#4890=IFCCARTESIANPOINT((71.99820001468289,-0.002995406772377316,395.0000000000001));
#4889=IFCCARTESIANPOINT((484.152474455908,-0.002995406772377316,395.0000000000001));
#4892=IFCCARTESIANPOINT((54.15139632899896,9.980398309562338,395.0000000000001));
#4893=IFCCARTESIANPOINT((52.0926772464117,14.796006299367,395.0000000000001));
#4891=IFCCARTESIANPOINT((66.66453090469312,0.6773569713180494,395.0000000000001));
#4894=IFCCARTESIANPOINT((61.69434336956709,2.67204710982993,395.0000000000001));
#4895=IFCCARTESIANPOINT((57.42634539678003,5.845140838296242,395.0000000000001));
#4896=IFCCARTESIANPOINT((51.78265295960222,19.98869568492634,396.9134171618255));
#4897=IFCCARTESIANPOINT((51.78265295960222,379.3410351869731,396.9134171618255));
#4898=IFCCARTESIANPOINT((52.47475034774384,384.4345314919394,396.9134171618255));
#4899=IFCCARTESIANPOINT((552.4630281261615,33.67092493234849,330.4567223709416));
#4900=IFCCARTESIANPOINT((552.4630281261615,32.87264950797032,330.6668959040097));
#4901=IFCCARTESIANPOINT((552.4630281261615,32.55437215069394,330.9115250966754));
#4902=IFCCARTESIANPOINT((552.4630281261615,32.31014921349102,331.2303318960942));
#4903=IFCCARTESIANPOINT((552.4630281261615,32.15662390371472,331.6015903947217));
#4904=IFCCARTESIANPOINT((552.4630281261615,33.24329145796943,330.5131152107854));
#4905=IFCCARTESIANPOINT((54.49395371893025,389.1577080763388,396.9134171618255));
#4906=IFCCARTESIANPOINT((57.70604231359464,393.2135911139127,396.9134171618255));
#4907=IFCCARTESIANPOINT((61.892118964482,396.3257794636968,396.9134171618255));
#4908=IFCCARTESIANPOINT((66.76690710704335,398.2821837842666,396.9134171618255));
#4910=IFCCARTESIANPOINT((489.3837673770482,398.2821837825445,396.9134171618255));
#4909=IFCCARTESIANPOINT((484.1267704722372,398.9527550880036,396.9134171618255));
#4911=IFCCARTESIANPOINT((72.02390399835366,398.9527550880036,396.9134171618255));
#4912=IFCCARTESIANPOINT((554.1977437460919,33.78108833656408,332.1402818777394));
#4914=IFCCARTESIANPOINT((555.8088724206282,35.34210842988931,499.7572330755856));
#4913=IFCCARTESIANPOINT((555.8088724206282,35.34210842988931,333.7038986679506));
#4916=IFCCARTESIANPOINT((555.8088724206282,36.94781119733622,511.9740403407422));
#4915=IFCCARTESIANPOINT((555.8088724206282,41.56194290373935,523.1320700768678));
#4917=IFCCARTESIANPOINT((555.8088724206282,48.90196591283625,532.7136874392322));
#4920=IFCCARTESIANPOINT((555.8088724206282,81.80368952470543,546.2961012235689));
#4919=IFCCARTESIANPOINT((555.8088724206282,69.60717069951761,544.6877274313263));
#4918=IFCCARTESIANPOINT((555.8088724206282,58.46767109254591,540.0659202942961));
#4922=IFCCARTESIANPOINT((494.2585564565208,396.3257794636968,396.9134171618255));
#4921=IFCCARTESIANPOINT((555.8088724206282,380.8207530158733,546.2961012235689));
#4923=IFCCARTESIANPOINT((498.4446321438095,393.2135911305638,396.9134171618255));
#4925=IFCCARTESIANPOINT((555.8088724206282,393.0172709123941,544.6877274380411));
#4924=IFCCARTESIANPOINT((501.6567207716736,389.1577080510687,396.9134171618255));
#4926=IFCCARTESIANPOINT((555.8088724206282,404.1567705355498,540.0659202942961));
#4928=IFCCARTESIANPOINT((555.8088724206282,413.7224757997301,532.7136873743078));
#4929=IFCCARTESIANPOINT((504.3680215109887,379.3410352207168,396.9134171618255));
#4927=IFCCARTESIANPOINT((503.675925073259,384.4345314919394,396.9134171618255));
#4930=IFCCARTESIANPOINT((555.8088724206282,421.0624996948778,523.1320699783361));
#4931=IFCCARTESIANPOINT((555.8088724206282,425.6766313096163,511.9740404638764));
#4932=IFCCARTESIANPOINT((555.8088724206282,427.2823331982064,499.7572332071571));
#4933=IFCCARTESIANPOINT((555.8088724206282,427.2823331982064,333.7038986679506));
#4934=IFCCARTESIANPOINT((554.1977437460919,428.8433532915317,332.1402818777394));
#4935=IFCCARTESIANPOINT((554.0355706014312,428.983400837567,332.0000013679976));
#4937=IFCCARTESIANPOINT((503.675925073259,14.89519846354982,396.9134171618255));
#4936=IFCCARTESIANPOINT((504.3680215109887,19.98869565118267,396.9134171618255));
#4938=IFCCARTESIANPOINT((501.6567207716736,10.17202281634998,396.9134171618255));
#4940=IFCCARTESIANPOINT((494.258556482602,3.003950502259549,396.9134171618255));
#4939=IFCCARTESIANPOINT((498.444632126624,6.116138803225549,396.9134171618255));
#4943=IFCCARTESIANPOINT((72.0239040331805,0.3769748585623479,396.9134171618255));
#4942=IFCCARTESIANPOINT((484.1267704374104,0.3769748585623479,396.9134171618255));
#4941=IFCCARTESIANPOINT((489.3837673770482,1.047547084874215,396.9134171618255));
#4944=IFCCARTESIANPOINT((66.76690710704334,1.047547083152099,396.9134171618255));
#4946=IFCCARTESIANPOINT((57.70604233078006,6.116138819876489,396.9134171618255));
#4945=IFCCARTESIANPOINT((61.89211893840073,3.003950502259548,396.9134171618255));
#4947=IFCCARTESIANPOINT((54.49395371893025,10.17202279107988,396.9134171618255));
#4948=IFCCARTESIANPOINT((52.47475034774384,14.89519846354981,396.9134171618255));
#4949=IFCCARTESIANPOINT((55.19118721925899,383.7293019770304,399.6193976625565));
#4950=IFCCARTESIANPOINT((56.92944452258777,387.795309547095,399.6193976625565));
#4951=IFCCARTESIANPOINT((59.69461207952491,391.28686834434,399.6193976625565));
#4952=IFCCARTESIANPOINT((54.57085611746974,20.16576060554604,399.6193976625565));
#4954=IFCCARTESIANPOINT((63.29825019025934,393.9660358513871,399.6193976625565));
#4953=IFCCARTESIANPOINT((54.57085611746974,379.1639702347688,399.6193976625565));
#4956=IFCCARTESIANPOINT((72.20665240122314,396.2512688142297,399.6193976625565));
#4955=IFCCARTESIANPOINT((67.49477433941387,395.6502317049667,399.6193976625565));
#4957=IFCCARTESIANPOINT((508.576633620723,68.76089527070484,547.851323856461));
#4959=IFCCARTESIANPOINT((508.576633620723,46.58989859417844,535.0296007929489));
#4958=IFCCARTESIANPOINT((508.576633620723,56.83279270788682,542.9023233177335));
#4960=IFCCARTESIANPOINT((508.576633620723,38.73025029205037,524.7696680188399));
#4961=IFCCARTESIANPOINT((483.9440220693678,396.2512688142297,399.6193976625565));
#4962=IFCCARTESIANPOINT((488.6559002406638,395.6502316910008,399.6193976625565));
#4963=IFCCARTESIANPOINT((492.8524251652654,393.9660358513871,399.6193976625565));
#4964=IFCCARTESIANPOINT((508.576633620723,33.78946855371434,512.8217235161818));
#4965=IFCCARTESIANPOINT((508.576633620723,32.10032471540539,499.9700643336053));
#4967=IFCCARTESIANPOINT((499.221230110302,387.7953093421613,399.6193976625565));
#4966=IFCCARTESIANPOINT((496.4560622841242,391.2868684793747,399.6193976625565));
#4970=IFCCARTESIANPOINT((505.2307893262563,35.34210842988932,333.7038986679506));
#4969=IFCCARTESIANPOINT((506.8419180007926,33.78108833656409,332.1402818777394));
#4968=IFCCARTESIANPOINT((507.0040923419654,33.64103966106921,332.0000010648557));
#4971=IFCCARTESIANPOINT((505.2307893262563,427.2823331982064,333.7038986679506));
#4973=IFCCARTESIANPOINT((507.0040911454532,428.983400837567,332.0000013679976));
#4972=IFCCARTESIANPOINT((506.8419180007926,428.8433532915317,332.1402818777394));
#4974=IFCCARTESIANPOINT((505.2307893262563,427.2823331982064,499.7572332071571));
#4975=IFCCARTESIANPOINT((505.2307893262563,425.6766313096163,511.9740404638764));
#4976=IFCCARTESIANPOINT((505.2307893262563,421.0624996948778,523.1320699783361));
#4977=IFCCARTESIANPOINT((505.2307893262563,413.7224757997301,532.7136873743078));
#4978=IFCCARTESIANPOINT((505.2307893262563,404.1567705355498,540.0659202942961));
#4981=IFCCARTESIANPOINT((505.2307893262563,69.60717069951761,544.6877274313263));
#4979=IFCCARTESIANPOINT((505.2307893262563,393.0172709123941,544.6877274380411));
#4980=IFCCARTESIANPOINT((505.2307893262563,81.80368952470543,546.2961012235689));
#4983=IFCCARTESIANPOINT((505.2307893262563,58.46767109254591,540.0659202942961));
#4982=IFCCARTESIANPOINT((505.2307893262563,380.8207530158733,546.2961012235689));
#4984=IFCCARTESIANPOINT((505.2307893262563,48.90196591283625,532.7136874392322));
#4985=IFCCARTESIANPOINT((505.2307893262563,41.56194290373936,523.1320700768678));
#4986=IFCCARTESIANPOINT((505.2307893262563,36.94781119733622,511.9740403407422));
#4987=IFCCARTESIANPOINT((500.9594881362656,383.7293019770304,399.6193976625565));
#4988=IFCCARTESIANPOINT((505.2307893262563,35.34210842988932,499.7572330755856));
#4989=IFCCARTESIANPOINT((501.5798183531213,379.163970508421,399.6193976625565));
#4991=IFCCARTESIANPOINT((500.9594881362656,15.60042804190045,399.6193976625565));
#4992=IFCCARTESIANPOINT((499.221230110302,11.53442146181587,399.6193976625565));
#4990=IFCCARTESIANPOINT((501.5798183531213,20.16576033189395,399.6193976625565));
#4993=IFCCARTESIANPOINT((504.760189047262,37.63439412689328,335.9999974940467));
#4995=IFCCARTESIANPOINT((496.4560621447551,8.042861363575581,399.6193976625565));
#4994=IFCCARTESIANPOINT((504.760189047262,424.9900475012025,335.9999974940467));
#4996=IFCCARTESIANPOINT((492.8524253767774,5.36369425243005,399.6193976625565));
#4997=IFCCARTESIANPOINT((488.6559002406638,3.679499112976223,399.6193976625565));
#4998=IFCCARTESIANPOINT((483.9440217869316,3.078461132336307,399.6193976625565));
#4999=IFCCARTESIANPOINT((72.20665268365937,3.078461132336307,399.6193976625565));
#5000=IFCCARTESIANPOINT((67.49477433941382,3.679499099010318,399.6193976625565));
#5001=IFCCARTESIANPOINT((63.29824997874729,5.363694252430048,399.6193976625565));
#5003=IFCCARTESIANPOINT((55.19118721925899,15.60042804190041,399.6193976625565));
#5017=IFCCARTESIANPOINT((497.4990764049452,386.8319470012862,400.0000003278021));
#5018=IFCCARTESIANPOINT((499.0386752131824,383.2306288999826,400.0000003278021));
#5020=IFCCARTESIANPOINT((499.6082589972322,20.29096409507115,400.0000003278021));
#5015=IFCCARTESIANPOINT((491.858139187552,392.2974434522921,400.0000003278021));
#5016=IFCCARTESIANPOINT((495.0499296281735,389.9244684482157,400.0000003278021));
#5014=IFCCARTESIANPOINT((488.141219931758,393.789158635512,400.0000003278021));
#5013=IFCCARTESIANPOINT((483.8147993036419,394.3410276171936,400.0000003278021));
#5011=IFCCARTESIANPOINT((68.00945471619212,393.7891586581355,400.0000003278021));
#5012=IFCCARTESIANPOINT((72.33587516694901,394.3410276171936,400.0000003278021));
#5010=IFCCARTESIANPOINT((64.29253612167265,392.2974434522921,400.0000003278021));
#5009=IFCCARTESIANPOINT((61.10074466918086,389.9244682294711,400.0000003278021));
#5008=IFCCARTESIANPOINT((58.65159832855601,386.8319473332613,400.0000003278021));
#5007=IFCCARTESIANPOINT((56.54241547335872,379.038766279617,400.0000003278021));
#5006=IFCCARTESIANPOINT((57.11200009604212,383.2306288999825,400.0000003278021));
#5004=IFCCARTESIANPOINT((56.92944452258777,11.53442125688214,399.6193976625565));
#5005=IFCCARTESIANPOINT((56.54241547335872,20.29096453836427,400.0000003278021));
#5002=IFCCARTESIANPOINT((59.69461221889412,8.042861498610222,399.6193976625565));
#5021=IFCCARTESIANPOINT((497.4990764049452,12.49778375783091,400.0000003278021));
#5019=IFCCARTESIANPOINT((499.6082589972322,379.0387667229102,400.0000003278021));
#5022=IFCCARTESIANPOINT((495.0499294024073,9.405261330501622,400.0000003278021));
#5023=IFCCARTESIANPOINT((499.0386752131824,16.09910116380836,400.0000003278021));
#5025=IFCCARTESIANPOINT((483.8147988461192,4.988702329372431,400.0000003278021));
#5024=IFCCARTESIANPOINT((488.141219931758,5.540572123605038,400.0000003278021));
#5026=IFCCARTESIANPOINT((491.8581395301835,7.032286749007324,400.0000003278021));
#5029=IFCCARTESIANPOINT((64.29253577904112,7.032286749007322,400.0000003278021));
#5027=IFCCARTESIANPOINT((72.33587562447171,4.988702329372431,400.0000003278021));
#5028=IFCCARTESIANPOINT((68.00945471619208,5.54057210098146,400.0000003278021));
#5031=IFCCARTESIANPOINT((57.11200009604212,16.09910116380831,400.0000003278021));
#5030=IFCCARTESIANPOINT((61.10074489494713,9.405261549246262,400.0000003278021));
#5032=IFCCARTESIANPOINT((58.65159832855601,12.49778342585569,400.0000003278021));
#5034=IFCCARTESIANPOINT((51.39048616618192,402.4428212162975,358.423813517142));
#5033=IFCCARTESIANPOINT((51.39048616618192,460.0997337678625,572.5634928502536));
#5035=IFCCARTESIANPOINT((51.39048576482984,373.5258433547344,366.2356079566387));
#5036=IFCCARTESIANPOINT((51.39048576482984,431.1827558672875,580.3752871448586));
#5037=IFCCARTESIANPOINT((81.56978423054527,478.4817318766811,640.8348415285908));
#5039=IFCCARTESIANPOINT((65.19503666643256,444.1807913333699,628.6504205762233));
#5040=IFCCARTESIANPOINT((81.56978392458076,449.5647540973047,648.6466362733314));
#5038=IFCCARTESIANPOINT((65.19503680966184,473.0977692823665,620.8386264614571));
#5041=IFCCARTESIANPOINT((54.90144025683998,466.8280120480076,597.5525408171502));
#5042=IFCCARTESIANPOINT((54.90144029387478,437.9110340608958,605.3643347903543));
#5044=IFCCARTESIANPOINT((102.9097705433066,482.612991677568,656.1784770070341));
#5043=IFCCARTESIANPOINT((127.7607109467261,485.2100101568263,665.8238894954874));
#5045=IFCCARTESIANPOINT((102.9097709096518,453.6960138571344,663.9902715992868));
#5046=IFCCARTESIANPOINT((127.7607105045248,456.293032290913,673.6356839188273));
#5048=IFCCARTESIANPOINT((154.4290550948522,457.1788267994525,676.9255540075878));
#5047=IFCCARTESIANPOINT((154.4290549204314,486.0958047968704,669.1137600726606));
#5051=IFCCARTESIANPOINT((428.3899639043356,485.2100101568263,665.8238894954874));
#5050=IFCCARTESIANPOINT((401.7216203353602,457.1788267994525,676.9255540075878));
#5049=IFCCARTESIANPOINT((401.7216199306303,486.0958047968704,669.1137600726606));
#5053=IFCCARTESIANPOINT((474.5808906205165,478.4817318766811,640.8348415285908));
#5052=IFCCARTESIANPOINT((453.240904307755,482.612991677568,656.1784770070341));
#5054=IFCCARTESIANPOINT((490.9556380413999,473.0977692823665,620.8386264614571));
#5055=IFCCARTESIANPOINT((501.2492345942218,466.8280120480076,597.5525408171502));
#5057=IFCCARTESIANPOINT((504.7601886848798,402.4428212162975,358.423813517142));
#5056=IFCCARTESIANPOINT((504.7601886848798,460.0997337678625,572.5634928502536));
#5058=IFCCARTESIANPOINT((504.0579978667481,401.0971655602684,353.4260039237627));
#5059=IFCCARTESIANPOINT((501.9992785561838,399.8432141133967,348.7687867949013));
#5060=IFCCARTESIANPOINT((498.7243290720071,398.7664215945337,344.7695437814746));
#5061=IFCCARTESIANPOINT((494.4563318094548,397.9401696343564,341.7008166857859));
#5062=IFCCARTESIANPOINT((489.4861437287709,397.4207659385047,339.7717341880952));
#5063=IFCCARTESIANPOINT((484.1524749340298,397.2436070104959,339.1137600726606));
#5064=IFCCARTESIANPOINT((71.99819991703183,397.2436070104959,339.1137600726606));
#5065=IFCCARTESIANPOINT((66.66453112229075,397.4207659385047,339.7717341880952));
#5066=IFCCARTESIANPOINT((61.69434304160686,397.9401696343564,341.7008166857859));
#5067=IFCCARTESIANPOINT((57.42634577905459,398.7664215945337,344.7695437814745));
#5068=IFCCARTESIANPOINT((428.3899639660661,456.293032290913,673.6356839188273));
#5069=IFCCARTESIANPOINT((54.15139629487791,399.8432141133967,348.7687867949012));
#5070=IFCCARTESIANPOINT((52.09267698431353,401.0971655602684,353.4260039237627));
#5071=IFCCARTESIANPOINT((474.5808905460102,449.5647540973047,648.6466362733314));
#5072=IFCCARTESIANPOINT((453.2409045205607,453.6960138571344,663.9902715992868));
#5073=IFCCARTESIANPOINT((490.9556378041584,444.1807913333699,628.6504205762233));
#5074=IFCCARTESIANPOINT((504.7601887057611,431.1827558672875,580.3752871448586));
#5075=IFCCARTESIANPOINT((504.7601887057611,373.5258433547344,366.2356079566387));
#5076=IFCCARTESIANPOINT((501.2492341767161,437.9110340608958,605.3643347903543));
#5077=IFCCARTESIANPOINT((504.0579981838007,372.1801876191699,361.2377980678618));
#5078=IFCCARTESIANPOINT((501.999278141592,370.9262363099394,356.5805814502047));
#5079=IFCCARTESIANPOINT((498.7243290738109,369.8494436118881,352.5813377712664));
#5080=IFCCARTESIANPOINT((494.4563320606453,369.0231917567651,349.5126110657531));
#5081=IFCCARTESIANPOINT((484.152474455908,368.3266290230371,346.9255540445762));
#5082=IFCCARTESIANPOINT((71.99820001468289,368.3266290230371,346.9255540445762));
#5083=IFCCARTESIANPOINT((489.4861435658978,368.5037881184308,347.5835287816839));
#5084=IFCCARTESIANPOINT((66.66453090469312,368.5037881184308,347.5835287816839));
#5085=IFCCARTESIANPOINT((61.69434336956709,369.0231917567651,349.5126110657531));
#5086=IFCCARTESIANPOINT((54.15139632899896,370.9262363099394,356.5805814502047));
#5088=IFCCARTESIANPOINT((57.42634539678003,369.8494436118881,352.5813377712664));
#5087=IFCCARTESIANPOINT((52.0926772464117,372.1801876191699,361.2377980678618));
#5089=IFCCARTESIANPOINT((65.34837727102409,442.9110779494977,628.9044376454432));
#5090=IFCCARTESIANPOINT((81.69498600334842,448.2857888591669,648.8662916499461));
#5091=IFCCARTESIANPOINT((55.07246951311551,436.652094688003,605.6583668925372));
#5092=IFCCARTESIANPOINT((51.56603344815552,372.2813688253739,366.5833629659024));
#5093=IFCCARTESIANPOINT((51.56603344815552,429.9324755308819,580.7014791948189));
#5095=IFCCARTESIANPOINT((127.806537644478,455.0025051139341,673.8123978723523));
#5094=IFCCARTESIANPOINT((102.9983021470588,452.4099494220112,664.1835603236009));
#5096=IFCCARTESIANPOINT((154.4405610959408,455.8871596388413,677.0980340242152));
#5098=IFCCARTESIANPOINT((428.3441368269374,455.0025051139341,673.8123978723523));
#5099=IFCCARTESIANPOINT((490.8022971995669,442.9110779494977,628.9044376454432));
#5097=IFCCARTESIANPOINT((401.710114333861,455.8871596388413,677.0980340242152));
#5100=IFCCARTESIANPOINT((501.0782049574755,436.652094688003,605.6583668925372));
#5102=IFCCARTESIANPOINT((474.4556884660619,448.2857888595551,648.8662916513878));
#5101=IFCCARTESIANPOINT((453.1523732823291,452.4099494220112,664.1835603236009));
#5103=IFCCARTESIANPOINT((504.5846410224354,429.9324755308819,580.7014791948189));
#5104=IFCCARTESIANPOINT((504.5846410224354,372.2813688214407,366.5833629512944));
#5106=IFCCARTESIANPOINT((501.8459375422328,369.7011948264468,357.0005114342713));
#5105=IFCCARTESIANPOINT((503.8869689638383,370.944372126337,361.6177130250537));
#5107=IFCCARTESIANPOINT((498.5991269871333,368.6336539806724,353.0356294405524));
#5108=IFCCARTESIANPOINT((494.3678008295614,367.8145013250966,349.9932693968543));
#5109=IFCCARTESIANPOINT((489.4403164212008,367.2995604265285,348.0807618758133));
#5110=IFCCARTESIANPOINT((484.1409684427581,367.1235413157293,347.4270210791773));
#5111=IFCCARTESIANPOINT((72.00970602783278,367.1235413157293,347.4270210791773));
#5113=IFCCARTESIANPOINT((61.78287459652848,367.8145013250966,349.9932693968543));
#5112=IFCCARTESIANPOINT((66.71035805543355,367.2995604263278,348.0807618750678));
#5114=IFCCARTESIANPOINT((52.26370646225144,370.944372126337,361.6177130250537));
#5116=IFCCARTESIANPOINT((54.30473693731654,369.7011948235013,357.0005114233317));
#5115=IFCCARTESIANPOINT((57.55154747755467,368.6336539826133,353.0356294477609));
#5117=IFCCARTESIANPOINT((52.89945039358765,427.7499047073564,581.2032410295255));
#5118=IFCCARTESIANPOINT((56.37156531877483,434.4037519570368,605.9158496886132));
#5119=IFCCARTESIANPOINT((52.89945039358765,370.1428974815859,367.2489117262668));
#5120=IFCCARTESIANPOINT((66.51311471849937,440.5808984859793,628.8579761113274));
#5121=IFCCARTESIANPOINT((82.64599014234258,445.8853345904174,648.5588271659426));
#5122=IFCCARTESIANPOINT((103.6707636112219,449.9555714022898,663.6758212457885));
#5123=IFCCARTESIANPOINT((154.5279578450793,453.3902246968956,676.4322371303456));
#5124=IFCCARTESIANPOINT((401.6227175816047,453.3902246968956,676.4322371303456));
#5125=IFCCARTESIANPOINT((128.1546293071947,452.5142292067504,673.1787609198534));
#5126=IFCCARTESIANPOINT((427.9960451704835,452.5142292067504,673.1787609198534));
#5127=IFCCARTESIANPOINT((452.4799118119032,449.9555714022898,663.6758212457885));
#5128=IFCCARTESIANPOINT((473.5046843181004,445.885334593754,648.5588271783349));
#5129=IFCCARTESIANPOINT((489.6375597520915,440.5808984859793,628.8579761113274));
#5130=IFCCARTESIANPOINT((499.7791091518161,434.4037519570368,605.9158496886132));
#5131=IFCCARTESIANPOINT((503.2512240770033,427.7499047073564,581.2032410295255));
#5132=IFCCARTESIANPOINT((503.2512240770033,370.1428974477771,367.2489116006998));
#5133=IFCCARTESIANPOINT((500.6812001345016,367.7103321105089,358.2142835183588));
#5134=IFCCARTESIANPOINT((497.6481227880576,366.7130660548605,354.5104044184264));
#5135=IFCCARTESIANPOINT((502.5878731526981,368.871672690298,362.5275408251933));
#5136=IFCCARTESIANPOINT((493.6953394134267,365.9478371697152,351.6683190408077));
#5137=IFCCARTESIANPOINT((489.0922247224513,365.4667941427376,349.881709335505));
#5138=IFCCARTESIANPOINT((504.760189047262,424.9900475012025,499.6067389647239));
#5140=IFCCARTESIANPOINT((62.45533598134914,365.9478371697152,351.6683190408077));
#5139=IFCCARTESIANPOINT((67.05844980008688,365.4667941410121,349.8817093290967));
#5141=IFCCARTESIANPOINT((72.09710286858572,365.2994340740095,349.2601285073857));
#5142=IFCCARTESIANPOINT((484.0535716020052,365.2994340740095,349.2601285073857));
#5144=IFCCARTESIANPOINT((55.46947441309396,367.7103320851901,358.2142834243237));
#5143=IFCCARTESIANPOINT((58.50255163179357,366.7130660715436,354.5104044803879));
#5145=IFCCARTESIANPOINT((504.760189047262,423.4433472881697,511.3746384240314));
#5147=IFCCARTESIANPOINT((504.760189047262,412.0875984784465,531.0760904047806));
#5148=IFCCARTESIANPOINT((504.760189047262,403.0007377253557,538.0602818389864));
#5146=IFCCARTESIANPOINT((504.760189047262,419.0601920266628,521.9741140909438));
#5149=IFCCARTESIANPOINT((53.56280224207774,368.871672690298,362.5275408251933));
#5150=IFCCARTESIANPOINT((504.760189047262,392.4188642126965,542.4507284703009));
#5152=IFCCARTESIANPOINT((58.6216654135878,433.0042629715812,605.6878758832183));
#5151=IFCCARTESIANPOINT((55.20899645037415,426.4643360151817,581.3983709595394));
#5153=IFCCARTESIANPOINT((504.760189047262,70.20557738918254,542.4507284594235));
#5154=IFCCARTESIANPOINT((504.760189047262,59.62370390273998,538.0602818389864));
#5156=IFCCARTESIANPOINT((84.29317774313108,444.2223806748947,647.3523359002235));
#5155=IFCCARTESIANPOINT((68.53049929443236,439.0396641120212,628.1035552469833));
#5157=IFCCARTESIANPOINT((55.20899645037415,368.9337113341643,367.7277289526726));
#5158=IFCCARTESIANPOINT((104.8355011137833,448.1992188038942,662.1224441841526));
#5159=IFCCARTESIANPOINT((504.760189047262,81.9539339229238,544.0000023974729));
#5160=IFCCARTESIANPOINT((128.7575417943803,450.6991637409432,671.4073223276247));
#5162=IFCCARTESIANPOINT((427.3931326941454,450.6991637409432,671.4073223276247));
#5163=IFCCARTESIANPOINT((154.6793334654287,451.5601613418984,674.6050958818405));
#5161=IFCCARTESIANPOINT((401.4713419558548,451.5601613418984,674.6050958818405));
#5165=IFCCARTESIANPOINT((471.85749670178,444.2223806833381,647.3523359315827));
#5166=IFCCARTESIANPOINT((497.5290090570031,433.0042629715812,605.6878758832183));
#5164=IFCCARTESIANPOINT((451.3151742984943,448.1992188038942,662.1224441841526));
#5167=IFCCARTESIANPOINT((500.9416780202167,426.4643360151817,581.3983709595394));
#5168=IFCCARTESIANPOINT((504.760189047262,380.6705086069347,544.0000023974729));
#5169=IFCCARTESIANPOINT((487.6201751761586,439.0396641120212,628.1035552469833));
#5170=IFCCARTESIANPOINT((500.9416780202167,368.9337112486095,367.7277286349191));
#5171=IFCCARTESIANPOINT((498.6638156274073,366.7568116238384,359.6426514610083));
#5174=IFCCARTESIANPOINT((500.337773048392,367.7764068366911,363.4294617889906));
#5173=IFCCARTESIANPOINT((492.5306019940534,365.2094349150228,353.8956432087548));
#5172=IFCCARTESIANPOINT((496.0009350832047,365.8812650835916,356.3908426652808));
#5176=IFCCARTESIANPOINT((483.9021958229748,364.6347425610878,351.7612168071194));
#5175=IFCCARTESIANPOINT((488.4893121728552,364.7871047279662,352.3270949319437));
#5177=IFCCARTESIANPOINT((72.24847864761608,364.6347425610878,351.7612168071194));
#5178=IFCCARTESIANPOINT((67.6613624291909,364.7871047235999,352.3270949157271));
#5180=IFCCARTESIANPOINT((60.14973925898667,365.881265125809,356.3908428220774));
#5179=IFCCARTESIANPOINT((63.62007334648527,365.2094349150228,353.8956432087548));
#5181=IFCCARTESIANPOINT((57.48685903804769,366.7568115597678,359.6426512230477));
#5183=IFCCARTESIANPOINT((56.54241126438625,368.7915409860325,367.8539856418691));
#5182=IFCCARTESIANPOINT((55.81290229214662,367.7764068366911,363.4294617889906));
#5184=IFCCARTESIANPOINT((56.54241126438625,426.2780662578165,581.3608409849325));
#5186=IFCCARTESIANPOINT((105.5079615030389,447.7411422848017,661.0754149106577));
#5187=IFCCARTESIANPOINT((69.69523488011301,438.7057859506043,627.517802779848));
#5185=IFCCARTESIANPOINT((85.24418036197632,443.8182278205786,646.505580900405));
#5188=IFCCARTESIANPOINT((59.92075914268505,432.7522214119033,605.4060672604298));
#5190=IFCCARTESIANPOINT((129.1056329006839,450.2071893885731,670.2343953806866));
#5189=IFCCARTESIANPOINT((154.7667300748416,451.0595279686067,673.4000090449356));
#5191=IFCCARTESIANPOINT((401.383945343324,451.0595279686067,673.4000090449356));
#5192=IFCCARTESIANPOINT((427.0450415941045,450.2071893885731,670.2343953806866));
#5193=IFCCARTESIANPOINT((450.642713902976,447.7411422848017,661.0754149106577));
#5194=IFCCARTESIANPOINT((470.9064940739673,443.8182278319705,646.5055809427149));
#5195=IFCCARTESIANPOINT((486.4554395904779,438.7057859506043,627.517802779848));
#5197=IFCCARTESIANPOINT((499.6082632062047,426.2780662578165,581.3608409849325));
#5198=IFCCARTESIANPOINT((499.6082632062047,368.7915408706021,367.8539852131568));
#5196=IFCCARTESIANPOINT((496.2299153279059,432.7522214119033,605.4060672604298));
#5199=IFCCARTESIANPOINT((499.0386793138138,367.7000082911803,363.7999971275134));
#5200=IFCCARTESIANPOINT((497.4990800814707,366.7622496676155,360.317130597634));
#5202=IFCCARTESIANPOINT((72.33587534864337,364.8069358125304,353.0550302978818));
#5201=IFCCARTESIANPOINT((495.049932404278,365.9569778051626,357.3263242784885));
#5217=IFCCARTESIANPOINT((71.99819991703183,397.2436070104959,339.1137600726606));
#5220=IFCCARTESIANPOINT((494.4563318094548,397.9401696343564,341.7008166857859));
#5216=IFCCARTESIANPOINT((66.66453112229075,397.4207659385047,339.7717341880952));
#5215=IFCCARTESIANPOINT((488.1412210305189,364.9506389511782,353.5887485055931));
#5214=IFCCARTESIANPOINT((61.69434304160686,397.9401696343564,341.7008166857859));
#5213=IFCCARTESIANPOINT((57.42634577905459,398.7664215945337,344.7695437814745));
#5212=IFCCARTESIANPOINT((54.15139629487791,399.8432141133967,348.7687867949012));
#5211=IFCCARTESIANPOINT((52.09267698431353,401.0971655602684,353.4260039237627));
#5210=IFCCARTESIANPOINT((51.39048616618192,402.4428212162975,358.423813517142));
#5209=IFCCARTESIANPOINT((61.10074189307661,365.9569778621222,357.3263244900382));
#5208=IFCCARTESIANPOINT((57.11199599541089,367.7000082911803,363.7999971275134));
#5207=IFCCARTESIANPOINT((58.65159465203043,366.7622495811715,360.3171302765782));
#5205=IFCCARTESIANPOINT((483.8147991219476,364.8069358125304,353.0550302978818));
#5206=IFCCARTESIANPOINT((64.29253365639845,365.339071320829,355.0313991679095));
#5204=IFCCARTESIANPOINT((491.8581416528262,365.339071320829,355.0313991679095));
#5203=IFCCARTESIANPOINT((68.00945361743099,364.9506389452872,353.5887484837137));
#5221=IFCCARTESIANPOINT((498.7243290720071,398.7664215945337,344.7695437814746));
#5218=IFCCARTESIANPOINT((484.1524749340298,397.2436070104959,339.1137600726606));
#5219=IFCCARTESIANPOINT((489.4861437287709,397.4207659385047,339.7717341880952));
#5223=IFCCARTESIANPOINT((504.0579978667481,401.0971655602684,353.4260039237627));
#5222=IFCCARTESIANPOINT((501.9992785561838,399.8432141133967,348.7687867949013));
#5224=IFCCARTESIANPOINT((504.7601886848798,402.4428212162975,358.423813517142));
#5225=IFCCARTESIANPOINT((504.7601886848798,460.0997337678625,572.5634928502536));
#5226=IFCCARTESIANPOINT((501.2492345942218,466.8280120480076,597.5525408171502));
#5227=IFCCARTESIANPOINT((490.9556380413999,473.0977692823665,620.8386264614571));
#5228=IFCCARTESIANPOINT((474.5808906205165,478.4817318766811,640.8348415285908));
#5231=IFCCARTESIANPOINT((401.7216199306303,486.0958047968704,669.1137600726606));
#5229=IFCCARTESIANPOINT((453.240904307755,482.612991677568,656.1784770070341));
#5230=IFCCARTESIANPOINT((428.3899639043356,485.2100101568263,665.8238894954874));
#5232=IFCCARTESIANPOINT((154.4290549204314,486.0958047968704,669.1137600726606));
#5234=IFCCARTESIANPOINT((102.9097705433066,482.612991677568,656.1784770070341));
#5233=IFCCARTESIANPOINT((127.7607109467261,485.2100101568263,665.8238894954874));
#5235=IFCCARTESIANPOINT((81.56978423054527,478.4817318766811,640.8348415285908));
#5236=IFCCARTESIANPOINT((65.19503680966184,473.0977692823665,620.8386264614571));
#5238=IFCCARTESIANPOINT((51.39048616618192,460.0997337678625,572.5634928502536));
#5237=IFCCARTESIANPOINT((54.90144025683998,466.8280120480076,597.5525408171502));
#5240=IFCCARTESIANPOINT((52.0926772464117,430.0141433915696,345.6142093718723));
#5239=IFCCARTESIANPOINT((51.39048576482984,431.3597991271342,350.6120192606493));
#5241=IFCCARTESIANPOINT((54.15139632899896,428.7601920823391,340.9569927542152));
#5243=IFCCARTESIANPOINT((61.69434336956709,426.8571475291648,333.8890223697637));
#5244=IFCCARTESIANPOINT((66.66453090469312,426.3377438908305,331.9599400856944));
#5242=IFCCARTESIANPOINT((57.42634539678003,427.6833993842878,336.9577490752769));
#5245=IFCCARTESIANPOINT((71.99820001468289,426.1605847954368,331.3019653485867));
#5246=IFCCARTESIANPOINT((484.152474455908,426.1605847954368,331.3019653485867));
#5247=IFCCARTESIANPOINT((489.4861435658978,426.3377438908305,331.9599400856944));
#5248=IFCCARTESIANPOINT((494.4563320606453,426.8571475291648,333.8890223697637));
#5250=IFCCARTESIANPOINT((501.999278141592,428.7601920823391,340.9569927542152));
#5251=IFCCARTESIANPOINT((504.0579981838007,430.0141433915696,345.6142093718723));
#5249=IFCCARTESIANPOINT((498.7243290738109,427.6833993842878,336.9577490752769));
#5252=IFCCARTESIANPOINT((504.7601887057611,431.3597991271342,350.6120192606493));
#5253=IFCCARTESIANPOINT((504.7601887057611,489.0167116396872,564.7516984488692));
#5254=IFCCARTESIANPOINT((501.2492341767161,495.7449898332954,589.7407460943649));
#5255=IFCCARTESIANPOINT((490.9556378041584,502.0147471057696,613.0268318802338));
#5256=IFCCARTESIANPOINT((428.3899639660661,514.1269880633128,658.0120952228378));
#5257=IFCCARTESIANPOINT((401.7216203353602,515.0127825718522,661.3019653115983));
#5258=IFCCARTESIANPOINT((453.2409045205607,511.5299696295341,648.3666829032974));
#5259=IFCCARTESIANPOINT((474.5808905460102,507.3987098697045,633.0230475773419));
#5261=IFCCARTESIANPOINT((127.7607105045248,514.1269880633128,658.0120952228378));
#5260=IFCCARTESIANPOINT((154.4290550948522,515.0127825718522,661.3019653115983));
#5262=IFCCARTESIANPOINT((102.9097709096518,511.5299696295341,648.3666829032974));
#5264=IFCCARTESIANPOINT((54.90144029387478,495.7449898332954,589.7407460943649));
#5263=IFCCARTESIANPOINT((81.56978392458076,507.3987098697045,633.0230475773419));
#5265=IFCCARTESIANPOINT((51.39048576482984,489.0167116396872,564.7516984488692));
#5267=IFCCARTESIANPOINT((54.30473693731654,430.02990546382,340.7029756761137));
#5266=IFCCARTESIANPOINT((52.26370646225144,431.2730827666556,345.3201772778359));
#5268=IFCCARTESIANPOINT((65.19503666643256,502.0147471057696,613.0268318802338));
#5269=IFCCARTESIANPOINT((51.56603344815552,432.6100794656926,350.2858272186845));
#5270=IFCCARTESIANPOINT((57.55154747755467,428.9623646229319,336.7380937005429));
#5271=IFCCARTESIANPOINT((61.78287459652848,428.1432119654153,333.6957336496363));
#5273=IFCCARTESIANPOINT((72.00970602783278,427.452251956048,331.1294853319594));
#5272=IFCCARTESIANPOINT((66.71035805543355,427.6282710666464,331.78322612785));
#5274=IFCCARTESIANPOINT((484.1409684427581,427.452251956048,331.1294853319594));
#5275=IFCCARTESIANPOINT((489.4403164212008,427.6282710668472,331.7832261285955));
#5276=IFCCARTESIANPOINT((494.3678008295614,428.1432119654153,333.6957336496364));
#5277=IFCCARTESIANPOINT((498.5991269871333,428.9623646209911,336.7380936933346));
#5278=IFCCARTESIANPOINT((554.0355694049191,33.64103966106921,332.0000010648557));
#5279=IFCCARTESIANPOINT((501.8459375422328,430.0299054667655,340.7029756870535));
#5280=IFCCARTESIANPOINT((503.8869689638383,431.2730827666556,345.3201772778359));
#5282=IFCCARTESIANPOINT((556.2794726996224,37.63439412689328,499.6067387515894));
#5281=IFCCARTESIANPOINT((556.2794726996224,37.63439412689328,335.9999974940467));
#5283=IFCCARTESIANPOINT((556.2794726996224,39.1810951872174,511.3746382245646));
#5285=IFCCARTESIANPOINT((504.5846410224354,432.6100794617594,350.2858272040765));
#5284=IFCCARTESIANPOINT((556.2794726996224,43.56425059721296,521.9741142505568));
#5287=IFCCARTESIANPOINT((556.2794726996224,59.62370390273998,538.0602818389864));
#5286=IFCCARTESIANPOINT((556.2794726996224,50.53684328648455,531.0760905099528));
#5288=IFCCARTESIANPOINT((504.5846410224354,490.2611861712005,564.403943447601));
#5289=IFCCARTESIANPOINT((501.0782049574755,496.9808053283217,589.3608311453193));
#5290=IFCCARTESIANPOINT((490.8022971995669,503.2397885898164,612.6069018982251));
#5291=IFCCARTESIANPOINT((474.4556884660619,508.6144994998738,632.5687559041698));
#5292=IFCCARTESIANPOINT((453.1523732823291,512.7386600623299,647.886024576383));
#5293=IFCCARTESIANPOINT((556.2794726996224,70.20557738918254,542.4507284594235));
#5294=IFCCARTESIANPOINT((556.2794726996224,81.9539339229238,544.0000023974729));
#5295=IFCCARTESIANPOINT((428.3441368269374,515.3312157542528,657.5148621251344));
#5297=IFCCARTESIANPOINT((127.806537644478,515.3312157542528,657.5148621251344));
#5296=IFCCARTESIANPOINT((401.710114333861,516.21587027916,660.8004982769972));
#5298=IFCCARTESIANPOINT((102.9983021470588,512.7386600623299,647.886024576383));
#5299=IFCCARTESIANPOINT((154.4405610959408,516.21587027916,660.8004982769972));
#5300=IFCCARTESIANPOINT((81.69498600334842,508.6144994994856,632.5687559027282));
#5301=IFCCARTESIANPOINT((65.34837727102409,503.2397885898164,612.6069018982251));
#5304=IFCCARTESIANPOINT((52.89945039358765,434.7926503055701,349.7840654447101));
#5302=IFCCARTESIANPOINT((51.56603344815552,490.2611861712005,564.403943447601));
#5303=IFCCARTESIANPOINT((55.07246951311551,496.9808053283217,589.3608311453193));
#5305=IFCCARTESIANPOINT((53.56280224207774,433.5214255142822,345.0626945436366));
#5306=IFCCARTESIANPOINT((55.46947441309396,432.3600849091742,340.749437142767));
#5307=IFCCARTESIANPOINT((58.50255163179357,431.3628188955277,337.0455581988312));
#5308=IFCCARTESIANPOINT((62.45533598134914,430.5975899936993,334.2034727592509));
#5310=IFCCARTESIANPOINT((484.0535716020052,429.9491868979936,331.7952822258289));
#5309=IFCCARTESIANPOINT((72.09710286858572,429.9491868979936,331.7952822258289));
#5311=IFCCARTESIANPOINT((67.05844980008688,430.1165469649963,332.41686304754));
#5312=IFCCARTESIANPOINT((493.6953394134267,430.5975899936993,334.2034727592509));
#5313=IFCCARTESIANPOINT((497.6481227880576,431.3628188788446,337.0455581368697));
#5314=IFCCARTESIANPOINT((500.6812001345016,432.3600849344931,340.7494372368021));
#5315=IFCCARTESIANPOINT((502.5878731526981,433.5214255142822,345.0626945436366));
#5318=IFCCARTESIANPOINT((499.7791091518161,499.0535047810209,588.4510034070564));
#5316=IFCCARTESIANPOINT((503.2512240770033,434.7926502717613,349.784065319143));
#5317=IFCCARTESIANPOINT((503.2512240770033,492.3996575313406,563.7383947479689));
#5319=IFCCARTESIANPOINT((489.6375597520915,505.2306513099635,611.3931298297707));
#5321=IFCCARTESIANPOINT((452.4799118119032,514.605324226274,646.2109749642317));
#5320=IFCCARTESIANPOINT((489.0922247224513,430.1165469667217,332.4168630539483));
#5322=IFCCARTESIANPOINT((427.9960451704835,517.1639820307346,655.7139146382966));
#5323=IFCCARTESIANPOINT((473.5046843181004,510.5350874177381,631.0939808967781));
#5324=IFCCARTESIANPOINT((401.6227175816047,518.0399775208798,658.9673908487889));
#5325=IFCCARTESIANPOINT((154.5279578450793,518.0399775208798,658.9673908487889));
#5326=IFCCARTESIANPOINT((128.1546293071947,517.1639820307346,655.7139146382966));
#5328=IFCCARTESIANPOINT((82.64599014234258,510.5350874144015,631.0939808843858));
#5327=IFCCARTESIANPOINT((66.51311471849937,505.2306513099635,611.3931298297707));
#5329=IFCCARTESIANPOINT((56.37156531877483,499.0535047810209,588.4510034070564));
#5330=IFCCARTESIANPOINT((103.6707636112219,514.605324226274,646.2109749642317));
#5331=IFCCARTESIANPOINT((52.89945039358765,492.3996575313406,563.7383947479689));
#5332=IFCCARTESIANPOINT((55.20899645037415,436.0782190260675,349.5889356198875));
#5333=IFCCARTESIANPOINT((55.81290229214662,434.9209145285943,345.2906684562054));
#5334=IFCCARTESIANPOINT((57.48685903804769,433.9013192516709,341.5038578902625));
#5335=IFCCARTESIANPOINT((60.14973925898667,433.0257728177122,338.2520494892923));
#5336=IFCCARTESIANPOINT((63.62007334648527,432.353942606926,335.7568498759696));
#5337=IFCCARTESIANPOINT((67.6613624291909,431.931612415503,334.1883015829419));
#5338=IFCCARTESIANPOINT((72.24847864761608,431.7792502529909,333.6224234743341));
#5339=IFCCARTESIANPOINT((483.9021958229748,431.7792502529909,333.6224234743341));
#5340=IFCCARTESIANPOINT((488.4893121728552,431.9316124198693,334.1883015991585));
#5341=IFCCARTESIANPOINT((492.5306019940534,432.353942606926,335.7568498759696));
#5342=IFCCARTESIANPOINT((496.0009350832047,433.0257727754948,338.2520493324956));
#5343=IFCCARTESIANPOINT((498.6638156274073,433.9013193157416,341.5038581282231));
#5344=IFCCARTESIANPOINT((500.9416780202167,436.0782189405126,349.5889353021339));
#5345=IFCCARTESIANPOINT((500.9416780202167,493.6088437070849,563.2595776267542));
#5346=IFCCARTESIANPOINT((497.5290090570031,500.1487706634844,587.5490825504331));
#5347=IFCCARTESIANPOINT((487.6201751761586,506.1841718039244,609.9647619141981));
#5349=IFCCARTESIANPOINT((500.337773048392,434.9209145285943,345.2906684562054));
#5348=IFCCARTESIANPOINT((471.85749670178,511.3668883752413,629.2135425987975));
#5350=IFCCARTESIANPOINT((451.3151742984943,515.3437264957975,643.9836508513674));
#5351=IFCCARTESIANPOINT((401.4713419558548,518.7046690338016,656.4663025490553));
#5352=IFCCARTESIANPOINT((154.6793334654287,518.7046690338016,656.4663025490553));
#5353=IFCCARTESIANPOINT((128.7575417943803,517.8436714328462,653.2685289948395));
#5354=IFCCARTESIANPOINT((427.3931326941454,517.8436714328462,653.2685289948395));
#5357=IFCCARTESIANPOINT((68.53049929443236,506.1841718039244,609.9647619141981));
#5356=IFCCARTESIANPOINT((84.29317774313108,511.3668883667978,629.2135425674383));
#5355=IFCCARTESIANPOINT((104.8355011137833,515.3437264957975,643.9836508513674));
#5358=IFCCARTESIANPOINT((58.6216654135878,500.1487706634844,587.5490825504331));
#5359=IFCCARTESIANPOINT((55.20899645037415,493.6088437070849,563.2595776267542));
#5360=IFCCARTESIANPOINT((57.11199599541089,435.1729561049325,345.5724771408707));
#5361=IFCCARTESIANPOINT((58.65159465203043,434.2351973949237,342.0896102899354));
#5362=IFCCARTESIANPOINT((56.54241126438625,436.2644887997847,349.6264656552264));
#5363=IFCCARTESIANPOINT((61.10074189307661,433.4299256758744,339.0988045033955));
#5364=IFCCARTESIANPOINT((64.29253365639845,432.8120191345812,336.8038791812668));
#5365=IFCCARTESIANPOINT((68.00945361743099,432.4235867590393,335.361228497071));
#5366=IFCCARTESIANPOINT((72.33587534864337,432.2798836262826,334.8275103112391));
#5369=IFCCARTESIANPOINT((491.8581416528262,432.8120191345812,336.8038791812668));
#5367=IFCCARTESIANPOINT((483.8147991219476,432.2798836262826,334.8275103112391));
#5368=IFCCARTESIANPOINT((488.1412210305189,432.4235867649303,335.3612285189504));
#5370=IFCCARTESIANPOINT((495.049932404278,433.4299256189148,339.0988042918458));
#5371=IFCCARTESIANPOINT((497.4990800814707,434.2351974813677,342.0896106109913));
#5372=IFCCARTESIANPOINT((499.0386793138138,435.1729561049325,345.5724771408708));
#5373=IFCCARTESIANPOINT((499.6082632062047,493.7510140715687,563.1333209982897));
#5374=IFCCARTESIANPOINT((499.6082632062047,436.2644886843543,349.6264652265141));
#5375=IFCCARTESIANPOINT((496.2299153279059,500.2251692256554,587.1785472737871));
#5376=IFCCARTESIANPOINT((486.4554395904779,506.1787337643565,609.2902827932054));
#5377=IFCCARTESIANPOINT((427.0450415941045,517.6801372023252,652.0068753940438));
#5379=IFCCARTESIANPOINT((470.9064940739673,511.2911756457227,628.2780609560721));
#5378=IFCCARTESIANPOINT((401.383945343324,518.5324757823588,655.1724890582929));
#5380=IFCCARTESIANPOINT((450.642713902976,515.2140900985539,642.8478949240149));
#5382=IFCCARTESIANPOINT((105.5079615030389,515.2140900985539,642.8478949240149));
#5381=IFCCARTESIANPOINT((154.7667300748416,518.5324757823588,655.1724890582929));
#5383=IFCCARTESIANPOINT((85.24418036197632,511.2911756343308,628.2780609137621));
#5384=IFCCARTESIANPOINT((129.1056329006839,517.6801372023252,652.0068753940438));
#5385=IFCCARTESIANPOINT((69.69523488011301,506.1787337643565,609.2902827932054));
#5386=IFCCARTESIANPOINT((59.92075914268505,500.2251692256554,587.1785472737871));
#5387=IFCCARTESIANPOINT((56.54241126438625,493.7510140715687,563.1333209982897));
#5388=IFCCARTESIANPOINT((556.2794726996224,380.6705086069347,544.0000023974729));
#5389=IFCCARTESIANPOINT((556.2794726996224,392.4188642126965,542.4507284703009));
#5390=IFCCARTESIANPOINT((52.09267698431353,14.79600651019707,365.0000000000001));
#5391=IFCCARTESIANPOINT((52.0926772464117,14.796006299367,335.0000000000001));
#5392=IFCCARTESIANPOINT((54.15139632899896,9.980398309562338,335.0000000000001));
#5393=IFCCARTESIANPOINT((54.15139629487791,9.980397991802107,365.0000000000001));
#5394=IFCCARTESIANPOINT((556.2794726996224,403.0007377253557,538.0602818389864));
#5395=IFCCARTESIANPOINT((51.39048616618192,19.96379100150713,365.0000000000001));
#5396=IFCCARTESIANPOINT((51.39048576482984,19.96379109612112,335.0000000000001));
#5397=IFCCARTESIANPOINT((57.42634539678003,5.845140838296242,335.0000000000001));
#5399=IFCCARTESIANPOINT((61.69434336956709,2.67204710982993,335.0000000000001));
#5400=IFCCARTESIANPOINT((61.69434304160686,2.67204707677008,365.0000000000001));
#5398=IFCCARTESIANPOINT((57.42634577905459,5.845141208681546,365.0000000000001));
#5401=IFCCARTESIANPOINT((66.66453112229075,0.6773567173714855,365.0000000000001));
#5402=IFCCARTESIANPOINT((71.99819991703183,-0.002995017902893138,365.0000000000001));
#5404=IFCCARTESIANPOINT((489.4861437287709,0.6773567173714889,365.0000000000001));
#5418=IFCCARTESIANPOINT((494.4563318094548,396.6576832756244,365.0000000000001));
#5419=IFCCARTESIANPOINT((489.4861437287709,398.6523736350231,365.0000000000001));
#5421=IFCCARTESIANPOINT((71.99819991703183,399.3327253702975,365.0000000000001));
#5417=IFCCARTESIANPOINT((498.7243290720071,393.484589143713,365.0000000000001));
#5416=IFCCARTESIANPOINT((556.2794726996224,419.0601920266628,521.9741140909438));
#5415=IFCCARTESIANPOINT((556.2794726996224,412.0875984784465,531.0760904047806));
#5413=IFCCARTESIANPOINT((504.0579978667481,384.5337238421975,365.0000000000001));
#5414=IFCCARTESIANPOINT((501.9992785561838,389.3493323605925,365.0000000000001));
#5412=IFCCARTESIANPOINT((504.7601886848798,379.3659393508875,365.0000000000001));
#5411=IFCCARTESIANPOINT((71.99820001468289,-0.002995406772377316,335.0000000000001));
#5409=IFCCARTESIANPOINT((504.0579978667481,14.79600651019706,365.0000000000001));
#5410=IFCCARTESIANPOINT((504.7601886848798,19.96379100150713,365.0000000000001));
#5408=IFCCARTESIANPOINT((66.66453090469312,0.6773569713180494,335.0000000000001));
#5407=IFCCARTESIANPOINT((501.9992785561838,9.980397991802121,365.0000000000001));
#5406=IFCCARTESIANPOINT((498.7243290720071,5.845141208681551,365.0000000000001));
#5405=IFCCARTESIANPOINT((494.4563318094548,2.67204707677008,365.0000000000001));
#5403=IFCCARTESIANPOINT((484.1524749340298,-0.002995017902893138,365.0000000000001));
#5420=IFCCARTESIANPOINT((484.1524749340298,399.3327253702975,365.0000000000001));
#5423=IFCCARTESIANPOINT((61.69434304160686,396.6576832756244,365.0000000000001));
#5422=IFCCARTESIANPOINT((66.66453112229075,398.6523736350231,365.0000000000001));
#5425=IFCCARTESIANPOINT((54.15139629487791,389.3493323605925,365.0000000000001));
#5426=IFCCARTESIANPOINT((52.09267698431353,384.5337238421975,365.0000000000001));
#5424=IFCCARTESIANPOINT((57.42634577905459,393.484589143713,365.0000000000001));
#5427=IFCCARTESIANPOINT((51.39048616618192,379.3659393508875,365.0000000000001));
#5429=IFCCARTESIANPOINT((556.2794726996224,424.9900475012025,499.6067389647239));
#5428=IFCCARTESIANPOINT((556.2794726996224,423.4433472881697,511.3746384240314));
#5430=IFCCARTESIANPOINT((556.2794726996224,424.9900475012025,335.9999974940467));
#5431=IFCCARTESIANPOINT((484.152474455908,-0.002995406772377316,335.0000000000001));
#5432=IFCCARTESIANPOINT((489.4861435658978,0.6773569713180494,335.0000000000001));
#5433=IFCCARTESIANPOINT((494.4563320606453,2.67204710982993,335.0000000000001));
#5434=IFCCARTESIANPOINT((498.7243290738109,5.845140838296242,335.0000000000001));
#5435=IFCCARTESIANPOINT((504.760189047262,50.53684328648455,531.0760905099528));
#5436=IFCCARTESIANPOINT((504.760189047262,43.56425059721296,521.9741142505568));
#5437=IFCCARTESIANPOINT((504.760189047262,39.18109518721741,511.3746382245646));
#5438=IFCCARTESIANPOINT((504.760189047262,37.63439412689328,499.6067387515894));
#5439=IFCCARTESIANPOINT((504.0579981838007,14.796006299367,335.0000000000001));
#5440=IFCCARTESIANPOINT((504.7601887057611,19.96379109612112,335.0000000000001));
#5441=IFCCARTESIANPOINT((504.7601887057611,379.3659397802207,335.0000000000001));
#5442=IFCCARTESIANPOINT((504.0579981838007,384.5337236471989,335.0000000000001));
#5444=IFCCARTESIANPOINT((498.7243290738109,393.4845891082697,335.0000000000001));
#5443=IFCCARTESIANPOINT((501.999278141592,389.3493325667795,335.0000000000001));
#5446=IFCCARTESIANPOINT((489.4861435658978,398.6523739050239,335.0000000000001));
#5445=IFCCARTESIANPOINT((494.4563320606453,396.657682836736,335.0000000000001));
#5447=IFCCARTESIANPOINT((484.152474455908,399.3327253533383,335.0000000000001));
#5448=IFCCARTESIANPOINT((71.99820001468289,399.3327253533383,335.0000000000001));
#5449=IFCCARTESIANPOINT((66.66453090469312,398.6523739050239,335.0000000000001));
#5450=IFCCARTESIANPOINT((61.69434336956709,396.657682836736,335.0000000000001));
#5451=IFCCARTESIANPOINT((501.999278141592,9.980398309562338,335.0000000000001));
#5452=IFCCARTESIANPOINT((57.42634539678003,393.4845891082697,335.0000000000001));
#5453=IFCCARTESIANPOINT((54.15139632899896,389.3493325667795,335.0000000000001));
#5454=IFCCARTESIANPOINT((52.0926772464117,384.5337236471989,335.0000000000001));
#5455=IFCCARTESIANPOINT((51.39048576482984,379.3659397802207,335.0000000000001));
#5457=IFCCARTESIANPOINT((52.47475034774384,14.89519846354981,333.0865828381746));
#5456=IFCCARTESIANPOINT((51.78265295960222,19.98869568492634,333.0865828381746));
#5458=IFCCARTESIANPOINT((54.49395371893025,10.17202279107988,333.0865828381746));
#5459=IFCCARTESIANPOINT((57.70604233078006,6.116138819876489,333.0865828381746));
#5460=IFCCARTESIANPOINT((61.89211893840073,3.003950502259548,333.0865828381746));
#5461=IFCCARTESIANPOINT((66.76690710704334,1.047547083152099,333.0865828381746));
#5464=IFCCARTESIANPOINT((489.3837673770482,1.047547084874215,333.0865828381746));
#5462=IFCCARTESIANPOINT((72.0239040331805,0.3769748585623479,333.0865828381746));
#5463=IFCCARTESIANPOINT((484.1267704374104,0.3769748585623479,333.0865828381746));
#5465=IFCCARTESIANPOINT((494.258556482602,3.003950502259549,333.0865828381746));
#5466=IFCCARTESIANPOINT((498.444632126624,6.116138803225549,333.0865828381746));
#5467=IFCCARTESIANPOINT((501.6567207716736,10.17202281634998,333.0865828381746));
#5468=IFCCARTESIANPOINT((503.675925073259,14.89519846354982,333.0865828381746));
#5470=IFCCARTESIANPOINT((504.3680215109887,379.3410352207168,333.0865828381746));
#5469=IFCCARTESIANPOINT((504.3680215109887,19.98869565118267,333.0865828381746));
#5471=IFCCARTESIANPOINT((503.675925073259,384.4345314919394,333.0865828381746));
#5472=IFCCARTESIANPOINT((498.4446321438095,393.2135911305638,333.0865828381746));
#5474=IFCCARTESIANPOINT((494.2585564565208,396.3257794636968,333.0865828381746));
#5473=IFCCARTESIANPOINT((501.6567207716736,389.1577080510687,333.0865828381746));
#5475=IFCCARTESIANPOINT((484.1267704722372,398.9527550880036,333.0865828381746));
#5478=IFCCARTESIANPOINT((66.76690710704335,398.2821837842666,333.0865828381746));
#5476=IFCCARTESIANPOINT((489.3837673770482,398.2821837825445,333.0865828381746));
#5477=IFCCARTESIANPOINT((72.02390399835366,398.9527550880036,333.0865828381746));
#5480=IFCCARTESIANPOINT((57.70604231359464,393.2135911139127,333.0865828381746));
#5479=IFCCARTESIANPOINT((61.892118964482,396.3257794636968,333.0865828381746));
#5481=IFCCARTESIANPOINT((54.49395371893025,389.1577080763388,333.0865828381746));
#5482=IFCCARTESIANPOINT((52.47475034774384,384.4345314919394,333.0865828381746));
#5483=IFCCARTESIANPOINT((51.78265295960222,379.3410351869731,333.0865828381746));
#5484=IFCCARTESIANPOINT((54.57085611746974,20.16576060554604,330.3806023374436));
#5485=IFCCARTESIANPOINT((55.19118721925899,15.60042804190041,330.3806023374436));
#5486=IFCCARTESIANPOINT((56.92944452258777,11.53442125688214,330.3806023374436));
#5487=IFCCARTESIANPOINT((59.69461221889412,8.042861498610222,330.3806023374436));
#5488=IFCCARTESIANPOINT((63.29824997874729,5.363694252430048,330.3806023374436));
#5489=IFCCARTESIANPOINT((67.49477433941382,3.679499099010318,330.3806023374436));
#5490=IFCCARTESIANPOINT((72.20665268365937,3.078461132336307,330.3806023374436));
#5491=IFCCARTESIANPOINT((483.9440217869316,3.078461132336307,330.3806023374436));
#5492=IFCCARTESIANPOINT((488.6559002406638,3.679499112976223,330.3806023374436));
#5493=IFCCARTESIANPOINT((492.8524253767774,5.36369425243005,330.3806023374436));
#5494=IFCCARTESIANPOINT((496.4560621447551,8.042861363575581,330.3806023374436));
#5496=IFCCARTESIANPOINT((500.9594881362656,15.60042804190045,330.3806023374436));
#5495=IFCCARTESIANPOINT((499.221230110302,11.53442146181587,330.3806023374436));
#5497=IFCCARTESIANPOINT((501.5798183531213,20.16576033189395,330.3806023374436));
#5498=IFCCARTESIANPOINT((501.5798183531213,379.163970508421,330.3806023374436));
#5499=IFCCARTESIANPOINT((500.9594881362656,383.7293019770304,330.3806023374436));
#5500=IFCCARTESIANPOINT((499.221230110302,387.7953093421613,330.3806023374436));
#5501=IFCCARTESIANPOINT((496.4560622841242,391.2868684793747,330.3806023374436));
#5502=IFCCARTESIANPOINT((492.8524251652654,393.9660358513871,330.3806023374436));
#5505=IFCCARTESIANPOINT((72.20665240122314,396.2512688142297,330.3806023374436));
#5503=IFCCARTESIANPOINT((488.6559002406638,395.6502316910008,330.3806023374436));
#5504=IFCCARTESIANPOINT((483.9440220693678,396.2512688142297,330.3806023374436));
#5506=IFCCARTESIANPOINT((67.49477433941387,395.6502317049667,330.3806023374436));
#5507=IFCCARTESIANPOINT((63.29825019025934,393.9660358513871,330.3806023374436));
#5508=IFCCARTESIANPOINT((59.69461207952491,391.28686834434,330.3806023374436));
#5509=IFCCARTESIANPOINT((56.92944452258777,387.795309547095,330.3806023374436));
#5511=IFCCARTESIANPOINT((54.57085611746974,379.1639702347688,330.3806023374436));
#5510=IFCCARTESIANPOINT((55.19118721925899,383.7293019770304,330.3806023374436));
#5512=IFCCARTESIANPOINT((56.54241547335872,20.29096453836427,329.9999996721981));
#5513=IFCCARTESIANPOINT((57.11200009604212,16.09910116380831,329.9999996721981));
#5515=IFCCARTESIANPOINT((61.10074489494713,9.405261549246262,329.9999996721981));
#5514=IFCCARTESIANPOINT((58.65159832855601,12.49778342585569,329.9999996721981));
#5516=IFCCARTESIANPOINT((64.29253577904112,7.032286749007322,329.9999996721981));
#5518=IFCCARTESIANPOINT((72.33587562447171,4.988702329372431,329.9999996721981));
#5517=IFCCARTESIANPOINT((68.00945471619208,5.54057210098146,329.9999996721981));
#5519=IFCCARTESIANPOINT((483.8147988461192,4.988702329372431,329.9999996721981));
#5520=IFCCARTESIANPOINT((488.141219931758,5.540572123605038,329.9999996721981));
#5522=IFCCARTESIANPOINT((495.0499294024073,9.405261330501622,329.9999996721981));
#5521=IFCCARTESIANPOINT((491.8581395301835,7.032286749007324,329.9999996721981));
#5523=IFCCARTESIANPOINT((497.4990764049452,12.49778375783091,329.9999996721981));
#5524=IFCCARTESIANPOINT((499.0386752131824,16.09910116380836,329.9999996721981));
#5525=IFCCARTESIANPOINT((499.6082589972322,20.29096409507115,329.9999996721981));
#5527=IFCCARTESIANPOINT((499.0386752131824,383.2306288999826,329.9999996721981));
#5526=IFCCARTESIANPOINT((499.6082589972322,379.0387667229102,329.9999996721981));
#5528=IFCCARTESIANPOINT((497.4990764049452,386.8319470012862,329.9999996721981));
#5530=IFCCARTESIANPOINT((491.858139187552,392.2974434522921,329.9999996721981));
#5529=IFCCARTESIANPOINT((495.0499296281735,389.9244684482157,329.9999996721981));
#5531=IFCCARTESIANPOINT((488.141219931758,393.789158635512,329.9999996721981));
#5532=IFCCARTESIANPOINT((483.8147993036419,394.3410276171936,329.9999996721981));
#5533=IFCCARTESIANPOINT((72.33587516694901,394.3410276171936,329.9999996721981));
#5534=IFCCARTESIANPOINT((68.00945471619212,393.7891586581355,329.9999996721981));
#5535=IFCCARTESIANPOINT((64.29253612167265,392.2974434522921,329.9999996721981));
#5536=IFCCARTESIANPOINT((61.10074466918086,389.9244682294711,329.9999996721981));
#5538=IFCCARTESIANPOINT((57.11200009604212,383.2306288999825,329.9999996721981));
#5537=IFCCARTESIANPOINT((58.65159832855601,386.8319473332613,329.9999996721981));
#5539=IFCCARTESIANPOINT((56.54241547335872,379.038766279617,329.9999996721981));
#5540=IFCMATERIALLAYER(#297,120.,.U.);
#5541=IFCCALENDARDATE(1,8,2019);
#5542=IFCCLASSIFICATIONREFERENCE($,'\X2\041B043504410442043D043804460430\X0\',$,#3992);
#5543=IFCPROPERTYSET('3CpS7bOlaruYh2IPu_0hPM',#2,'Pset_StairCommon',$,(#5741,#5742,#5743,#5744));
#5545=IFCPROPERTYSET('2CUJfWiPrvRgePjh5TfBb9',#2,'AC_Pset_RenovationAndPhasing',$,(#5746));
#5547=IFCPROPERTYSET('0osIVmX0DfLvJETFxzOGyY',#2,'\X2\041E041F041804210410041D04180415\X0\ \X2\041B041504210422041D04180426042B\X0\ (\X2\0424043E0440043C0443043B0430\X0\)',$,(#5752,#5753,#5754,#5755,#5756,#5757,#5758,#5759));
#5544=IFCPROPERTYSET('2R0cNz$CaPlWWl2IbprycR',#2,'\X2\041E041F041804210410041D04180415\X0\ \X2\041F0420041E04140423041A04220410\X0\ (\X2\0424043E0440043C0443043B0430\X0\)',$,(#5745,#5747,#5748,#5749));
#5549=IFCMATERIALLAYER(#297,540.,.U.);
#5548=IFCELEMENTQUANTITY('1iDkp1kBy4FFPZsFZSxK2f',#2,'\X2\041E0411042904180415\X0\ \X2\04140410041D041D042B0415\X0\ \X2\041E\X0\ \X2\041F041E0412041504200425041D041E04210422042F0425\X0\ (\X2\0421043E043F043E0441044204300432043B0435043D04380435\X0\)',$,'Archicad BIM Quantities',(#5760,#5761));
#5546=IFCELEMENTQUANTITY('0JWqXoQUfUk9_s$AHy8Lj$',#2,'\X2\041E041F041804210410041D04180415\X0\ \X2\041B041504210422041D04180426042B\X0\ (\X2\0424043E0440043C0443043B0430\X0\)',$,'Archicad BIM Quantities',(#5750,#5751));
#5550=IFCCARTESIANPOINT((-500.,0.,-120.));
#5551=IFCCARTESIANPOINT((500.,0.,-120.));
#5552=IFCCARTESIANPOINT((500.,0.,0.));
#5553=IFCCARTESIANPOINT((-500.,0.,0.));
#5554=IFCCARTESIANPOINT((500.,269.9999999999995,-120.));
#5555=IFCCARTESIANPOINT((500.,269.9999999999995,0.));
#5558=IFCCARTESIANPOINT((-500.,0.,-120.));
#5556=IFCCARTESIANPOINT((-500.,269.9999999999995,-120.));
#5557=IFCCARTESIANPOINT((-500.,269.9999999999995,0.));
#5559=IFCCARTESIANPOINT((500.,0.,-120.));
#5561=IFCCARTESIANPOINT((-500.,0.,0.));
#5560=IFCCARTESIANPOINT((500.,0.,0.));
#5562=IFCCARTESIANPOINT((-500.,269.9999999999995,-120.));
#5563=IFCCARTESIANPOINT((500.,269.9999999999995,-120.));
#5565=IFCCARTESIANPOINT((-500.,0.,-120.));
#5564=IFCCARTESIANPOINT((500.,269.9999999999995,0.));
#5566=IFCCARTESIANPOINT((500.,0.,-120.));
#5567=IFCCARTESIANPOINT((500.,0.,0.));
#5568=IFCCARTESIANPOINT((-500.,0.,0.));
#5569=IFCCARTESIANPOINT((-500.,269.9999999999995,-120.));
#5570=IFCCARTESIANPOINT((500.,269.9999999999995,-120.));
#5571=IFCCARTESIANPOINT((-500.,269.9999999999995,0.));
#5572=IFCCARTESIANPOINT((500.,269.9999999999995,0.));
#5573=IFCCARTESIANPOINT((-500.,269.9999999999995,0.));
#5575=IFCCARTESIANPOINT((-500.,0.,-120.));
#5574=IFCMATERIALLAYER(#312,385.,.U.);
#5576=IFCCARTESIANPOINT((500.,0.,-120.));
#5578=IFCCARTESIANPOINT((-500.,0.,0.));
#5577=IFCCARTESIANPOINT((500.,0.,0.));
#5579=IFCCARTESIANPOINT((500.,269.9999999999995,-120.));
#5580=IFCCARTESIANPOINT((500.,269.9999999999995,0.));
#5581=IFCCARTESIANPOINT((-500.,269.9999999999995,-120.));
#5583=IFCCARTESIANPOINT((-500.,0.,-120.));
#5582=IFCCARTESIANPOINT((-500.,269.9999999999995,0.));
#5585=IFCCARTESIANPOINT((500.,0.,0.));
#5584=IFCCARTESIANPOINT((500.,0.,-120.));
#5586=IFCCARTESIANPOINT((-500.,0.,0.));
#5587=IFCCARTESIANPOINT((-500.,269.9999999999995,-120.));
#5589=IFCCARTESIANPOINT((500.,269.9999999999995,0.));
#5588=IFCCARTESIANPOINT((500.,269.9999999999995,-120.));
#5590=IFCCARTESIANPOINT((-500.,269.9999999999995,0.));
#5591=IFCCARTESIANPOINT((-500.,0.,-120.));
#5592=IFCCARTESIANPOINT((500.,0.,-120.));
#5593=IFCCARTESIANPOINT((500.,0.,0.));
#5594=IFCCARTESIANPOINT((-500.,0.,0.));
#5595=IFCCARTESIANPOINT((-500.,269.9999999999995,-120.));
#5597=IFCCARTESIANPOINT((500.,269.9999999999995,0.));
#5596=IFCCARTESIANPOINT((500.,269.9999999999995,-120.));
#5598=IFCCARTESIANPOINT((-500.,269.9999999999995,0.));
#5599=IFCCARTESIANPOINT((-500.,0.,-120.));
#5600=IFCCARTESIANPOINT((500.,0.,-120.));
#5601=IFCCARTESIANPOINT((500.,0.,0.));
#5602=IFCCARTESIANPOINT((-500.,0.,0.));
#5603=IFCCARTESIANPOINT((500.,269.9999999999995,-120.));
#5604=IFCCARTESIANPOINT((500.,269.9999999999995,0.));
#5606=IFCCARTESIANPOINT((-500.,269.9999999999995,0.));
#5605=IFCCARTESIANPOINT((-500.,269.9999999999995,-120.));
#5609=IFCCARTESIANPOINT((500.,0.,0.));
#5607=IFCCARTESIANPOINT((-500.,0.,-120.));
#5608=IFCCARTESIANPOINT((500.,0.,-120.));
#5610=IFCCARTESIANPOINT((-500.,0.,0.));
#5612=IFCCARTESIANPOINT((500.,269.9999999999995,-120.));
#5611=IFCCARTESIANPOINT((-500.,269.9999999999995,-120.));
#5613=IFCCARTESIANPOINT((500.,269.9999999999995,0.));
#5614=IFCCARTESIANPOINT((-500.,269.9999999999995,0.));
#5615=IFCCARTESIANPOINT((-500.,0.,-120.));
#5616=IFCCARTESIANPOINT((500.,0.,-120.));
#5617=IFCCARTESIANPOINT((-500.,269.9999999999995,-120.));
#5619=IFCCARTESIANPOINT((-500.,0.,0.));
#5620=IFCCARTESIANPOINT((500.,0.,0.));
#5618=IFCCARTESIANPOINT((500.,269.9999999999995,-120.));
#5621=IFCCARTESIANPOINT((500.,269.9999999999995,0.));
#5622=IFCCARTESIANPOINT((-500.,269.9999999999995,0.));
#5624=IFCCARTESIANPOINT((500.,0.,-120.));
#5625=IFCCARTESIANPOINT((500.,0.,0.));
#5623=IFCCARTESIANPOINT((-500.,0.,-120.));
#5628=IFCCARTESIANPOINT((-500.,0.,0.));
#5626=IFCCARTESIANPOINT((-500.,269.9999999999995,-120.));
#5627=IFCCARTESIANPOINT((500.,269.9999999999995,-120.));
#5629=IFCCARTESIANPOINT((500.,269.9999999999995,0.));
#5644=IFCCARTESIANPOINT((-500.,0.,0.));
#5643=IFCCARTESIANPOINT((500.,0.,0.));
#5642=IFCCARTESIANPOINT((500.,269.9999999999995,-120.));
#5640=IFCCARTESIANPOINT((-500.,269.9999999999995,-120.));
#5647=IFCCARTESIANPOINT((-500.,0.,-120.));
#5645=IFCCARTESIANPOINT((500.,269.9999999999995,0.));
#5646=IFCCARTESIANPOINT((-500.,269.9999999999995,0.));
#5641=IFCCARTESIANPOINT((500.,0.,-120.));
#5639=IFCCARTESIANPOINT((-500.,0.,-120.));
#5638=IFCCARTESIANPOINT((-500.,269.9999999999995,0.));
#5637=IFCCARTESIANPOINT((500.,269.9999999999995,0.));
#5636=IFCCARTESIANPOINT((500.,269.9999999999995,-120.));
#5635=IFCCARTESIANPOINT((-500.,269.9999999999995,-120.));
#5633=IFCCARTESIANPOINT((500.,0.,0.));
#5634=IFCCARTESIANPOINT((-500.,0.,0.));
#5632=IFCCARTESIANPOINT((500.,0.,-120.));
#5631=IFCCARTESIANPOINT((-500.,0.,-120.));
#5630=IFCCARTESIANPOINT((-500.,269.9999999999995,0.));
#5648=IFCCARTESIANPOINT((500.,0.,-120.));
#5650=IFCCARTESIANPOINT((-500.,0.,0.));
#5649=IFCCARTESIANPOINT((500.,0.,0.));
#5651=IFCCARTESIANPOINT((-500.,269.9999999999995,-120.));
#5652=IFCCARTESIANPOINT((500.,269.9999999999995,-120.));
#5654=IFCCARTESIANPOINT((500.,269.9999999999995,0.));
#5653=IFCCARTESIANPOINT((-500.,269.9999999999995,0.));
#5655=IFCCARTESIANPOINT((-500.,0.,-120.));
#5658=IFCCARTESIANPOINT((500.,0.,-120.));
#5656=IFCCARTESIANPOINT((-500.,269.9999999999995,-120.));
#5657=IFCCARTESIANPOINT((500.,269.9999999999995,-120.));
#5659=IFCCARTESIANPOINT((500.,0.,0.));
#5661=IFCCARTESIANPOINT((500.,269.9999999999995,0.));
#5660=IFCCARTESIANPOINT((-500.,0.,0.));
#5662=IFCCARTESIANPOINT((-500.,269.9999999999995,0.));
#5664=IFCCARTESIANPOINT((500.,0.,-120.));
#5665=IFCCARTESIANPOINT((500.,0.,0.));
#5663=IFCCARTESIANPOINT((-500.,0.,-120.));
#5666=IFCCARTESIANPOINT((-500.,0.,0.));
#5668=IFCCARTESIANPOINT((500.,269.9999999999995,-120.));
#5667=IFCCARTESIANPOINT((-500.,269.9999999999995,-120.));
#5669=IFCCARTESIANPOINT((500.,269.9999999999995,0.));
#5670=IFCCARTESIANPOINT((-500.,269.9999999999995,0.));
#5671=IFCCARTESIANPOINT((-500.,0.,-120.));
#5673=IFCCARTESIANPOINT((500.,0.,0.));
#5672=IFCCARTESIANPOINT((500.,0.,-120.));
#5674=IFCCARTESIANPOINT((-500.,0.,0.));
#5675=IFCCARTESIANPOINT((-500.,269.9999999999995,-120.));
#5676=IFCCARTESIANPOINT((500.,269.9999999999995,-120.));
#5677=IFCCARTESIANPOINT((500.,269.9999999999995,0.));
#5678=IFCCARTESIANPOINT((-500.,269.9999999999995,0.));
#5679=IFCCARTESIANPOINT((-500.,0.,-120.));
#5680=IFCCARTESIANPOINT((500.,0.,-120.));
#5681=IFCCARTESIANPOINT((500.,0.,0.));
#5682=IFCCARTESIANPOINT((-500.,0.,0.));
#5683=IFCCARTESIANPOINT((500.,269.9999999999995,-120.));
#5684=IFCCARTESIANPOINT((500.,269.9999999999995,0.));
#5685=IFCCARTESIANPOINT((-500.,269.9999999999995,-120.));
#5686=IFCCARTESIANPOINT((-500.,269.9999999999995,0.));
#5687=IFCCARTESIANPOINT((-500.,0.,-120.));
#5689=IFCCARTESIANPOINT((500.,0.,0.));
#5690=IFCCARTESIANPOINT((-500.,0.,0.));
#5688=IFCCARTESIANPOINT((500.,0.,-120.));
#5691=IFCCARTESIANPOINT((-500.,269.9999999999995,-120.));
#5692=IFCCARTESIANPOINT((500.,269.9999999999995,-120.));
#5693=IFCCARTESIANPOINT((500.,269.9999999999995,0.));
#5694=IFCCARTESIANPOINT((-500.,0.,-120.));
#5695=IFCCARTESIANPOINT((-500.,269.9999999999995,-120.));
#5697=IFCCARTESIANPOINT((500.,0.,-120.));
#5696=IFCCARTESIANPOINT((500.,269.9999999999995,-120.));
#5698=IFCCARTESIANPOINT((500.,0.,0.));
#5699=IFCCARTESIANPOINT((-500.,0.,0.));
#5700=IFCCARTESIANPOINT((-500.,269.9999999999995,0.));
#5701=IFCCARTESIANPOINT((500.,269.9999999999995,0.));
#5702=IFCCARTESIANPOINT((-500.,0.,-120.));
#5703=IFCCARTESIANPOINT((500.,0.,-120.));
#5704=IFCCARTESIANPOINT((500.,0.,0.));
#5705=IFCCARTESIANPOINT((-500.,0.,0.));
#5706=IFCCARTESIANPOINT((-500.,269.9999999999995,-120.));
#5708=IFCCARTESIANPOINT((500.,269.9999999999995,0.));
#5707=IFCCARTESIANPOINT((500.,269.9999999999995,-120.));
#5710=IFCCARTESIANPOINT((-500.,0.,-120.));
#5709=IFCCARTESIANPOINT((-500.,269.9999999999995,0.));
#5711=IFCCARTESIANPOINT((500.,0.,-120.));
#5713=IFCCARTESIANPOINT((-500.,0.,0.));
#5712=IFCCARTESIANPOINT((500.,0.,0.));
#5715=IFCCARTESIANPOINT((500.,269.9999999999995,-120.));
#5714=IFCCARTESIANPOINT((-500.,269.9999999999995,-120.));
#5716=IFCCARTESIANPOINT((500.,269.9999999999995,0.));
#5718=IFCMATERIALLAYER(#297,80.,.U.);
#5717=IFCCARTESIANPOINT((-500.,269.9999999999995,0.));
#5719=IFCCARTESIANPOINT((-500.,269.9999999999995,0.));
#5720=IFCCOLOURRGB($,1.,1.,1.);
#5721=IFCMATERIALLAYER(#405,500.,.U.);
#5722=IFCCARTESIANPOINT((-999.0354868061888,120.0000000000001,-269.3676069153776));
#5723=IFCCARTESIANPOINT((-540.,120.,-265.));
#5724=IFCCARTESIANPOINT((-540.0000000000005,978.9999999999985,-265.));
#5725=IFCCARTESIANPOINT((-4284.964513193811,978.9999999999983,-300.6323930846224));
#5726=IFCCARTESIANPOINT((-540.,120.,-385.));
#5727=IFCCARTESIANPOINT((-540.0000000000005,978.9999999999985,-385.));
#5728=IFCCARTESIANPOINT((-4744.,978.9999999999982,-385.));
#5729=IFCCARTESIANPOINT((-4744.,978.9999999999983,-305.));
#5731=IFCCARTESIANPOINT((-4744.,120.0000000000003,-385.));
#5732=IFCCIRCLE(#5762,12.5);
#5730=IFCCARTESIANPOINT((-4744.,120.0000000000003,-305.));
#5735=IFCCARTESIANPOINT((12.5,0.));
#5733=IFCCARTESIANPOINT((0.,-12.5));
#5736=IFCCARTESIANPOINT((-12.5,0.));
#5737=IFCCIRCLE(#5764,12.5);
#5734=IFCCIRCLE(#5763,12.5);
#5738=IFCCARTESIANPOINT((0.,12.5));
#5739=IFCCIRCLE(#5765,12.5);
#5740=IFCCOLOURRGB($,0.2963607232776379,0.3074082551308461,0.3316090638590066);
#5742=IFCPROPERTYSINGLEVALUE('NumberOfTreads',$,IFCCOUNTMEASURE(21.),$);
#5741=IFCPROPERTYSINGLEVALUE('NumberOfRiser',$,IFCCOUNTMEASURE(21.),$);
#5743=IFCPROPERTYSINGLEVALUE('RiserHeight',$,IFCPOSITIVELENGTHMEASURE(184.9764585552578),$);
#5744=IFCPROPERTYSINGLEVALUE('RequiredHeadroom',$,IFCPOSITIVELENGTHMEASURE(2200.),$);
#5746=IFCPROPERTYSINGLEVALUE('Renovation Status',$,IFCLABEL('Existing'),$);
#5747=IFCPROPERTYSINGLEVALUE('\X2\041F043E0434044D043B0435043C0435043D0442044B\X0\ \X2\041B043504410442043D04380446044B\X0\- \X2\0426043804440440043E0432044B0435\X0\ ID',$,IFCLABEL('001'),$);
#5745=IFCPROPERTYSINGLEVALUE('\X2\04140438043D0430043C0438044704350441043A04380439\X0\ ID \X2\043F043E\X0\ \X2\041A043B043004410441043804440438043A0430044604380438\X0\',$,IFCLABEL('\X2\041B043504410442043D043804460430\X0\ -001'),$);
#5748=IFCPROPERTYSINGLEVALUE('ID \X2\041A043B043004410441043804440438043A0430044604380438\X0\',$,IFCLABEL('\X2\041B043504410442043D043804460430\X0\'),$);
#5751=IFCQUANTITYLENGTH('\X2\0424043E0440043C0443043B0430\X0\ \X2\041F043E0434044104420443043F0435043D043E043A\X0\ + \X2\041F0440043E044104420443043F044C\X0\',$,$,454.9764585552578);
#5749=IFCPROPERTYSINGLEVALUE('\X2\041D04300438043C0435043D043E04320430043D04380435\X0\ \X2\041A043B043004410441043804440438043A0430044604380438\X0\',$,IFCLABEL('\X2\041B043504410442043D043804460430\X0\'),$);
#5750=IFCQUANTITYLENGTH('\X2\0424043E0440043C0443043B0430\X0\ 2 \X2\041F043E0434044104420443043F0435043D043A0430\X0\ + \X2\041F0440043E044104420443043F044C\X0\',$,$,639.9529171105156);
#5753=IFCPROPERTYSINGLEVALUE('\X2\041E0431043E0437043D043004470435043D04380435\X0\ \X2\0412044B0441043E0442044B\X0\ \X2\041F043E0434044104420443043F0435043D043A0430\X0\',$,IFCLABEL('\X2\0412041F\X0\'),$);
#5754=IFCPROPERTYSINGLEVALUE('\X2\041E0431043E0437043D043004470435043D04380435\X0\ \X2\0413043B044304310438043D044B\X0\ \X2\041F0440043E044104420443043F0438\X0\',$,IFCLABEL('\X2\0413041F\X0\'),$);
#5752=IFCPROPERTYSINGLEVALUE('\X2\041E0431043E0437043D043004470435043D04380435\X0\ \X2\0428043804400438043D044B\X0\ \X2\041B043504410442043D04380446044B\X0\',$,IFCLABEL('\X2\0428\X0\'),$);
#5757=IFCPROPERTYSINGLEVALUE('\X2\0424043E0440043C0443043B0430\X0\ \X2\041F043E0434044104420443043F0435043D043E043A\X0\ / \X2\041F0440043E044104420443043F044C\X0\',$,IFCREAL(0.6850979946491028),$);
#5755=IFCPROPERTYSINGLEVALUE('\X2\041E0431043E0437043D043004470435043D04380435\X0\ \X2\041A043E043B0438044704350441044204320430\X0\ \X2\041F043E0434044104420443043F0435043D043A043E0432\X0\',$,IFCLABEL('\X2\041A043E043B\X0\-\X2\0432043E\X0\ \X2\041F\X0\'),$);
#5756=IFCPROPERTYSINGLEVALUE('\X2\0420043504370443043B044C044204300442\X0\ 2 \X2\041F043E0434044104420443043F0435043D043A0430\X0\ + \X2\041F0440043E044104420443043F044C\X0\',$,IFCLABEL('2 x 185 ( \X2\0412041F\X0\ ) + 270 ( \X2\0413041F\X0\ )  = 640'),$);
#5759=IFCPROPERTYSINGLEVALUE('\X2\0420043504370443043B044C044204300442\X0\ \X2\041F043E0434044104420443043F0435043D043E043A\X0\ + \X2\041F0440043E044104420443043F044C\X0\',$,IFCLABEL('185 ( \X2\0412041F\X0\ )  + 270 ( \X2\0413041F\X0\ )  = 640'),$);
#5758=IFCPROPERTYSINGLEVALUE('\X2\0420043504370443043B044C044204300442\X0\ \X2\041F043E0434044104420443043F0435043D043E043A\X0\ / \X2\041F0440043E044104420443043F044C\X0\',$,IFCLABEL('185 ( \X2\0412041F\X0\ )  / 270 ( \X2\0413041F\X0\ )  = 0,69'),$);
#5760=IFCQUANTITYAREA('\X2\041F043B043E044904300434044C\X0\ \X2\0412043504400445043D04350439\X0\ \X2\041F043E0432043504400445043D043E044104420438\X0\ (\X2\041E043104490430044F\X0\)',$,$,5.669999906216474);
#5761=IFCQUANTITYAREA('\X2\041F043B043E044904300434044C\X0\ \X2\041D04380436043D04350439\X0\ \X2\041F043E0432043504400445043D043E044104420438\X0\ (\X2\041E043104490430044F\X0\)',$,$,5.669999906216474);
#5762=IFCAXIS2PLACEMENT2D(#5766,#5767);
#5763=IFCAXIS2PLACEMENT2D(#5768,#5769);
#5764=IFCAXIS2PLACEMENT2D(#5770,#5771);
#5766=IFCCARTESIANPOINT((0.,0.));
#5765=IFCAXIS2PLACEMENT2D(#5772,#5773);
#5768=IFCCARTESIANPOINT((0.,0.));
#5767=IFCDIRECTION((0.,-1.));
#5770=IFCCARTESIANPOINT((0.,0.));
#5771=IFCDIRECTION((1.,0.));
#5772=IFCCARTESIANPOINT((0.,0.));
#5773=IFCDIRECTION((0.,1.));
#5769=IFCDIRECTION((-1.,0.));
ENDSEC;
END-ISO-10303-21;
